BestelNummer;BestelDatum;LeverancierNummer;ArtikelNummer;BestelAantal;BestelPrijs;FactuurPrijs;OntvangstDatum;FactuurDatum;FactuurNummer;BetaalDatum
4111;2023-11-24 00:00:00,000;"L003";"S10049";120;404;404;2023-11-27 00:00:00,000;2023-12-04 00:00:00,000;4114;2024-01-04 00:00:00,000
4129;2023-11-27 00:00:00,000;"L003";"S10049";20;376;376;2023-11-28 00:00:00,000;2023-12-04 00:00:00,000;4122;2024-01-04 00:00:00,000
4155;2023-11-28 00:00:00,000;"L003";"S10049";155;389;389;2023-11-29 00:00:00,000;2023-12-04 00:00:00,000;4129;2024-01-04 00:00:00,000
4172;2023-11-29 00:00:00,000;"L003";"S10049";285;372;372;2023-12-04 00:00:00,000;2023-12-08 00:00:00,000;4190;2024-01-04 00:00:00,000
4190;2023-11-30 00:00:00,000;"L003";"S10049";230;373;373;2023-12-04 00:00:00,000;2023-12-08 00:00:00,000;4196;2024-01-04 00:00:00,000
4218;2023-12-01 00:00:00,000;"L003";"S10049";160;404;404;2023-12-05 00:00:00,000;2023-12-11 00:00:00,000;4221;2024-01-11 00:00:00,000
4235;2023-12-04 00:00:00,000;"L003";"S10049";55;386;386;2023-12-05 00:00:00,000;2023-12-08 00:00:00,000;4203;2024-01-04 00:00:00,000
4253;2023-12-05 00:00:00,000;"L003";"S10049";130;39;39;2023-12-11 00:00:00,000;2023-12-12 00:00:00,000;4242;2024-01-11 00:00:00,000
4278;2023-12-06 00:00:00,000;"L003";"S10049";20;387;387;2023-12-11 00:00:00,000;2023-12-13 00:00:00,000;4263;2024-01-11 00:00:00,000
4286;2023-12-07 00:00:00,000;"L003";"S10049";25;377;377;2023-12-11 00:00:00,000;2023-12-14 00:00:00,000;4275;2024-01-11 00:00:00,000
4313;2023-12-11 00:00:00,000;"L003";"S10049";75;391;391;2023-12-14 00:00:00,000;2023-12-20 00:00:00,000;4330;2024-01-18 00:00:00,000
4331;2023-12-12 00:00:00,000;"L003";"S10049";55;384;384;2023-12-14 00:00:00,000;2023-12-21 00:00:00,000;4337;2024-01-18 00:00:00,000
4343;2023-12-13 00:00:00,000;"L003";"S10049";40;376;376;2023-12-15 00:00:00,000;2023-12-21 00:00:00,000;4340;2024-01-18 00:00:00,000
4360;2023-12-14 00:00:00,000;"L003";"S10049";15;386;386;2023-12-18 00:00:00,000;2023-12-27 00:00:00,000;4370;2024-01-25 00:00:00,000
4395;2023-12-18 00:00:00,000;"L003";"S10049";285;361;361;2023-12-22 00:00:00,000;2023-12-28 00:00:00,000;4423;2024-01-25 00:00:00,000
4413;2023-12-19 00:00:00,000;"L003";"S10049";165;377;377;2023-12-27 00:00:00,000;2023-12-28 00:00:00,000;4429;2024-01-25 00:00:00,000
4433;2023-12-20 00:00:00,000;"L003";"S10049";15;361;361;2023-12-27 00:00:00,000;2024-01-02 00:00:00,000;4452;2024-02-01 00:00:00,000
4456;2023-12-21 00:00:00,000;"L003";"S10049";130;366;366;2023-12-27 00:00:00,000;2024-01-02 00:00:00,000;4459;2024-02-01 00:00:00,000
4486;2023-12-27 00:00:00,000;"L003";"S10049";95;371;371;2023-12-29 00:00:00,000;2024-01-04 00:00:00,000;4489;2024-02-01 00:00:00,000
4516;2023-12-29 00:00:00,000;"L003";"S10049";70;371;371;2024-01-02 00:00:00,000;2024-01-08 00:00:00,000;4514;2024-02-08 00:00:00,000
4533;2024-01-02 00:00:00,000;"L003";"S10049";155;413;413;2024-01-05 00:00:00,000;2024-01-10 00:00:00,000;4543;2024-02-08 00:00:00,000
4543;2024-01-03 00:00:00,000;"L003";"S10049";20;388;388;2024-01-08 00:00:00,000;2024-01-12 00:00:00,000;4563;2024-02-08 00:00:00,000
4566;2024-01-04 00:00:00,000;"L003";"S10049";85;428;428;2024-01-08 00:00:00,000;2024-01-12 00:00:00,000;4567;2024-02-08 00:00:00,000
4590;2024-01-08 00:00:00,000;"L003";"S10049";65;392;392;2024-01-09 00:00:00,000;2024-01-12 00:00:00,000;4575;2024-02-08 00:00:00,000
4615;2024-01-09 00:00:00,000;"L003";"S10049";250;389;389;2024-01-11 00:00:00,000;2024-01-17 00:00:00,000;4620;2024-02-15 00:00:00,000
4645;2024-01-10 00:00:00,000;"L003";"S10049";220;394;394;2024-01-15 00:00:00,000;2024-01-17 00:00:00,000;4625;2024-02-15 00:00:00,000
4664;2024-01-11 00:00:00,000;"L003";"S10049";45;341;341;2024-01-15 00:00:00,000;2024-01-18 00:00:00,000;4641;2024-02-15 00:00:00,000
4682;2024-01-12 00:00:00,000;"L003";"S10049";15;347;347;2024-01-15 00:00:00,000;2024-01-18 00:00:00,000;4647;2024-02-15 00:00:00,000
4702;2024-01-15 00:00:00,000;"L003";"S10049";320;398;398;2024-01-17 00:00:00,000;2024-01-22 00:00:00,000;4692;2024-02-22 00:00:00,000
4716;2024-01-16 00:00:00,000;"L003";"S10049";20;39;39;2024-01-17 00:00:00,000;2024-01-24 00:00:00,000;4716;2024-02-22 00:00:00,000
4748;2024-01-19 00:00:00,000;"L003";"S10049";180;387;387;2024-01-22 00:00:00,000;2024-01-24 00:00:00,000;4722;2024-02-22 00:00:00,000
4771;2024-01-22 00:00:00,000;"L003";"S10049";195;427;427;2024-01-23 00:00:00,000;2024-01-25 00:00:00,000;4730;2024-02-22 00:00:00,000
4790;2024-01-23 00:00:00,000;"L003";"S10049";155;353;353;2024-01-25 00:00:00,000;2024-01-29 00:00:00,000;4769;2024-02-29 00:00:00,000
4811;2024-01-24 00:00:00,000;"L003";"S10049";145;349;349;2024-01-26 00:00:00,000;2024-02-01 00:00:00,000;4804;2024-02-29 00:00:00,000
4824;2024-01-25 00:00:00,000;"L003";"S10049";15;372;372;2024-01-26 00:00:00,000;2024-01-30 00:00:00,000;4787;2024-02-29 00:00:00,000
4863;2024-01-29 00:00:00,000;"L003";"S10049";445;334;334;2024-01-30 00:00:00,000;2024-02-05 00:00:00,000;4850;2024-03-07 00:00:00,000
4875;2024-01-30 00:00:00,000;"L003";"S10049";165;391;391;2024-02-02 00:00:00,000;2024-02-08 00:00:00,000;4885;2024-03-07 00:00:00,000
4889;2024-01-31 00:00:00,000;"L003";"S10049";80;394;394;2024-02-05 00:00:00,000;2024-02-09 00:00:00,000;4902;2024-03-07 00:00:00,000
4902;2024-02-01 00:00:00,000;"L003";"S10049";195;371;371;2024-02-05 00:00:00,000;2024-02-09 00:00:00,000;4905;2024-03-07 00:00:00,000
4912;2024-02-02 00:00:00,000;"L003";"S10049";25;392;392;2024-02-06 00:00:00,000;2024-02-12 00:00:00,000;4914;2024-03-14 00:00:00,000
4935;2024-02-05 00:00:00,000;"L003";"S10049";135;392;392;2024-02-07 00:00:00,000;2024-02-12 00:00:00,000;4927;2024-03-14 00:00:00,000
4947;2024-02-06 00:00:00,000;"L003";"S10049";10;427;427;2024-02-07 00:00:00,000;2024-02-12 00:00:00,000;4932;2024-03-14 00:00:00,000
4966;2024-02-07 00:00:00,000;"L003";"S10049";255;424;424;2024-02-12 00:00:00,000;2024-02-19 00:00:00,000;4987;2024-03-21 00:00:00,000
4985;2024-02-08 00:00:00,000;"L003";"S10049";130;37;37;2024-02-12 00:00:00,000;2024-02-14 00:00:00,000;4963;2024-03-14 00:00:00,000
4994;2024-02-09 00:00:00,000;"L003";"S10049";35;327;327;2024-02-13 00:00:00,000;2024-02-16 00:00:00,000;4979;2024-03-14 00:00:00,000
5021;2024-02-12 00:00:00,000;"L003";"S10049";305;398;398;2024-02-14 00:00:00,000;2024-02-21 00:00:00,000;5039;2024-03-21 00:00:00,000
5041;2024-02-13 00:00:00,000;"L003";"S10049";125;373;373;2024-02-14 00:00:00,000;2024-02-20 00:00:00,000;5031;2024-03-21 00:00:00,000
5060;2024-02-14 00:00:00,000;"L003";"S10049";115;372;372;2024-02-15 00:00:00,000;2024-02-19 00:00:00,000;5018;2024-03-21 00:00:00,000
5076;2024-02-16 00:00:00,000;"L003";"S10049";75;344;344;2024-02-19 00:00:00,000;2024-02-26 00:00:00,000;5078;2024-03-28 00:00:00,000
5100;2024-02-19 00:00:00,000;"L003";"S10049";165;388;388;2024-02-20 00:00:00,000;2024-02-27 00:00:00,000;5113;2024-03-28 00:00:00,000
5128;2024-02-20 00:00:00,000;"L003";"S10049";60;408;408;2024-02-26 00:00:00,000;2024-03-01 00:00:00,000;5164;2024-03-28 00:00:00,000
5158;2024-02-21 00:00:00,000;"L003";"S10049";380;34;34;2024-02-26 00:00:00,000;2024-03-01 00:00:00,000;5167;2024-03-28 00:00:00,000
5174;2024-02-22 00:00:00,000;"L003";"S10049";220;404;404;2024-02-26 00:00:00,000;2024-03-04 00:00:00,000;5179;2024-04-04 00:00:00,000
5195;2024-02-26 00:00:00,000;"L003";"S10049";175;394;394;2024-02-28 00:00:00,000;2024-03-04 00:00:00,000;5188;2024-04-04 00:00:00,000
5208;2024-02-27 00:00:00,000;"L003";"S10049";50;416;416;2024-02-29 00:00:00,000;2024-03-04 00:00:00,000;5191;2024-04-04 00:00:00,000
5232;2024-02-28 00:00:00,000;"L003";"S10049";410;392;392;2024-03-01 00:00:00,000;2024-03-05 00:00:00,000;5208;2024-04-04 00:00:00,000
5251;2024-02-29 00:00:00,000;"L003";"S10049";335;42;42;2024-03-01 00:00:00,000;2024-03-06 00:00:00,000;5225;2024-04-04 00:00:00,000
5272;2024-03-01 00:00:00,000;"L003";"S10049";95;339;339;2024-03-04 00:00:00,000;2024-03-08 00:00:00,000;5257;2024-04-04 00:00:00,000
5292;2024-03-04 00:00:00,000;"L003";"S10049";115;368;368;2024-03-11 00:00:00,000;2024-03-18 00:00:00,000;5329;2024-04-18 00:00:00,000
5301;2024-03-05 00:00:00,000;"L003";"S10049";120;374;374;2024-03-06 00:00:00,000;2024-03-13 00:00:00,000;5308;2024-04-11 00:00:00,000
5328;2024-03-07 00:00:00,000;"L003";"S10049";35;388;388;2024-03-08 00:00:00,000;2024-03-13 00:00:00,000;5312;2024-04-11 00:00:00,000
5359;2024-03-11 00:00:00,000;"L003";"S10049";75;414;414;2024-03-12 00:00:00,000;2024-03-18 00:00:00,000;5349;2024-04-18 00:00:00,000
5379;2024-03-12 00:00:00,000;"L003";"S10049";90;391;391;2024-03-15 00:00:00,000;2024-03-18 00:00:00,000;5352;2024-04-18 00:00:00,000
5404;2024-03-13 00:00:00,000;"L003";"S10049";435;394;394;2024-03-18 00:00:00,000;2024-03-25 00:00:00,000;5435;2024-04-25 00:00:00,000
5425;2024-03-14 00:00:00,000;"L003";"S10049";115;353;353;2024-03-18 00:00:00,000;2024-03-25 00:00:00,000;5441;2024-04-25 00:00:00,000
5444;2024-03-15 00:00:00,000;"L003";"S10049";30;373;373;2024-03-18 00:00:00,000;2024-03-22 00:00:00,000;5428;2024-04-18 00:00:00,000
5463;2024-03-18 00:00:00,000;"L003";"S10049";40;35;35;2024-03-21 00:00:00,000;2024-03-27 00:00:00,000;5480;2024-04-25 00:00:00,000
5475;2024-03-19 00:00:00,000;"L003";"S10049";55;36;36;2024-03-22 00:00:00,000;2024-03-27 00:00:00,000;5485;2024-04-25 00:00:00,000
5500;2024-03-20 00:00:00,000;"L003";"S10049";340;387;387;2024-03-22 00:00:00,000;2024-03-28 00:00:00,000;5503;2024-04-25 00:00:00,000
5514;2024-03-21 00:00:00,000;"L003";"S10049";10;394;394;2024-03-25 00:00:00,000;2024-03-28 00:00:00,000;5504;2024-04-25 00:00:00,000
5533;2024-03-22 00:00:00,000;"L003";"S10049";205;39;39;2024-03-25 00:00:00,000;2024-03-28 00:00:00,000;5508;2024-04-25 00:00:00,000
5557;2024-03-25 00:00:00,000;"L003";"S10049";155;405;405;2024-03-29 00:00:00,000;2024-04-04 00:00:00,000;5600;2024-05-02 00:00:00,000
5569;2024-03-26 00:00:00,000;"L003";"S10049";70;373;373;2024-03-27 00:00:00,000;2024-04-02 00:00:00,000;5564;2024-05-02 00:00:00,000
5592;2024-03-27 00:00:00,000;"L003";"S10049";105;403;403;2024-03-28 00:00:00,000;2024-04-02 00:00:00,000;5571;2024-05-02 00:00:00,000
5621;2024-03-28 00:00:00,000;"L003";"S10049";350;393;393;2024-04-02 00:00:00,000;2024-04-04 00:00:00,000;5609;2024-05-02 00:00:00,000
5653;2024-03-29 00:00:00,000;"L003";"S10049";365;361;361;2024-04-02 00:00:00,000;2024-04-08 00:00:00,000;5652;2024-05-16 00:00:00,000
5667;2024-04-02 00:00:00,000;"L003";"S10049";165;394;394;2024-04-04 00:00:00,000;2024-04-09 00:00:00,000;5666;2024-05-16 00:00:00,000
5676;2024-04-03 00:00:00,000;"L003";"S10049";45;422;422;2024-04-05 00:00:00,000;2024-04-08 00:00:00,000;5659;2024-05-16 00:00:00,000
5701;2024-04-05 00:00:00,000;"L003";"S10049";30;338;338;2024-04-09 00:00:00,000;2024-04-15 00:00:00,000;5700;2024-05-16 00:00:00,000
5713;2024-04-08 00:00:00,000;"L003";"S10049";125;415;415;2024-04-10 00:00:00,000;2024-04-15 00:00:00,000;5705;2024-05-16 00:00:00,000
5737;2024-04-09 00:00:00,000;"L003";"S10049";150;394;394;2024-04-10 00:00:00,000;2024-04-15 00:00:00,000;5717;2024-05-16 00:00:00,000
5760;2024-04-10 00:00:00,000;"L003";"S10049";175;407;407;2024-04-15 00:00:00,000;2024-04-19 00:00:00,000;5772;2024-05-16 00:00:00,000
5782;2024-04-11 00:00:00,000;"L003";"S10049";195;367;367;2024-04-15 00:00:00,000;2024-04-18 00:00:00,000;5767;2024-05-16 00:00:00,000
5802;2024-04-12 00:00:00,000;"L003";"S10049";150;394;394;2024-04-15 00:00:00,000;2024-04-19 00:00:00,000;5782;2024-05-16 00:00:00,000
5816;2024-04-15 00:00:00,000;"L003";"S10049";50;4;4;2024-04-22 00:00:00,000;2024-04-25 00:00:00,000;5834;2024-05-23 00:00:00,000
5827;2024-04-16 00:00:00,000;"L003";"S10049";95;412;412;2024-04-17 00:00:00,000;2024-04-22 00:00:00,000;5811;2024-05-23 00:00:00,000
5837;2024-04-17 00:00:00,000;"L003";"S10049";15;37;37;2024-04-18 00:00:00,000;2024-04-23 00:00:00,000;5819;2024-05-23 00:00:00,000
5853;2024-04-18 00:00:00,000;"L003";"S10049";75;388;388;2024-04-19 00:00:00,000;2024-04-22 00:00:00,000;5815;2024-05-23 00:00:00,000
5898;2024-04-22 00:00:00,000;"L003";"S10049";450;373;373;2024-04-25 00:00:00,000;2024-05-02 00:00:00,000;5927;2024-05-30 00:00:00,000
5912;2024-04-23 00:00:00,000;"L003";"S10049";80;352;352;2024-04-26 00:00:00,000;2024-05-01 00:00:00,000;5915;2024-05-30 00:00:00,000
5934;2024-04-24 00:00:00,000;"L003";"S10049";375;396;396;2024-04-25 00:00:00,000;2024-05-02 00:00:00,000;5937;2024-05-30 00:00:00,000
5964;2024-04-25 00:00:00,000;"L003";"S10049";165;365;365;2024-04-26 00:00:00,000;2024-05-01 00:00:00,000;5923;2024-05-30 00:00:00,000
5996;2024-04-29 00:00:00,000;"L003";"S10049";175;358;358;2024-05-02 00:00:00,000;2024-05-06 00:00:00,000;5985;2024-06-06 00:00:00,000
6008;2024-04-30 00:00:00,000;"L003";"S10049";180;405;405;2024-05-02 00:00:00,000;2024-05-10 00:00:00,000;6031;2024-06-06 00:00:00,000
6027;2024-05-01 00:00:00,000;"L003";"S10049";190;411;411;2024-05-06 00:00:00,000;2024-05-08 00:00:00,000;6014;2024-06-06 00:00:00,000
6055;2024-05-02 00:00:00,000;"L003";"S10049";235;392;392;2024-05-07 00:00:00,000;2024-05-13 00:00:00,000;6060;2024-06-13 00:00:00,000
6061;2024-05-03 00:00:00,000;"L003";"S10049";35;373;373;2024-05-06 00:00:00,000;2024-05-10 00:00:00,000;6048;2024-06-06 00:00:00,000
6082;2024-05-07 00:00:00,000;"L003";"S10049";35;391;391;2024-05-08 00:00:00,000;2024-05-14 00:00:00,000;6077;2024-06-13 00:00:00,000
6100;2024-05-08 00:00:00,000;"L003";"S10049";200;329;329;2024-05-10 00:00:00,000;2024-05-14 00:00:00,000;6078;2024-06-13 00:00:00,000
6126;2024-05-10 00:00:00,000;"L003";"S10049";360;398;398;2024-05-13 00:00:00,000;2024-05-17 00:00:00,000;6112;2024-06-13 00:00:00,000
6145;2024-05-13 00:00:00,000;"L003";"S10049";110;388;388;2024-05-16 00:00:00,000;2024-05-21 00:00:00,000;6142;2024-06-20 00:00:00,000
6165;2024-05-14 00:00:00,000;"L003";"S10049";110;404;404;2024-05-17 00:00:00,000;2024-05-22 00:00:00,000;6167;2024-06-20 00:00:00,000
6181;2024-05-15 00:00:00,000;"L003";"S10049";70;418;418;2024-05-16 00:00:00,000;2024-05-21 00:00:00,000;6157;2024-06-20 00:00:00,000
6208;2024-05-17 00:00:00,000;"L003";"S10049";30;351;351;2024-05-21 00:00:00,000;2024-05-27 00:00:00,000;6209;2024-06-27 00:00:00,000
6226;2024-05-21 00:00:00,000;"L003";"S10049";250;406;406;2024-05-27 00:00:00,000;2024-05-28 00:00:00,000;6220;2024-06-27 00:00:00,000
6235;2024-05-22 00:00:00,000;"L003";"S10049";30;372;372;2024-05-24 00:00:00,000;2024-05-27 00:00:00,000;6217;2024-06-27 00:00:00,000
6262;2024-05-23 00:00:00,000;"L003";"S10049";265;436;436;2024-05-27 00:00:00,000;2024-06-03 00:00:00,000;6281;2024-07-04 00:00:00,000
6285;2024-05-24 00:00:00,000;"L003";"S10049";330;37;37;2024-05-28 00:00:00,000;2024-05-30 00:00:00,000;6257;2024-06-27 00:00:00,000
6307;2024-05-27 00:00:00,000;"L003";"S10049";80;401;401;2024-05-29 00:00:00,000;2024-06-03 00:00:00,000;6299;2024-07-04 00:00:00,000
6328;2024-05-28 00:00:00,000;"L003";"S10049";245;355;355;2024-05-29 00:00:00,000;2024-06-04 00:00:00,000;6317;2024-07-04 00:00:00,000
6362;2024-05-30 00:00:00,000;"L003";"S10049";55;404;404;2024-06-03 00:00:00,000;2024-06-05 00:00:00,000;6338;2024-07-04 00:00:00,000
6395;2024-06-04 00:00:00,000;"L003";"S10049";175;356;356;2024-06-06 00:00:00,000;2024-06-10 00:00:00,000;6380;2024-07-11 00:00:00,000
6413;2024-06-05 00:00:00,000;"L003";"S10049";50;411;411;2024-06-06 00:00:00,000;2024-06-10 00:00:00,000;6385;2024-07-11 00:00:00,000
6445;2024-06-10 00:00:00,000;"L003";"S10049";90;369;369;2024-06-12 00:00:00,000;2024-06-17 00:00:00,000;6438;2024-07-18 00:00:00,000
6486;2024-06-12 00:00:00,000;"L003";"S10049";545;358;358;2024-06-13 00:00:00,000;2024-06-17 00:00:00,000;6448;2024-07-18 00:00:00,000
6497;2024-06-13 00:00:00,000;"L003";"S10049";15;35;35;2024-06-14 00:00:00,000;2024-06-20 00:00:00,000;6492;2024-07-18 00:00:00,000
6528;2024-06-14 00:00:00,000;"L003";"S10049";390;39;39;2024-06-17 00:00:00,000;2024-06-24 00:00:00,000;6528;2024-07-25 00:00:00,000
6547;2024-06-17 00:00:00,000;"L003";"S10049";100;374;374;2024-06-19 00:00:00,000;2024-06-24 00:00:00,000;6538;2024-07-25 00:00:00,000
6562;2024-06-18 00:00:00,000;"L003";"S10049";115;404;404;2024-06-20 00:00:00,000;2024-06-24 00:00:00,000;6545;2024-07-25 00:00:00,000
6590;2024-06-19 00:00:00,000;"L003";"S10049";165;374;374;2024-06-21 00:00:00,000;2024-06-26 00:00:00,000;6580;2024-07-25 00:00:00,000
6608;2024-06-20 00:00:00,000;"L003";"S10049";85;416;416;2024-06-21 00:00:00,000;2024-06-27 00:00:00,000;6596;2024-07-25 00:00:00,000
6636;2024-06-21 00:00:00,000;"L003";"S10049";200;366;366;2024-06-24 00:00:00,000;2024-06-27 00:00:00,000;6603;2024-07-25 00:00:00,000
6653;2024-06-24 00:00:00,000;"L003";"S10049";145;404;404;2024-06-28 00:00:00,000;2024-07-01 00:00:00,000;6643;2024-08-01 00:00:00,000
6674;2024-06-25 00:00:00,000;"L003";"S10049";275;391;391;2024-06-28 00:00:00,000;2024-07-05 00:00:00,000;6704;2024-08-01 00:00:00,000
6697;2024-06-26 00:00:00,000;"L003";"S10049";445;352;352;2024-06-28 00:00:00,000;2024-07-02 00:00:00,000;6667;2024-08-01 00:00:00,000
6730;2024-06-28 00:00:00,000;"L003";"S10049";105;334;334;2024-07-01 00:00:00,000;2024-07-05 00:00:00,000;6716;2024-08-01 00:00:00,000
6770;2024-07-01 00:00:00,000;"L003";"S10049";2150;399;399;2024-07-05 00:00:00,000;2024-07-11 00:00:00,000;6780;2024-08-08 00:00:00,000
6777;2024-07-02 00:00:00,000;"L003";"S10049";15;402;402;2024-07-08 00:00:00,000;2024-07-12 00:00:00,000;6796;2024-08-08 00:00:00,000
6789;2024-07-03 00:00:00,000;"L003";"S10049";100;365;365;2024-07-04 00:00:00,000;2024-07-08 00:00:00,000;6756;2024-08-08 00:00:00,000
6803;2024-07-04 00:00:00,000;"L003";"S10049";45;409;409;2024-07-08 00:00:00,000;2024-07-11 00:00:00,000;6790;2024-08-08 00:00:00,000
6827;2024-07-08 00:00:00,000;"L003";"S10049";45;364;364;2024-07-12 00:00:00,000;2024-07-16 00:00:00,000;6843;2024-08-15 00:00:00,000
6850;2024-07-09 00:00:00,000;"L003";"S10049";230;4;4;2024-07-10 00:00:00,000;2024-07-15 00:00:00,000;6829;2024-08-15 00:00:00,000
6866;2024-07-10 00:00:00,000;"L003";"S10049";170;354;354;2024-07-15 00:00:00,000;2024-07-19 00:00:00,000;6878;2024-08-15 00:00:00,000
6892;2024-07-11 00:00:00,000;"L003";"S10049";285;351;351;2024-07-15 00:00:00,000;2024-07-19 00:00:00,000;6887;2024-08-15 00:00:00,000
6922;2024-07-12 00:00:00,000;"L003";"S10049";260;387;387;2024-07-15 00:00:00,000;2024-07-19 00:00:00,000;6893;2024-08-15 00:00:00,000
6952;2024-07-15 00:00:00,000;"L003";"S10049";210;359;359;2024-07-17 00:00:00,000;2024-07-22 00:00:00,000;6934;2024-08-22 00:00:00,000
6981;2024-07-16 00:00:00,000;"L003";"S10049";195;387;387;2024-07-17 00:00:00,000;2024-07-24 00:00:00,000;6978;2024-08-22 00:00:00,000
7019;2024-07-18 00:00:00,000;"L003";"S10049";175;403;403;2024-07-22 00:00:00,000;2024-07-24 00:00:00,000;6984;2024-08-22 00:00:00,000
7038;2024-07-19 00:00:00,000;"L003";"S10049";195;397;397;2024-07-24 00:00:00,000;2024-07-29 00:00:00,000;7041;2024-08-29 00:00:00,000
7055;2024-07-22 00:00:00,000;"L003";"S10049";80;37;37;2024-07-24 00:00:00,000;2024-07-29 00:00:00,000;7049;2024-08-29 00:00:00,000
7070;2024-07-23 00:00:00,000;"L003";"S10049";40;397;397;2024-07-26 00:00:00,000;2024-07-30 00:00:00,000;7066;2024-08-29 00:00:00,000
7093;2024-07-24 00:00:00,000;"L003";"S10049";20;409;409;2024-07-29 00:00:00,000;2024-08-05 00:00:00,000;7119;2024-09-05 00:00:00,000
7117;2024-07-25 00:00:00,000;"L003";"S10049";215;396;396;2024-07-26 00:00:00,000;2024-07-30 00:00:00,000;7070;2024-08-29 00:00:00,000
7134;2024-07-26 00:00:00,000;"L003";"S10049";130;325;325;2024-07-30 00:00:00,000;2024-08-05 00:00:00,000;7135;2024-09-05 00:00:00,000
7148;2024-07-29 00:00:00,000;"L003";"S10049";30;409;409;2024-07-31 00:00:00,000;2024-08-02 00:00:00,000;7116;2024-08-29 00:00:00,000
7167;2024-07-30 00:00:00,000;"L003";"S10049";10;342;342;2024-08-01 00:00:00,000;2024-08-08 00:00:00,000;7184;2024-09-05 00:00:00,000
7203;2024-08-01 00:00:00,000;"L003";"S10049";230;376;376;2024-08-05 00:00:00,000;2024-08-08 00:00:00,000;7193;2024-09-05 00:00:00,000
7217;2024-08-02 00:00:00,000;"L003";"S10049";10;418;418;2024-08-05 00:00:00,000;2024-08-12 00:00:00,000;7217;2024-09-12 00:00:00,000
7229;2024-08-05 00:00:00,000;"L003";"S10049";110;345;345;2024-08-07 00:00:00,000;2024-08-14 00:00:00,000;7241;2024-09-12 00:00:00,000
7246;2024-08-06 00:00:00,000;"L003";"S10049";85;404;404;2024-08-07 00:00:00,000;2024-08-12 00:00:00,000;7224;2024-09-12 00:00:00,000
7273;2024-08-07 00:00:00,000;"L003";"S10049";125;442;442;2024-08-12 00:00:00,000;2024-08-16 00:00:00,000;7279;2024-09-12 00:00:00,000
7285;2024-08-08 00:00:00,000;"L003";"S10049";280;402;402;2024-08-12 00:00:00,000;2024-08-19 00:00:00,000;7296;2024-09-19 00:00:00,000
7305;2024-08-09 00:00:00,000;"L003";"S10049";310;414;414;2024-08-12 00:00:00,000;2024-08-14 00:00:00,000;7258;2024-09-12 00:00:00,000
7319;2024-08-12 00:00:00,000;"L003";"S10049";50;402;402;2024-08-13 00:00:00,000;2024-08-19 00:00:00,000;7316;2024-09-19 00:00:00,000
7334;2024-08-13 00:00:00,000;"L003";"S10049";50;389;389;2024-08-19 00:00:00,000;2024-08-23 00:00:00,000;7356;2024-09-19 00:00:00,000
7355;2024-08-14 00:00:00,000;"L003";"S10049";35;416;416;2024-08-19 00:00:00,000;2024-08-22 00:00:00,000;7349;2024-09-19 00:00:00,000
7375;2024-08-15 00:00:00,000;"L003";"S10049";80;418;418;2024-08-19 00:00:00,000;2024-08-19 00:00:00,000;7329;2024-09-19 00:00:00,000
7395;2024-08-19 00:00:00,000;"L003";"S10049";55;433;433;2024-08-20 00:00:00,000;2024-08-26 00:00:00,000;7394;2024-09-26 00:00:00,000
7412;2024-08-20 00:00:00,000;"L003";"S10049";30;377;377;2024-08-21 00:00:00,000;2024-08-27 00:00:00,000;7408;2024-09-26 00:00:00,000
7423;2024-08-21 00:00:00,000;"L003";"S10049";30;384;384;2024-08-23 00:00:00,000;2024-08-27 00:00:00,000;7411;2024-09-26 00:00:00,000
7440;2024-08-22 00:00:00,000;"L003";"S10049";95;406;406;2024-08-26 00:00:00,000;2024-09-02 00:00:00,000;7453;2024-10-03 00:00:00,000
7460;2024-08-23 00:00:00,000;"L003";"S10049";100;385;385;2024-08-26 00:00:00,000;2024-08-29 00:00:00,000;7441;2024-09-26 00:00:00,000
7486;2024-08-27 00:00:00,000;"L003";"S10049";110;388;388;2024-08-29 00:00:00,000;2024-09-05 00:00:00,000;7506;2024-10-03 00:00:00,000
7512;2024-08-28 00:00:00,000;"L003";"S10049";205;383;383;2024-09-02 00:00:00,000;2024-09-09 00:00:00,000;7536;2024-10-10 00:00:00,000
7533;2024-08-29 00:00:00,000;"L003";"S10049";455;379;379;2024-09-02 00:00:00,000;2024-09-05 00:00:00,000;7510;2024-10-03 00:00:00,000
7541;2024-08-30 00:00:00,000;"L003";"S10049";30;403;403;2024-09-02 00:00:00,000;2024-09-05 00:00:00,000;7513;2024-10-03 00:00:00,000
7544;2024-09-02 00:00:00,000;"L003";"S10049";70;429;429;2024-09-04 00:00:00,000;2024-09-06 00:00:00,000;7529;2024-10-03 00:00:00,000
7564;2024-09-03 00:00:00,000;"L003";"S10049";55;422;422;2024-09-09 00:00:00,000;2024-09-11 00:00:00,000;7568;2024-10-10 00:00:00,000
7586;2024-09-04 00:00:00,000;"L003";"S10049";85;41;41;2024-09-09 00:00:00,000;2024-09-16 00:00:00,000;7609;2024-10-17 00:00:00,000
7610;2024-09-05 00:00:00,000;"L003";"S10049";655;37;37;2024-09-09 00:00:00,000;2024-09-16 00:00:00,000;7619;2024-10-17 00:00:00,000
7623;2024-09-06 00:00:00,000;"L003";"S10049";30;378;378;2024-09-09 00:00:00,000;2024-09-10 00:00:00,000;7561;2024-10-10 00:00:00,000
7665;2024-09-11 00:00:00,000;"L003";"S10049";175;36;36;2024-09-16 00:00:00,000;2024-09-20 00:00:00,000;7668;2024-10-17 00:00:00,000
7678;2024-09-12 00:00:00,000;"L003";"S10049";60;449;449;2024-09-16 00:00:00,000;2024-09-20 00:00:00,000;7670;2024-10-17 00:00:00,000
7690;2024-09-13 00:00:00,000;"L003";"S10049";80;417;417;2024-09-18 00:00:00,000;2024-09-23 00:00:00,000;7690;2024-10-24 00:00:00,000
7734;2024-09-18 00:00:00,000;"L003";"S10049";295;409;409;2024-09-20 00:00:00,000;2024-09-26 00:00:00,000;7737;2024-10-24 00:00:00,000
7756;2024-09-19 00:00:00,000;"L003";"S10049";80;409;409;2024-09-20 00:00:00,000;2024-09-27 00:00:00,000;7750;2024-10-24 00:00:00,000
7767;2024-09-20 00:00:00,000;"L003";"S10049";70;438;438;2024-09-23 00:00:00,000;2024-09-27 00:00:00,000;7754;2024-10-24 00:00:00,000
7795;2024-09-23 00:00:00,000;"L003";"S10049";505;366;366;2024-09-27 00:00:00,000;2024-10-02 00:00:00,000;7814;2024-10-31 00:00:00,000
7819;2024-09-24 00:00:00,000;"L003";"S10049";20;386;386;2024-09-27 00:00:00,000;2024-09-30 00:00:00,000;7797;2024-10-31 00:00:00,000
7857;2024-09-26 00:00:00,000;"L003";"S10049";60;433;433;2024-10-01 00:00:00,000;2024-10-04 00:00:00,000;7854;2024-10-31 00:00:00,000
7869;2024-09-27 00:00:00,000;"L003";"S10049";100;43;43;2024-10-01 00:00:00,000;2024-10-03 00:00:00,000;7843;2024-10-31 00:00:00,000
7878;2024-09-30 00:00:00,000;"L003";"S10049";110;414;414;2024-10-07 00:00:00,000;2024-10-11 00:00:00,000;7927;2024-11-07 00:00:00,000
7907;2024-10-01 00:00:00,000;"L003";"S10049";455;338;338;2024-10-02 00:00:00,000;2024-10-07 00:00:00,000;7882;2024-11-07 00:00:00,000
7935;2024-10-02 00:00:00,000;"L003";"S10049";110;377;377;2024-10-07 00:00:00,000;2024-10-09 00:00:00,000;7908;2024-11-07 00:00:00,000
7946;2024-10-03 00:00:00,000;"L003";"S10049";95;349;349;2024-10-08 00:00:00,000;2024-10-14 00:00:00,000;7948;2024-11-14 00:00:00,000
7966;2024-10-07 00:00:00,000;"L003";"S10049";105;387;387;2024-10-08 00:00:00,000;2024-10-14 00:00:00,000;7961;2024-11-14 00:00:00,000
7977;2024-10-08 00:00:00,000;"L003";"S10049";50;376;376;2024-10-09 00:00:00,000;2024-10-14 00:00:00,000;7965;2024-11-14 00:00:00,000
7986;2024-10-09 00:00:00,000;"L003";"S10049";105;39;39;2024-10-10 00:00:00,000;2024-10-15 00:00:00,000;7976;2024-11-14 00:00:00,000
8006;2024-10-10 00:00:00,000;"L003";"S10049";240;405;405;2024-10-14 00:00:00,000;2024-10-21 00:00:00,000;8014;2024-11-21 00:00:00,000
8019;2024-10-11 00:00:00,000;"L003";"S10049";95;378;378;2024-10-14 00:00:00,000;2024-10-21 00:00:00,000;8020;2024-11-21 00:00:00,000
8037;2024-10-14 00:00:00,000;"L003";"S10049";270;409;409;2024-10-16 00:00:00,000;2024-10-22 00:00:00,000;8049;2024-11-21 00:00:00,000
8049;2024-10-15 00:00:00,000;"L003";"S10049";35;439;439;2024-10-21 00:00:00,000;2024-10-25 00:00:00,000;8095;2024-11-21 00:00:00,000
8077;2024-10-16 00:00:00,000;"L003";"S10049";265;377;377;2024-10-21 00:00:00,000;2024-10-28 00:00:00,000;8117;2024-11-28 00:00:00,000
8102;2024-10-17 00:00:00,000;"L003";"S10049";115;403;403;2024-10-21 00:00:00,000;2024-10-25 00:00:00,000;8103;2024-11-21 00:00:00,000
8128;2024-10-18 00:00:00,000;"L003";"S10049";250;384;384;2024-10-21 00:00:00,000;2024-10-23 00:00:00,000;8077;2024-11-21 00:00:00,000
8145;2024-10-21 00:00:00,000;"L003";"S10049";120;37;37;2024-10-24 00:00:00,000;2024-10-31 00:00:00,000;8170;2024-11-28 00:00:00,000
8161;2024-10-22 00:00:00,000;"L003";"S10049";15;449;449;2024-10-28 00:00:00,000;2024-11-01 00:00:00,000;8181;2024-11-28 00:00:00,000
8173;2024-10-23 00:00:00,000;"L003";"S10049";85;406;406;2024-10-28 00:00:00,000;2024-11-04 00:00:00,000;8195;2024-12-05 00:00:00,000
8188;2024-10-24 00:00:00,000;"L003";"S10049";130;439;439;2024-10-28 00:00:00,000;2024-11-04 00:00:00,000;8197;2024-12-05 00:00:00,000
8203;2024-10-25 00:00:00,000;"L003";"S10049";225;427;427;2024-10-28 00:00:00,000;2024-10-30 00:00:00,000;8167;2024-11-28 00:00:00,000
8258;2024-10-31 00:00:00,000;"L003";"S10049";240;388;388;2024-11-04 00:00:00,000;2024-11-08 00:00:00,000;8256;2024-12-05 00:00:00,000
8304;2024-11-05 00:00:00,000;"L003";"S10049";540;425;425;2024-11-07 00:00:00,000;2024-11-12 00:00:00,000;8292;2024-12-12 00:00:00,000
8316;2024-11-06 00:00:00,000;"L003";"S10049";15;408;408;2024-11-11 00:00:00,000;2024-11-14 00:00:00,000;8316;2024-12-12 00:00:00,000
8329;2024-11-07 00:00:00,000;"L003";"S10049";20;36;36;2024-11-11 00:00:00,000;2024-11-15 00:00:00,000;8329;2024-12-12 00:00:00,000
8347;2024-11-08 00:00:00,000;"L003";"S10049";45;385;385;2024-11-11 00:00:00,000;2024-11-12 00:00:00,000;8295;2024-12-12 00:00:00,000
8366;2024-11-11 00:00:00,000;"L003";"S10049";65;362;362;2024-11-12 00:00:00,000;2024-11-18 00:00:00,000;8357;2024-12-19 00:00:00,000
8382;2024-11-12 00:00:00,000;"L003";"S10049";150;451;451;2024-11-13 00:00:00,000;2024-11-18 00:00:00,000;8363;2024-12-19 00:00:00,000
8400;2024-11-13 00:00:00,000;"L003";"S10049";90;377;377;2024-11-18 00:00:00,000;2024-11-25 00:00:00,000;8418;1900-01-01 00:00:00,000
8415;2024-11-14 00:00:00,000;"L003";"S10049";15;417;417;2024-11-15 00:00:00,000;2024-11-21 00:00:00,000;8407;2024-12-19 00:00:00,000
8434;2024-11-18 00:00:00,000;"L003";"S10049";40;357;357;2024-11-22 00:00:00,000;2024-11-29 00:00:00,000;8476;1900-01-01 00:00:00,000
8466;2024-11-20 00:00:00,000;"L003";"S10049";90;383;383;2024-11-22 00:00:00,000;2024-11-27 00:00:00,000;8460;1900-01-01 00:00:00,000
8493;2024-11-21 00:00:00,000;"L003";"S10049";275;382;382;2024-11-25 00:00:00,000;2024-11-28 00:00:00,000;8475;1900-01-01 00:00:00,000
8513;2024-11-22 00:00:00,000;"L003";"S10049";115;362;362;2024-11-25 00:00:00,000;2024-11-27 00:00:00,000;8464;1900-01-01 00:00:00,000
8531;2024-11-25 00:00:00,000;"L003";"S10049";225;404;404;2024-11-28 00:00:00,000;2024-12-03 00:00:00,000;8538;1900-01-01 00:00:00,000
8558;2024-11-26 00:00:00,000;"L003";"S10049";185;389;389;2024-11-28 00:00:00,000;2024-12-03 00:00:00,000;8548;1900-01-01 00:00:00,000
8578;2024-11-27 00:00:00,000;"L003";"S10049";25;424;424;2024-11-28 00:00:00,000;2024-12-04 00:00:00,000;8560;1900-01-01 00:00:00,000
8599;2024-11-28 00:00:00,000;"L003";"S10049";125;388;388;2024-12-02 00:00:00,000;2024-12-06 00:00:00,000;8593;1900-01-01 00:00:00,000
8609;2024-11-29 00:00:00,000;"L003";"S10049";15;39;39;2024-12-03 00:00:00,000;2024-12-09 00:00:00,000;8611;1900-01-01 00:00:00,000
8643;2024-12-03 00:00:00,000;"L003";"S10049";195;39;39;2024-12-09 00:00:00,000;2024-12-16 00:00:00,000;8691;1900-01-01 00:00:00,000
8663;2024-12-04 00:00:00,000;"L003";"S10049";40;357;357;2024-12-06 00:00:00,000;2024-12-11 00:00:00,000;8656;1900-01-01 00:00:00,000
8680;2024-12-05 00:00:00,000;"L003";"S10049";65;416;416;2024-12-06 00:00:00,000;2024-12-13 00:00:00,000;8686;1900-01-01 00:00:00,000
8703;2024-12-06 00:00:00,000;"L003";"S10049";130;377;377;2024-12-09 00:00:00,000;2024-12-13 00:00:00,000;8687;1900-01-01 00:00:00,000
8717;2024-12-09 00:00:00,000;"L003";"S10049";80;387;387;2024-12-12 00:00:00,000;2024-12-16 00:00:00,000;8712;1900-01-01 00:00:00,000
8733;2024-12-10 00:00:00,000;"L003";"S10049";20;389;389;2024-12-11 00:00:00,000;2024-12-17 00:00:00,000;8727;1900-01-01 00:00:00,000
8771;2024-12-12 00:00:00,000;"L003";"S10049";135;387;387;2024-12-16 00:00:00,000;2024-12-23 00:00:00,000;8792;1900-01-01 00:00:00,000
8796;2024-12-13 00:00:00,000;"L003";"S10049";315;35;35;2024-12-16 00:00:00,000;2024-12-19 00:00:00,000;8755;1900-01-01 00:00:00,000
8814;2024-12-16 00:00:00,000;"L003";"S10049";60;403;403;2024-12-20 00:00:00,000;2024-12-27 00:00:00,000;8835;1900-01-01 00:00:00,000
8837;2024-12-17 00:00:00,000;"L003";"S10049";95;38;38;2024-12-18 00:00:00,000;2024-12-23 00:00:00,000;8811;1900-01-01 00:00:00,000
8867;2024-12-19 00:00:00,000;"L003";"S10049";120;388;388;2024-12-23 00:00:00,000;2024-12-27 00:00:00,000;8859;1900-01-01 00:00:00,000
8890;2024-12-20 00:00:00,000;"L003";"S10049";180;413;413;2024-12-23 00:00:00,000;2024-12-27 00:00:00,000;8870;1900-01-01 00:00:00,000
8928;2024-12-24 00:00:00,000;"L003";"S10049";165;403;0;2024-12-30 00:00:00,000;1900-01-01 00:00:00,000;0;1900-01-01 00:00:00,000
8952;2024-12-27 00:00:00,000;"L003";"S10049";160;389;0;1900-01-01 00:00:00,000;1900-01-01 00:00:00,000;0;1900-01-01 00:00:00,000
8974;2024-12-30 00:00:00,000;"L003";"S10049";110;407;0;1900-01-01 00:00:00,000;1900-01-01 00:00:00,000;0;1900-01-01 00:00:00,000
4119;2023-11-27 00:00:00,000;"L003";"A10022";30;218;218;2023-11-28 00:00:00,000;2023-12-04 00:00:00,000;4116;2024-01-04 00:00:00,000
4143;2023-11-28 00:00:00,000;"L003";"A10022";75;213;213;2023-11-30 00:00:00,000;2023-12-05 00:00:00,000;4135;2024-01-04 00:00:00,000
4164;2023-11-29 00:00:00,000;"L003";"A10022";210;223;223;2023-11-30 00:00:00,000;2023-12-05 00:00:00,000;4143;2024-01-04 00:00:00,000
4183;2023-11-30 00:00:00,000;"L003";"A10022";55;216;216;2023-12-04 00:00:00,000;2023-12-11 00:00:00,000;4206;2024-01-11 00:00:00,000
4208;2023-12-01 00:00:00,000;"L003";"A10022";100;216;216;2023-12-04 00:00:00,000;2023-12-11 00:00:00,000;4218;2024-01-11 00:00:00,000
4229;2023-12-04 00:00:00,000;"L003";"A10022";30;222;222;2023-12-06 00:00:00,000;2023-12-11 00:00:00,000;4226;2024-01-11 00:00:00,000
4247;2023-12-05 00:00:00,000;"L003";"A10022";45;224;224;2023-12-07 00:00:00,000;2023-12-12 00:00:00,000;4241;2024-01-11 00:00:00,000
4267;2023-12-06 00:00:00,000;"L003";"A10022";85;229;229;2023-12-11 00:00:00,000;2023-12-18 00:00:00,000;4286;2024-01-18 00:00:00,000
4282;2023-12-07 00:00:00,000;"L003";"A10022";95;226;226;2023-12-08 00:00:00,000;2023-12-12 00:00:00,000;4248;2024-01-11 00:00:00,000
4291;2023-12-08 00:00:00,000;"L003";"A10022";30;218;218;2023-12-11 00:00:00,000;2023-12-18 00:00:00,000;4291;2024-01-18 00:00:00,000
4304;2023-12-11 00:00:00,000;"L003";"A10022";110;211;211;2023-12-12 00:00:00,000;2023-12-18 00:00:00,000;4300;2024-01-18 00:00:00,000
4323;2023-12-12 00:00:00,000;"L003";"A10022";105;226;226;2023-12-13 00:00:00,000;2023-12-18 00:00:00,000;4309;2024-01-18 00:00:00,000
4354;2023-12-14 00:00:00,000;"L003";"A10022";70;222;222;2023-12-18 00:00:00,000;2023-12-20 00:00:00,000;4335;2024-01-18 00:00:00,000
4385;2023-12-18 00:00:00,000;"L003";"A10022";35;222;222;2023-12-21 00:00:00,000;2023-12-27 00:00:00,000;4385;2024-01-25 00:00:00,000
4406;2023-12-19 00:00:00,000;"L003";"A10022";60;222;222;2023-12-21 00:00:00,000;2023-12-27 00:00:00,000;4398;2024-01-25 00:00:00,000
4447;2023-12-21 00:00:00,000;"L003";"A10022";100;211;211;2023-12-27 00:00:00,000;2024-01-02 00:00:00,000;4455;2024-02-01 00:00:00,000
4476;2023-12-27 00:00:00,000;"L003";"A10022";95;233;233;2024-01-02 00:00:00,000;2024-01-05 00:00:00,000;4495;2024-02-01 00:00:00,000
4508;2023-12-29 00:00:00,000;"L003";"A10022";180;222;222;2024-01-02 00:00:00,000;2024-01-08 00:00:00,000;4513;2024-02-08 00:00:00,000
4524;2024-01-02 00:00:00,000;"L003";"A10022";175;229;229;2024-01-08 00:00:00,000;2024-01-08 00:00:00,000;4515;2024-02-08 00:00:00,000
4556;2024-01-04 00:00:00,000;"L003";"A10022";40;208;208;2024-01-08 00:00:00,000;2024-01-11 00:00:00,000;4558;2024-02-08 00:00:00,000
4576;2024-01-05 00:00:00,000;"L003";"A10022";45;244;244;2024-01-08 00:00:00,000;2024-01-09 00:00:00,000;4536;2024-02-08 00:00:00,000
4602;2024-01-09 00:00:00,000;"L003";"A10022";145;208;208;2024-01-11 00:00:00,000;2024-01-15 00:00:00,000;4591;2024-02-15 00:00:00,000
4630;2024-01-10 00:00:00,000;"L003";"A10022";115;226;226;2024-01-11 00:00:00,000;2024-01-17 00:00:00,000;4624;2024-02-15 00:00:00,000
4690;2024-01-15 00:00:00,000;"L003";"A10022";55;223;223;2024-01-17 00:00:00,000;2024-01-19 00:00:00,000;4661;2024-02-15 00:00:00,000
4713;2024-01-16 00:00:00,000;"L003";"A10022";55;216;216;2024-01-17 00:00:00,000;2024-01-23 00:00:00,000;4704;2024-02-22 00:00:00,000
4759;2024-01-22 00:00:00,000;"L003";"A10022";105;194;194;2024-01-23 00:00:00,000;2024-01-29 00:00:00,000;4756;2024-02-29 00:00:00,000
4782;2024-01-23 00:00:00,000;"L003";"A10022";210;224;224;2024-01-29 00:00:00,000;2024-02-05 00:00:00,000;4821;2024-03-07 00:00:00,000
4834;2024-01-26 00:00:00,000;"L003";"A10022";55;233;233;2024-01-29 00:00:00,000;2024-02-01 00:00:00,000;4808;2024-02-29 00:00:00,000
4853;2024-01-29 00:00:00,000;"L003";"A10022";285;215;215;2024-01-30 00:00:00,000;2024-02-05 00:00:00,000;4846;2024-03-07 00:00:00,000
4909;2024-02-02 00:00:00,000;"L003";"A10022";10;216;216;2024-02-05 00:00:00,000;2024-02-08 00:00:00,000;4893;2024-03-07 00:00:00,000
4957;2024-02-07 00:00:00,000;"L003";"A10022";230;208;208;2024-02-09 00:00:00,000;2024-02-12 00:00:00,000;4933;2024-03-14 00:00:00,000
5008;2024-02-12 00:00:00,000;"L003";"A10022";265;213;213;2024-02-13 00:00:00,000;2024-02-20 00:00:00,000;5021;2024-03-21 00:00:00,000
5033;2024-02-13 00:00:00,000;"L003";"A10022";205;198;198;2024-02-15 00:00:00,000;2024-02-20 00:00:00,000;5030;2024-03-21 00:00:00,000
5052;2024-02-14 00:00:00,000;"L003";"A10022";20;216;216;2024-02-19 00:00:00,000;2024-02-20 00:00:00,000;5034;2024-03-21 00:00:00,000
5092;2024-02-19 00:00:00,000;"L003";"A10022";190;249;249;2024-02-21 00:00:00,000;2024-02-27 00:00:00,000;5109;2024-03-28 00:00:00,000
5115;2024-02-20 00:00:00,000;"L003";"A10022";155;232;232;2024-02-26 00:00:00,000;2024-02-26 00:00:00,000;5092;2024-03-28 00:00:00,000
5144;2024-02-21 00:00:00,000;"L003";"A10022";170;234;234;2024-02-23 00:00:00,000;2024-02-29 00:00:00,000;5154;2024-03-28 00:00:00,000
5168;2024-02-22 00:00:00,000;"L003";"A10022";115;205;205;2024-02-26 00:00:00,000;2024-03-04 00:00:00,000;5178;2024-04-04 00:00:00,000
5178;2024-02-23 00:00:00,000;"L003";"A10022";90;201;201;2024-02-26 00:00:00,000;2024-02-29 00:00:00,000;5159;2024-03-28 00:00:00,000
5188;2024-02-26 00:00:00,000;"L003";"A10022";30;215;215;2024-02-27 00:00:00,000;2024-03-04 00:00:00,000;5185;2024-04-04 00:00:00,000
5219;2024-02-28 00:00:00,000;"L003";"A10022";125;253;253;2024-03-01 00:00:00,000;2024-03-05 00:00:00,000;5206;2024-04-04 00:00:00,000
5245;2024-02-29 00:00:00,000;"L003";"A10022";130;214;214;2024-03-04 00:00:00,000;2024-03-06 00:00:00,000;5223;2024-04-04 00:00:00,000
5264;2024-03-01 00:00:00,000;"L003";"A10022";280;207;207;2024-03-04 00:00:00,000;2024-03-07 00:00:00,000;5240;2024-04-04 00:00:00,000
5351;2024-03-11 00:00:00,000;"L003";"A10022";125;238;238;2024-03-15 00:00:00,000;2024-03-18 00:00:00,000;5348;2024-04-18 00:00:00,000
5393;2024-03-13 00:00:00,000;"L003";"A10022";115;223;223;2024-03-18 00:00:00,000;2024-03-25 00:00:00,000;5431;2024-04-25 00:00:00,000
5416;2024-03-14 00:00:00,000;"L003";"A10022";90;196;196;2024-03-18 00:00:00,000;2024-03-22 00:00:00,000;5421;2024-04-18 00:00:00,000
5437;2024-03-15 00:00:00,000;"L003";"A10022";40;205;205;2024-03-18 00:00:00,000;2024-03-22 00:00:00,000;5426;2024-04-18 00:00:00,000
5470;2024-03-19 00:00:00,000;"L003";"A10022";20;229;229;2024-03-25 00:00:00,000;2024-03-26 00:00:00,000;5470;2024-04-25 00:00:00,000
5488;2024-03-20 00:00:00,000;"L003";"A10022";130;216;216;2024-03-21 00:00:00,000;2024-03-27 00:00:00,000;5487;2024-04-25 00:00:00,000
5509;2024-03-21 00:00:00,000;"L003";"A10022";70;212;212;2024-03-22 00:00:00,000;2024-03-27 00:00:00,000;5493;2024-04-25 00:00:00,000
5525;2024-03-22 00:00:00,000;"L003";"A10022";80;242;242;2024-03-27 00:00:00,000;2024-04-02 00:00:00,000;5534;2024-05-02 00:00:00,000
5543;2024-03-25 00:00:00,000;"L003";"A10022";10;233;233;2024-03-26 00:00:00,000;2024-04-02 00:00:00,000;5544;2024-05-02 00:00:00,000
5565;2024-03-26 00:00:00,000;"L003";"A10022";70;212;212;2024-03-27 00:00:00,000;2024-03-29 00:00:00,000;5517;2024-04-25 00:00:00,000
5579;2024-03-27 00:00:00,000;"L003";"A10022";230;236;236;2024-04-02 00:00:00,000;2024-04-08 00:00:00,000;5626;2024-05-16 00:00:00,000
5607;2024-03-28 00:00:00,000;"L003";"A10022";100;23;23;2024-04-02 00:00:00,000;2024-04-08 00:00:00,000;5634;2024-05-16 00:00:00,000
5641;2024-03-29 00:00:00,000;"L003";"A10022";85;215;215;2024-04-02 00:00:00,000;2024-04-02 00:00:00,000;5580;2024-05-02 00:00:00,000
5663;2024-04-02 00:00:00,000;"L003";"A10022";50;2;2;2024-04-08 00:00:00,000;2024-04-11 00:00:00,000;5674;2024-05-16 00:00:00,000
5684;2024-04-04 00:00:00,000;"L003";"A10022";55;227;227;2024-04-09 00:00:00,000;2024-04-16 00:00:00,000;5726;2024-05-16 00:00:00,000
5709;2024-04-08 00:00:00,000;"L003";"A10022";25;207;207;2024-04-15 00:00:00,000;2024-04-19 00:00:00,000;5770;2024-05-16 00:00:00,000
5726;2024-04-09 00:00:00,000;"L003";"A10022";120;246;246;2024-04-12 00:00:00,000;2024-04-16 00:00:00,000;5732;2024-05-16 00:00:00,000
5752;2024-04-10 00:00:00,000;"L003";"A10022";50;204;204;2024-04-15 00:00:00,000;2024-04-16 00:00:00,000;5738;2024-05-16 00:00:00,000
5775;2024-04-11 00:00:00,000;"L003";"A10022";45;216;216;2024-04-15 00:00:00,000;2024-04-19 00:00:00,000;5776;2024-05-16 00:00:00,000
5795;2024-04-12 00:00:00,000;"L003";"A10022";160;213;213;2024-04-15 00:00:00,000;2024-04-19 00:00:00,000;5780;2024-05-16 00:00:00,000
5824;2024-04-16 00:00:00,000;"L003";"A10022";15;202;202;2024-04-22 00:00:00,000;2024-04-24 00:00:00,000;5826;2024-05-23 00:00:00,000
5847;2024-04-18 00:00:00,000;"L003";"A10022";70;216;216;2024-04-23 00:00:00,000;2024-04-29 00:00:00,000;5861;2024-05-30 00:00:00,000
5862;2024-04-19 00:00:00,000;"L003";"A10022";15;23;23;2024-04-22 00:00:00,000;2024-04-24 00:00:00,000;5832;2024-05-23 00:00:00,000
5884;2024-04-22 00:00:00,000;"L003";"A10022";185;188;188;2024-04-24 00:00:00,000;2024-05-01 00:00:00,000;5910;2024-05-30 00:00:00,000
5904;2024-04-23 00:00:00,000;"L003";"A10022";50;213;213;2024-04-24 00:00:00,000;2024-04-29 00:00:00,000;5884;2024-05-30 00:00:00,000
5924;2024-04-24 00:00:00,000;"L003";"A10022";95;2;2;2024-04-29 00:00:00,000;2024-05-03 00:00:00,000;5953;2024-05-30 00:00:00,000
5951;2024-04-25 00:00:00,000;"L003";"A10022";150;233;233;2024-04-29 00:00:00,000;2024-05-02 00:00:00,000;5943;2024-05-30 00:00:00,000
5985;2024-04-29 00:00:00,000;"L003";"A10022";170;206;206;2024-04-30 00:00:00,000;2024-05-03 00:00:00,000;5962;2024-05-30 00:00:00,000
6022;2024-05-01 00:00:00,000;"L003";"A10022";15;224;224;2024-05-06 00:00:00,000;2024-05-07 00:00:00,000;6001;2024-06-06 00:00:00,000
6042;2024-05-02 00:00:00,000;"L003";"A10022";105;245;245;2024-05-06 00:00:00,000;2024-05-08 00:00:00,000;6019;2024-06-06 00:00:00,000
6074;2024-05-07 00:00:00,000;"L003";"A10022";120;209;209;2024-05-10 00:00:00,000;2024-05-13 00:00:00,000;6066;2024-06-13 00:00:00,000
6093;2024-05-08 00:00:00,000;"L003";"A10022";110;212;212;2024-05-13 00:00:00,000;2024-05-17 00:00:00,000;6103;2024-06-13 00:00:00,000
6116;2024-05-10 00:00:00,000;"L003";"A10022";155;227;227;2024-05-13 00:00:00,000;2024-05-21 00:00:00,000;6123;2024-06-20 00:00:00,000
6157;2024-05-14 00:00:00,000;"L003";"A10022";165;233;233;2024-05-16 00:00:00,000;2024-05-22 00:00:00,000;6164;2024-06-20 00:00:00,000
6173;2024-05-15 00:00:00,000;"L003";"A10022";15;226;226;2024-05-21 00:00:00,000;2024-05-24 00:00:00,000;6187;2024-06-20 00:00:00,000
6191;2024-05-16 00:00:00,000;"L003";"A10022";185;199;199;2024-05-21 00:00:00,000;2024-05-21 00:00:00,000;6160;2024-06-20 00:00:00,000
6217;2024-05-21 00:00:00,000;"L003";"A10022";50;227;227;2024-05-27 00:00:00,000;2024-05-29 00:00:00,000;6229;2024-06-27 00:00:00,000
6248;2024-05-23 00:00:00,000;"L003";"A10022";115;214;214;2024-05-27 00:00:00,000;2024-06-03 00:00:00,000;6275;2024-07-04 00:00:00,000
6274;2024-05-24 00:00:00,000;"L003";"A10022";75;224;224;2024-05-27 00:00:00,000;2024-05-31 00:00:00,000;6266;2024-06-27 00:00:00,000
6297;2024-05-27 00:00:00,000;"L003";"A10022";15;23;23;2024-05-31 00:00:00,000;2024-06-04 00:00:00,000;6313;2024-07-04 00:00:00,000
6320;2024-05-28 00:00:00,000;"L003";"A10022";15;243;243;2024-05-30 00:00:00,000;2024-06-03 00:00:00,000;6304;2024-07-04 00:00:00,000
6355;2024-05-30 00:00:00,000;"L003";"A10022";165;214;214;2024-06-03 00:00:00,000;2024-06-10 00:00:00,000;6370;2024-07-11 00:00:00,000
6381;2024-06-03 00:00:00,000;"L003";"A10022";95;206;206;2024-06-06 00:00:00,000;2024-06-11 00:00:00,000;6387;2024-07-11 00:00:00,000
6405;2024-06-05 00:00:00,000;"L003";"A10022";160;232;232;2024-06-10 00:00:00,000;2024-06-14 00:00:00,000;6416;2024-07-11 00:00:00,000
6420;2024-06-06 00:00:00,000;"L003";"A10022";55;246;246;2024-06-10 00:00:00,000;2024-06-14 00:00:00,000;6419;2024-07-11 00:00:00,000
6452;2024-06-11 00:00:00,000;"L003";"A10022";20;233;233;2024-06-14 00:00:00,000;2024-06-19 00:00:00,000;6464;2024-07-18 00:00:00,000
6470;2024-06-12 00:00:00,000;"L003";"A10022";135;248;248;2024-06-14 00:00:00,000;2024-06-18 00:00:00,000;6456;2024-07-18 00:00:00,000
6493;2024-06-13 00:00:00,000;"L003";"A10022";25;236;236;2024-06-17 00:00:00,000;2024-06-19 00:00:00,000;6473;2024-07-18 00:00:00,000
6512;2024-06-14 00:00:00,000;"L003";"A10022";160;212;212;2024-06-17 00:00:00,000;2024-06-20 00:00:00,000;6495;2024-07-18 00:00:00,000
6557;2024-06-18 00:00:00,000;"L003";"A10022";15;226;226;2024-06-19 00:00:00,000;2024-06-24 00:00:00,000;6542;2024-07-25 00:00:00,000
6576;2024-06-19 00:00:00,000;"L003";"A10022";165;207;207;2024-06-21 00:00:00,000;2024-06-25 00:00:00,000;6565;2024-07-25 00:00:00,000
6599;2024-06-20 00:00:00,000;"L003";"A10022";85;229;229;2024-06-24 00:00:00,000;2024-06-28 00:00:00,000;6610;2024-07-25 00:00:00,000
6623;2024-06-21 00:00:00,000;"L003";"A10022";80;236;236;2024-06-25 00:00:00,000;2024-07-02 00:00:00,000;6652;2024-08-01 00:00:00,000
6646;2024-06-24 00:00:00,000;"L003";"A10022";40;242;242;2024-06-26 00:00:00,000;2024-07-01 00:00:00,000;6641;2024-08-01 00:00:00,000
6665;2024-06-25 00:00:00,000;"L003";"A10022";90;247;247;2024-06-28 00:00:00,000;2024-07-01 00:00:00,000;6645;2024-08-01 00:00:00,000
6686;2024-06-26 00:00:00,000;"L003";"A10022";270;232;232;2024-06-27 00:00:00,000;2024-07-03 00:00:00,000;6679;2024-08-01 00:00:00,000
6723;2024-06-28 00:00:00,000;"L003";"A10022";70;228;228;2024-07-01 00:00:00,000;2024-07-03 00:00:00,000;6688;2024-08-01 00:00:00,000
6879;2024-07-11 00:00:00,000;"L003";"A10022";95;199;199;2024-07-15 00:00:00,000;2024-07-19 00:00:00,000;6883;2024-08-15 00:00:00,000
6908;2024-07-12 00:00:00,000;"L003";"A10022";85;24;24;2024-07-15 00:00:00,000;2024-07-19 00:00:00,000;6890;2024-08-15 00:00:00,000
6936;2024-07-15 00:00:00,000;"L003";"A10022";95;202;202;2024-07-19 00:00:00,000;2024-07-24 00:00:00,000;6970;2024-08-22 00:00:00,000
6968;2024-07-16 00:00:00,000;"L003";"A10022";165;231;231;2024-07-17 00:00:00,000;2024-07-24 00:00:00,000;6975;2024-08-22 00:00:00,000
6987;2024-07-17 00:00:00,000;"L003";"A10022";20;225;225;2024-07-19 00:00:00,000;2024-07-25 00:00:00,000;6996;2024-08-22 00:00:00,000
7007;2024-07-18 00:00:00,000;"L003";"A10022";200;236;236;2024-07-22 00:00:00,000;2024-07-22 00:00:00,000;6943;2024-08-22 00:00:00,000
7028;2024-07-19 00:00:00,000;"L003";"A10022";40;227;227;2024-07-23 00:00:00,000;2024-07-29 00:00:00,000;7035;2024-08-29 00:00:00,000
7064;2024-07-23 00:00:00,000;"L003";"A10022";55;2;2;2024-07-25 00:00:00,000;2024-08-01 00:00:00,000;7087;2024-08-29 00:00:00,000
7082;2024-07-24 00:00:00,000;"L003";"A10022";30;228;228;2024-07-29 00:00:00,000;2024-08-01 00:00:00,000;7092;2024-08-29 00:00:00,000
7107;2024-07-25 00:00:00,000;"L003";"A10022";205;241;241;2024-07-29 00:00:00,000;2024-08-02 00:00:00,000;7111;2024-08-29 00:00:00,000
7142;2024-07-29 00:00:00,000;"L003";"A10022";15;222;222;2024-07-30 00:00:00,000;2024-08-05 00:00:00,000;7137;2024-09-05 00:00:00,000
7158;2024-07-30 00:00:00,000;"L003";"A10022";75;224;224;2024-08-01 00:00:00,000;2024-08-07 00:00:00,000;7171;2024-09-05 00:00:00,000
7194;2024-08-01 00:00:00,000;"L003";"A10022";150;233;233;2024-08-05 00:00:00,000;2024-08-09 00:00:00,000;7201;2024-09-05 00:00:00,000
7238;2024-08-06 00:00:00,000;"L003";"A10022";130;198;198;2024-08-12 00:00:00,000;2024-08-13 00:00:00,000;7231;2024-09-12 00:00:00,000
7261;2024-08-07 00:00:00,000;"L003";"A10022";110;205;205;2024-08-12 00:00:00,000;2024-08-16 00:00:00,000;7275;2024-09-12 00:00:00,000
7298;2024-08-09 00:00:00,000;"L003";"A10022";100;224;224;2024-08-14 00:00:00,000;2024-08-19 00:00:00,000;7303;2024-09-19 00:00:00,000
7328;2024-08-13 00:00:00,000;"L003";"A10022";115;226;226;2024-08-16 00:00:00,000;2024-08-23 00:00:00,000;7354;2024-09-19 00:00:00,000
7367;2024-08-15 00:00:00,000;"L003";"A10022";65;224;224;2024-08-19 00:00:00,000;2024-08-23 00:00:00,000;7363;2024-09-19 00:00:00,000
7405;2024-08-20 00:00:00,000;"L003";"A10022";140;245;245;2024-08-22 00:00:00,000;2024-08-29 00:00:00,000;7430;2024-09-26 00:00:00,000
7417;2024-08-21 00:00:00,000;"L003";"A10022";100;263;263;2024-08-22 00:00:00,000;2024-08-26 00:00:00,000;7403;2024-09-26 00:00:00,000
7450;2024-08-23 00:00:00,000;"L003";"A10022";90;263;263;2024-08-26 00:00:00,000;2024-08-28 00:00:00,000;7426;2024-09-26 00:00:00,000
7477;2024-08-27 00:00:00,000;"L003";"A10022";20;207;207;2024-08-29 00:00:00,000;2024-09-04 00:00:00,000;7491;2024-10-03 00:00:00,000
7499;2024-08-28 00:00:00,000;"L003";"A10022";125;205;205;2024-08-29 00:00:00,000;2024-09-04 00:00:00,000;7497;2024-10-03 00:00:00,000
7523;2024-08-29 00:00:00,000;"L003";"A10022";110;237;237;2024-09-02 00:00:00,000;2024-09-04 00:00:00,000;7504;2024-10-03 00:00:00,000
7554;2024-09-03 00:00:00,000;"L003";"A10022";25;224;224;2024-09-04 00:00:00,000;2024-09-09 00:00:00,000;7548;2024-10-10 00:00:00,000
7576;2024-09-04 00:00:00,000;"L003";"A10022";140;246;246;2024-09-06 00:00:00,000;2024-09-11 00:00:00,000;7571;2024-10-10 00:00:00,000
7600;2024-09-05 00:00:00,000;"L003";"A10022";185;217;217;2024-09-09 00:00:00,000;2024-09-11 00:00:00,000;7574;2024-10-10 00:00:00,000
7657;2024-09-11 00:00:00,000;"L003";"A10022";50;2;2;2024-09-13 00:00:00,000;2024-09-16 00:00:00,000;7636;2024-10-17 00:00:00,000
7672;2024-09-12 00:00:00,000;"L003";"A10022";50;214;214;2024-09-16 00:00:00,000;2024-09-20 00:00:00,000;7669;2024-10-17 00:00:00,000
7685;2024-09-13 00:00:00,000;"L003";"A10022";70;253;253;2024-09-17 00:00:00,000;2024-09-20 00:00:00,000;7672;2024-10-17 00:00:00,000
7703;2024-09-17 00:00:00,000;"L003";"A10022";15;244;244;2024-09-20 00:00:00,000;2024-09-25 00:00:00,000;7714;2024-10-24 00:00:00,000
7724;2024-09-18 00:00:00,000;"L003";"A10022";135;219;219;2024-09-23 00:00:00,000;2024-09-26 00:00:00,000;7735;2024-10-24 00:00:00,000
7745;2024-09-19 00:00:00,000;"L003";"A10022";100;258;258;2024-09-23 00:00:00,000;2024-09-30 00:00:00,000;7768;2024-10-31 00:00:00,000
7780;2024-09-23 00:00:00,000;"L003";"A10022";155;222;222;2024-09-26 00:00:00,000;2024-09-30 00:00:00,000;7782;2024-10-31 00:00:00,000
7807;2024-09-24 00:00:00,000;"L003";"A10022";100;211;211;2024-09-30 00:00:00,000;2024-10-02 00:00:00,000;7816;2024-10-31 00:00:00,000
7832;2024-09-25 00:00:00,000;"L003";"A10022";80;234;234;2024-09-27 00:00:00,000;2024-10-04 00:00:00,000;7850;2024-10-31 00:00:00,000
7850;2024-09-26 00:00:00,000;"L003";"A10022";100;242;242;2024-10-01 00:00:00,000;2024-10-07 00:00:00,000;7867;2024-11-07 00:00:00,000
7866;2024-09-27 00:00:00,000;"L003";"A10022";35;24;24;2024-09-30 00:00:00,000;2024-10-04 00:00:00,000;7857;2024-10-31 00:00:00,000
7874;2024-09-30 00:00:00,000;"L003";"A10022";85;221;221;2024-10-07 00:00:00,000;2024-10-11 00:00:00,000;7926;2024-11-07 00:00:00,000
7892;2024-10-01 00:00:00,000;"L003";"A10022";110;215;215;2024-10-07 00:00:00,000;2024-10-14 00:00:00,000;7937;2024-11-14 00:00:00,000
7920;2024-10-02 00:00:00,000;"L003";"A10022";115;259;259;2024-10-07 00:00:00,000;2024-10-10 00:00:00,000;7918;2024-11-07 00:00:00,000
7943;2024-10-03 00:00:00,000;"L003";"A10022";55;244;244;2024-10-07 00:00:00,000;2024-10-14 00:00:00,000;7947;2024-11-14 00:00:00,000
7973;2024-10-08 00:00:00,000;"L003";"A10022";20;234;234;2024-10-14 00:00:00,000;2024-10-16 00:00:00,000;7984;2024-11-14 00:00:00,000
7997;2024-10-10 00:00:00,000;"L003";"A10022";15;256;256;2024-10-11 00:00:00,000;2024-10-16 00:00:00,000;7987;2024-11-14 00:00:00,000
8031;2024-10-14 00:00:00,000;"L003";"A10022";70;199;199;2024-10-16 00:00:00,000;2024-10-21 00:00:00,000;8028;2024-11-21 00:00:00,000
8042;2024-10-15 00:00:00,000;"L003";"A10022";10;213;213;2024-10-21 00:00:00,000;2024-10-25 00:00:00,000;8094;2024-11-21 00:00:00,000
8064;2024-10-16 00:00:00,000;"L003";"A10022";150;222;222;2024-10-18 00:00:00,000;2024-10-23 00:00:00,000;8068;2024-11-21 00:00:00,000
8091;2024-10-17 00:00:00,000;"L003";"A10022";85;201;201;2024-10-18 00:00:00,000;2024-10-25 00:00:00,000;8101;2024-11-21 00:00:00,000
8114;2024-10-18 00:00:00,000;"L003";"A10022";115;205;205;2024-10-22 00:00:00,000;2024-10-28 00:00:00,000;8124;2024-11-28 00:00:00,000
8138;2024-10-21 00:00:00,000;"L003";"A10022";115;222;222;2024-10-22 00:00:00,000;2024-10-28 00:00:00,000;8132;2024-11-28 00:00:00,000
8155;2024-10-22 00:00:00,000;"L003";"A10022";55;242;242;2024-10-28 00:00:00,000;2024-10-31 00:00:00,000;8173;2024-11-28 00:00:00,000
8181;2024-10-24 00:00:00,000;"L003";"A10022";85;201;201;2024-10-28 00:00:00,000;2024-10-29 00:00:00,000;8154;2024-11-28 00:00:00,000
8194;2024-10-25 00:00:00,000;"L003";"A10022";165;236;236;2024-10-28 00:00:00,000;2024-11-04 00:00:00,000;8201;2024-12-05 00:00:00,000
8209;2024-10-28 00:00:00,000;"L003";"A10022";70;216;216;2024-10-30 00:00:00,000;2024-11-04 00:00:00,000;8207;2024-12-05 00:00:00,000
8218;2024-10-29 00:00:00,000;"L003";"A10022";75;238;238;2024-10-31 00:00:00,000;2024-11-05 00:00:00,000;8217;2024-12-05 00:00:00,000
8232;2024-10-30 00:00:00,000;"L003";"A10022";100;219;219;2024-10-31 00:00:00,000;2024-11-05 00:00:00,000;8220;2024-12-05 00:00:00,000
8251;2024-10-31 00:00:00,000;"L003";"A10022";135;232;232;2024-11-04 00:00:00,000;2024-11-06 00:00:00,000;8234;2024-12-05 00:00:00,000
8263;2024-11-01 00:00:00,000;"L003";"A10022";130;203;203;2024-11-04 00:00:00,000;2024-11-08 00:00:00,000;8258;2024-12-05 00:00:00,000
8270;2024-11-04 00:00:00,000;"L003";"A10022";70;251;251;2024-11-11 00:00:00,000;2024-11-11 00:00:00,000;8272;2024-12-12 00:00:00,000
8290;2024-11-05 00:00:00,000;"L003";"A10022";105;223;223;2024-11-06 00:00:00,000;2024-11-11 00:00:00,000;8279;2024-12-12 00:00:00,000
8324;2024-11-07 00:00:00,000;"L003";"A10022";65;224;224;2024-11-11 00:00:00,000;2024-11-13 00:00:00,000;8308;2024-12-12 00:00:00,000
8339;2024-11-08 00:00:00,000;"L003";"A10022";60;222;222;2024-11-12 00:00:00,000;2024-11-15 00:00:00,000;8331;2024-12-12 00:00:00,000
8359;2024-11-11 00:00:00,000;"L003";"A10022";130;246;246;2024-11-12 00:00:00,000;2024-11-18 00:00:00,000;8354;2024-12-19 00:00:00,000
8410;2024-11-14 00:00:00,000;"L003";"A10022";20;243;243;2024-11-15 00:00:00,000;2024-11-20 00:00:00,000;8398;2024-12-19 00:00:00,000
4134;2023-11-28 00:00:00,000;"L003";"A10008";145;349;349;2023-11-29 00:00:00,000;2023-12-06 00:00:00,000;4157;2024-01-04 00:00:00,000
4178;2023-11-30 00:00:00,000;"L003";"A10008";55;343;343;2023-12-01 00:00:00,000;2023-12-06 00:00:00,000;4165;2024-01-04 00:00:00,000
4198;2023-12-01 00:00:00,000;"L003";"A10008";70;332;332;2023-12-06 00:00:00,000;2023-12-11 00:00:00,000;4212;2024-01-11 00:00:00,000
4241;2023-12-05 00:00:00,000;"L003";"A10008";50;341;341;2023-12-08 00:00:00,000;2023-12-13 00:00:00,000;4251;2024-01-11 00:00:00,000
4261;2023-12-06 00:00:00,000;"L003";"A10008";65;348;348;2023-12-08 00:00:00,000;2023-12-13 00:00:00,000;4258;2024-01-11 00:00:00,000
4279;2023-12-07 00:00:00,000;"L003";"A10008";35;343;343;2023-12-08 00:00:00,000;2023-12-15 00:00:00,000;4278;2024-01-11 00:00:00,000
4297;2023-12-11 00:00:00,000;"L003";"A10008";80;341;341;2023-12-18 00:00:00,000;2023-12-22 00:00:00,000;4348;2024-01-18 00:00:00,000
4318;2023-12-12 00:00:00,000;"L003";"A10008";45;319;319;2023-12-18 00:00:00,000;2023-12-22 00:00:00,000;4351;2024-01-18 00:00:00,000
4336;2023-12-13 00:00:00,000;"L003";"A10008";115;351;351;2023-12-14 00:00:00,000;2023-12-18 00:00:00,000;4311;2024-01-18 00:00:00,000
4348;2023-12-14 00:00:00,000;"L003";"A10008";40;349;349;2023-12-18 00:00:00,000;2023-12-27 00:00:00,000;4368;2024-01-25 00:00:00,000
4366;2023-12-15 00:00:00,000;"L003";"A10008";60;341;341;2023-12-18 00:00:00,000;2023-12-21 00:00:00,000;4346;2024-01-18 00:00:00,000
4378;2023-12-18 00:00:00,000;"L003";"A10008";270;331;331;2023-12-20 00:00:00,000;2023-12-27 00:00:00,000;4379;2024-01-25 00:00:00,000
4399;2023-12-19 00:00:00,000;"L003";"A10008";145;317;317;2023-12-20 00:00:00,000;2023-12-27 00:00:00,000;4394;2024-01-25 00:00:00,000
4438;2023-12-21 00:00:00,000;"L003";"A10008";150;329;329;2023-12-27 00:00:00,000;2023-12-27 00:00:00,000;4412;2024-01-25 00:00:00,000
4460;2023-12-22 00:00:00,000;"L003";"A10008";20;353;353;2023-12-27 00:00:00,000;2023-12-29 00:00:00,000;4448;2024-01-25 00:00:00,000
4520;2024-01-02 00:00:00,000;"L003";"A10008";40;347;347;2024-01-04 00:00:00,000;2024-01-09 00:00:00,000;4527;2024-02-08 00:00:00,000
4549;2024-01-04 00:00:00,000;"L003";"A10008";95;315;315;2024-01-08 00:00:00,000;2024-01-09 00:00:00,000;4532;2024-02-08 00:00:00,000
4621;2024-01-10 00:00:00,000;"L003";"A10008";115;323;323;2024-01-15 00:00:00,000;2024-01-18 00:00:00,000;4634;2024-02-15 00:00:00,000
4668;2024-01-12 00:00:00,000;"L003";"A10008";25;326;326;2024-01-16 00:00:00,000;2024-01-22 00:00:00,000;4680;2024-02-22 00:00:00,000
4708;2024-01-16 00:00:00,000;"L003";"A10008";30;294;294;2024-01-18 00:00:00,000;2024-01-23 00:00:00,000;4703;2024-02-22 00:00:00,000
4727;2024-01-18 00:00:00,000;"L003";"A10008";70;352;352;2024-01-23 00:00:00,000;2024-01-29 00:00:00,000;4740;2024-02-29 00:00:00,000
4737;2024-01-19 00:00:00,000;"L003";"A10008";85;328;328;2024-01-22 00:00:00,000;2024-01-25 00:00:00,000;4729;2024-02-22 00:00:00,000
4753;2024-01-22 00:00:00,000;"L003";"A10008";15;356;356;2024-01-26 00:00:00,000;2024-01-31 00:00:00,000;4788;2024-02-29 00:00:00,000
4776;2024-01-23 00:00:00,000;"L003";"A10008";285;316;316;2024-01-29 00:00:00,000;2024-02-05 00:00:00,000;4819;2024-03-07 00:00:00,000
4797;2024-01-24 00:00:00,000;"L003";"A10008";115;328;328;2024-01-26 00:00:00,000;2024-02-02 00:00:00,000;4811;2024-02-29 00:00:00,000
4828;2024-01-26 00:00:00,000;"L003";"A10008";45;33;33;2024-01-29 00:00:00,000;2024-02-02 00:00:00,000;4815;2024-02-29 00:00:00,000
4847;2024-01-29 00:00:00,000;"L003";"A10008";115;343;343;2024-01-31 00:00:00,000;2024-02-05 00:00:00,000;4842;2024-03-07 00:00:00,000
4905;2024-02-02 00:00:00,000;"L003";"A10008";15;349;349;2024-02-05 00:00:00,000;2024-02-05 00:00:00,000;4859;2024-03-07 00:00:00,000
4916;2024-02-05 00:00:00,000;"L003";"A10008";60;314;314;2024-02-09 00:00:00,000;2024-02-14 00:00:00,000;4949;2024-03-14 00:00:00,000
4953;2024-02-07 00:00:00,000;"L003";"A10008";90;352;352;2024-02-09 00:00:00,000;2024-02-15 00:00:00,000;4966;2024-03-14 00:00:00,000
4973;2024-02-08 00:00:00,000;"L003";"A10008";45;326;326;2024-02-12 00:00:00,000;2024-02-15 00:00:00,000;4969;2024-03-14 00:00:00,000
5000;2024-02-12 00:00:00,000;"L003";"A10008";240;322;322;2024-02-13 00:00:00,000;2024-02-19 00:00:00,000;5000;2024-03-21 00:00:00,000
5026;2024-02-13 00:00:00,000;"L003";"A10008";70;343;343;2024-02-14 00:00:00,000;2024-02-20 00:00:00,000;5028;2024-03-21 00:00:00,000
5046;2024-02-14 00:00:00,000;"L003";"A10008";90;36;36;2024-02-19 00:00:00,000;2024-02-21 00:00:00,000;5044;2024-03-21 00:00:00,000
5064;2024-02-15 00:00:00,000;"L003";"A10008";60;353;353;2024-02-20 00:00:00,000;2024-02-23 00:00:00,000;5064;2024-03-21 00:00:00,000
5083;2024-02-19 00:00:00,000;"L003";"A10008";145;383;383;2024-02-22 00:00:00,000;2024-02-27 00:00:00,000;5106;2024-03-28 00:00:00,000
5136;2024-02-21 00:00:00,000;"L003";"A10008";150;348;348;2024-02-22 00:00:00,000;2024-02-26 00:00:00,000;5099;2024-03-28 00:00:00,000
5163;2024-02-22 00:00:00,000;"L003";"A10008";60;314;314;2024-02-26 00:00:00,000;2024-03-01 00:00:00,000;5168;2024-03-28 00:00:00,000
5212;2024-02-28 00:00:00,000;"L003";"A10008";110;368;368;2024-03-04 00:00:00,000;2024-03-08 00:00:00,000;5244;2024-04-04 00:00:00,000
5239;2024-02-29 00:00:00,000;"L003";"A10008";10;322;322;2024-03-01 00:00:00,000;2024-03-04 00:00:00,000;5196;2024-04-04 00:00:00,000
5257;2024-03-01 00:00:00,000;"L003";"A10008";160;301;301;2024-03-05 00:00:00,000;2024-03-11 00:00:00,000;5266;2024-04-11 00:00:00,000
5303;2024-03-06 00:00:00,000;"L003";"A10008";75;33;33;2024-03-11 00:00:00,000;2024-03-11 00:00:00,000;5283;2024-04-11 00:00:00,000
5316;2024-03-07 00:00:00,000;"L003";"A10008";15;323;323;2024-03-11 00:00:00,000;2024-03-15 00:00:00,000;5322;2024-04-11 00:00:00,000
5344;2024-03-11 00:00:00,000;"L003";"A10008";55;372;372;2024-03-15 00:00:00,000;2024-03-18 00:00:00,000;5342;2024-04-18 00:00:00,000
5366;2024-03-12 00:00:00,000;"L003";"A10008";115;383;383;2024-03-18 00:00:00,000;2024-03-21 00:00:00,000;5397;2024-04-18 00:00:00,000
5386;2024-03-13 00:00:00,000;"L003";"A10008";140;32;32;2024-03-15 00:00:00,000;2024-03-19 00:00:00,000;5367;2024-04-18 00:00:00,000
5409;2024-03-14 00:00:00,000;"L003";"A10008";70;365;365;2024-03-18 00:00:00,000;2024-03-22 00:00:00,000;5419;2024-04-18 00:00:00,000
5430;2024-03-15 00:00:00,000;"L003";"A10008";50;345;345;2024-03-18 00:00:00,000;2024-03-19 00:00:00,000;5372;2024-04-18 00:00:00,000
5467;2024-03-19 00:00:00,000;"L003";"A10008";55;33;33;2024-03-21 00:00:00,000;2024-03-26 00:00:00,000;5469;2024-04-25 00:00:00,000
5480;2024-03-20 00:00:00,000;"L003";"A10008";110;358;358;2024-03-25 00:00:00,000;2024-03-29 00:00:00,000;5510;2024-04-25 00:00:00,000
5504;2024-03-21 00:00:00,000;"L003";"A10008";30;373;373;2024-03-22 00:00:00,000;2024-03-25 00:00:00,000;5462;2024-04-25 00:00:00,000
5537;2024-03-25 00:00:00,000;"L003";"A10008";70;331;331;2024-03-29 00:00:00,000;2024-04-02 00:00:00,000;5539;2024-05-02 00:00:00,000
5599;2024-03-28 00:00:00,000;"L003";"A10008";145;378;378;2024-04-02 00:00:00,000;2024-04-04 00:00:00,000;5605;2024-05-02 00:00:00,000
5630;2024-03-29 00:00:00,000;"L003";"A10008";20;316;316;2024-04-02 00:00:00,000;2024-04-08 00:00:00,000;5640;2024-05-16 00:00:00,000
5681;2024-04-04 00:00:00,000;"L003";"A10008";30;378;378;2024-04-08 00:00:00,000;2024-04-15 00:00:00,000;5692;2024-05-16 00:00:00,000
5705;2024-04-08 00:00:00,000;"L003";"A10008";165;318;318;2024-04-12 00:00:00,000;2024-04-16 00:00:00,000;5727;2024-05-16 00:00:00,000
5719;2024-04-09 00:00:00,000;"L003";"A10008";115;364;364;2024-04-11 00:00:00,000;2024-04-16 00:00:00,000;5731;2024-05-16 00:00:00,000
5745;2024-04-10 00:00:00,000;"L003";"A10008";25;351;351;2024-04-15 00:00:00,000;2024-04-22 00:00:00,000;5784;2024-05-23 00:00:00,000
5768;2024-04-11 00:00:00,000;"L003";"A10008";25;373;373;2024-04-15 00:00:00,000;2024-04-17 00:00:00,000;5756;2024-05-16 00:00:00,000
5787;2024-04-12 00:00:00,000;"L003";"A10008";30;35;35;2024-04-16 00:00:00,000;2024-04-22 00:00:00,000;5794;2024-05-23 00:00:00,000
5843;2024-04-18 00:00:00,000;"L003";"A10008";10;346;346;2024-04-19 00:00:00,000;2024-04-23 00:00:00,000;5820;2024-05-23 00:00:00,000
5876;2024-04-22 00:00:00,000;"L003";"A10008";150;372;372;2024-04-25 00:00:00,000;2024-04-30 00:00:00,000;5894;2024-05-30 00:00:00,000
5917;2024-04-24 00:00:00,000;"L003";"A10008";125;346;346;2024-04-29 00:00:00,000;2024-05-01 00:00:00,000;5917;2024-05-30 00:00:00,000
5941;2024-04-25 00:00:00,000;"L003";"A10008";90;352;352;2024-04-29 00:00:00,000;2024-05-06 00:00:00,000;5970;2024-06-06 00:00:00,000
5979;2024-04-29 00:00:00,000;"L003";"A10008";155;366;366;2024-05-02 00:00:00,000;2024-05-08 00:00:00,000;6006;2024-06-06 00:00:00,000
6001;2024-04-30 00:00:00,000;"L003";"A10008";45;322;322;2024-05-06 00:00:00,000;2024-05-10 00:00:00,000;6030;2024-06-06 00:00:00,000
6014;2024-05-01 00:00:00,000;"L003";"A10008";60;327;327;2024-05-06 00:00:00,000;2024-05-10 00:00:00,000;6033;2024-06-06 00:00:00,000
6035;2024-05-02 00:00:00,000;"L003";"A10008";180;367;367;2024-05-06 00:00:00,000;2024-05-13 00:00:00,000;6055;2024-06-13 00:00:00,000
6108;2024-05-10 00:00:00,000;"L003";"A10008";180;306;306;2024-05-13 00:00:00,000;2024-05-14 00:00:00,000;6079;2024-06-13 00:00:00,000
6130;2024-05-13 00:00:00,000;"L003";"A10008";145;384;384;2024-05-14 00:00:00,000;2024-05-21 00:00:00,000;6130;2024-06-20 00:00:00,000
6186;2024-05-16 00:00:00,000;"L003";"A10008";35;373;373;2024-05-21 00:00:00,000;2024-05-24 00:00:00,000;6192;2024-06-20 00:00:00,000
6199;2024-05-17 00:00:00,000;"L003";"A10008";95;333;333;2024-05-21 00:00:00,000;2024-05-27 00:00:00,000;6203;2024-06-27 00:00:00,000
6212;2024-05-21 00:00:00,000;"L003";"A10008";25;36;36;2024-05-23 00:00:00,000;2024-05-28 00:00:00,000;6219;2024-06-27 00:00:00,000
6242;2024-05-23 00:00:00,000;"L003";"A10008";70;323;323;2024-05-27 00:00:00,000;2024-05-31 00:00:00,000;6261;2024-06-27 00:00:00,000
6267;2024-05-24 00:00:00,000;"L003";"A10008";105;343;343;2024-05-29 00:00:00,000;2024-06-05 00:00:00,000;6324;2024-07-04 00:00:00,000
6313;2024-05-28 00:00:00,000;"L003";"A10008";40;347;347;2024-05-29 00:00:00,000;2024-06-03 00:00:00,000;6301;2024-07-04 00:00:00,000
6348;2024-05-30 00:00:00,000;"L003";"A10008";90;317;317;2024-05-31 00:00:00,000;2024-06-03 00:00:00,000;6309;2024-07-04 00:00:00,000
6390;2024-06-04 00:00:00,000;"L003";"A10008";95;355;355;2024-06-07 00:00:00,000;2024-06-13 00:00:00,000;6405;2024-07-11 00:00:00,000
6416;2024-06-06 00:00:00,000;"L003";"A10008";25;357;357;2024-06-10 00:00:00,000;2024-06-17 00:00:00,000;6425;2024-07-18 00:00:00,000
6425;2024-06-07 00:00:00,000;"L003";"A10008";85;322;322;2024-06-10 00:00:00,000;2024-06-13 00:00:00,000;6412;2024-07-11 00:00:00,000
6462;2024-06-12 00:00:00,000;"L003";"A10008";85;327;327;2024-06-17 00:00:00,000;2024-06-19 00:00:00,000;6467;2024-07-18 00:00:00,000
6504;2024-06-14 00:00:00,000;"L003";"A10008";105;329;329;2024-06-17 00:00:00,000;2024-06-24 00:00:00,000;6520;2024-07-25 00:00:00,000
6534;2024-06-17 00:00:00,000;"L003";"A10008";55;353;353;2024-06-19 00:00:00,000;2024-06-24 00:00:00,000;6532;2024-07-25 00:00:00,000
6552;2024-06-18 00:00:00,000;"L003";"A10008";65;332;332;2024-06-19 00:00:00,000;2024-06-24 00:00:00,000;6541;2024-07-25 00:00:00,000
6569;2024-06-19 00:00:00,000;"L003";"A10008";80;305;305;2024-06-21 00:00:00,000;2024-06-25 00:00:00,000;6563;2024-07-25 00:00:00,000
6595;2024-06-20 00:00:00,000;"L003";"A10008";25;331;331;2024-06-24 00:00:00,000;2024-06-27 00:00:00,000;6592;2024-07-25 00:00:00,000
6614;2024-06-21 00:00:00,000;"L003";"A10008";270;352;352;2024-06-26 00:00:00,000;2024-07-01 00:00:00,000;6628;2024-08-01 00:00:00,000
6641;2024-06-24 00:00:00,000;"L003";"A10008";15;343;343;2024-06-27 00:00:00,000;2024-07-02 00:00:00,000;6654;2024-08-01 00:00:00,000
6657;2024-06-25 00:00:00,000;"L003";"A10008";110;313;313;2024-06-27 00:00:00,000;2024-07-03 00:00:00,000;6672;2024-08-01 00:00:00,000
6680;2024-06-26 00:00:00,000;"L003";"A10008";30;332;332;2024-07-01 00:00:00,000;2024-07-08 00:00:00,000;6720;2024-08-08 00:00:00,000
6703;2024-06-27 00:00:00,000;"L003";"A10008";90;344;344;2024-07-01 00:00:00,000;2024-07-05 00:00:00,000;6711;2024-08-01 00:00:00,000
6716;2024-06-28 00:00:00,000;"L003";"A10008";110;365;365;2024-07-02 00:00:00,000;2024-07-08 00:00:00,000;6727;2024-08-08 00:00:00,000
6736;2024-07-01 00:00:00,000;"L003";"A10008";590;344;344;2024-07-02 00:00:00,000;2024-07-08 00:00:00,000;6733;2024-08-08 00:00:00,000
6774;2024-07-02 00:00:00,000;"L003";"A10008";45;323;323;2024-07-03 00:00:00,000;2024-07-08 00:00:00,000;6753;2024-08-08 00:00:00,000
6805;2024-07-05 00:00:00,000;"L003";"A10008";50;368;368;2024-07-08 00:00:00,000;2024-07-11 00:00:00,000;6791;2024-08-08 00:00:00,000
6832;2024-07-09 00:00:00,000;"L003";"A10008";120;331;331;2024-07-10 00:00:00,000;2024-07-15 00:00:00,000;6821;2024-08-15 00:00:00,000
6899;2024-07-12 00:00:00,000;"L003";"A10008";185;328;328;2024-07-15 00:00:00,000;2024-07-18 00:00:00,000;6871;2024-08-15 00:00:00,000
6929;2024-07-15 00:00:00,000;"L003";"A10008";170;311;311;2024-07-16 00:00:00,000;2024-07-22 00:00:00,000;6925;2024-08-22 00:00:00,000
6959;2024-07-16 00:00:00,000;"L003";"A10008";125;331;331;2024-07-22 00:00:00,000;2024-07-26 00:00:00,000;7011;2024-08-22 00:00:00,000
7000;2024-07-18 00:00:00,000;"L003";"A10008";120;318;318;2024-07-23 00:00:00,000;2024-07-25 00:00:00,000;7000;2024-08-22 00:00:00,000
7042;2024-07-22 00:00:00,000;"L003";"A10008";140;299;299;2024-07-26 00:00:00,000;2024-07-31 00:00:00,000;7071;2024-08-29 00:00:00,000
7059;2024-07-23 00:00:00,000;"L003";"A10008";95;364;364;2024-07-25 00:00:00,000;2024-07-29 00:00:00,000;7052;2024-08-29 00:00:00,000
7075;2024-07-24 00:00:00,000;"L003";"A10008";195;301;301;2024-07-29 00:00:00,000;2024-08-05 00:00:00,000;7117;2024-09-05 00:00:00,000
7098;2024-07-25 00:00:00,000;"L003";"A10008";35;331;331;2024-07-29 00:00:00,000;2024-08-05 00:00:00,000;7120;2024-09-05 00:00:00,000
7122;2024-07-26 00:00:00,000;"L003";"A10008";35;346;346;2024-07-30 00:00:00,000;2024-08-05 00:00:00,000;7128;2024-09-05 00:00:00,000
7136;2024-07-29 00:00:00,000;"L003";"A10008";40;379;379;2024-08-02 00:00:00,000;2024-08-06 00:00:00,000;7151;2024-09-05 00:00:00,000
7152;2024-07-30 00:00:00,000;"L003";"A10008";95;31;31;2024-08-02 00:00:00,000;2024-08-08 00:00:00,000;7183;2024-09-05 00:00:00,000
7169;2024-07-31 00:00:00,000;"L003";"A10008";30;378;378;2024-08-05 00:00:00,000;2024-08-12 00:00:00,000;7206;2024-09-12 00:00:00,000
7186;2024-08-01 00:00:00,000;"L003";"A10008";35;346;346;2024-08-05 00:00:00,000;2024-08-05 00:00:00,000;7147;2024-09-05 00:00:00,000
7253;2024-08-07 00:00:00,000;"L003";"A10008";210;362;362;2024-08-12 00:00:00,000;2024-08-12 00:00:00,000;7225;2024-09-12 00:00:00,000
7291;2024-08-09 00:00:00,000;"L003";"A10008";75;327;327;2024-08-12 00:00:00,000;2024-08-14 00:00:00,000;7256;2024-09-12 00:00:00,000
7310;2024-08-12 00:00:00,000;"L003";"A10008";75;345;345;2024-08-16 00:00:00,000;2024-08-22 00:00:00,000;7343;2024-09-19 00:00:00,000
7325;2024-08-13 00:00:00,000;"L003";"A10008";120;358;358;2024-08-16 00:00:00,000;2024-08-22 00:00:00,000;7345;2024-09-19 00:00:00,000
7340;2024-08-14 00:00:00,000;"L003";"A10008";70;342;342;2024-08-15 00:00:00,000;2024-08-20 00:00:00,000;7334;2024-09-19 00:00:00,000
7388;2024-08-19 00:00:00,000;"L003";"A10008";35;329;329;2024-08-22 00:00:00,000;2024-08-26 00:00:00,000;7389;2024-09-26 00:00:00,000
7400;2024-08-20 00:00:00,000;"L003";"A10008";15;362;362;2024-08-26 00:00:00,000;2024-08-28 00:00:00,000;7417;2024-09-26 00:00:00,000
7414;2024-08-21 00:00:00,000;"L003";"A10008";45;359;359;2024-08-22 00:00:00,000;2024-08-26 00:00:00,000;7400;2024-09-26 00:00:00,000
7444;2024-08-23 00:00:00,000;"L003";"A10008";15;341;341;2024-08-27 00:00:00,000;2024-08-29 00:00:00,000;7437;2024-09-26 00:00:00,000
7472;2024-08-27 00:00:00,000;"L003";"A10008";30;323;323;2024-08-29 00:00:00,000;2024-09-04 00:00:00,000;7490;2024-10-03 00:00:00,000
7492;2024-08-28 00:00:00,000;"L003";"A10008";120;346;346;2024-09-02 00:00:00,000;2024-09-06 00:00:00,000;7517;2024-10-03 00:00:00,000
7517;2024-08-29 00:00:00,000;"L003";"A10008";110;331;331;2024-08-30 00:00:00,000;2024-09-04 00:00:00,000;7502;2024-10-03 00:00:00,000
7538;2024-08-30 00:00:00,000;"L003";"A10008";135;377;377;2024-09-04 00:00:00,000;2024-09-09 00:00:00,000;7543;2024-10-10 00:00:00,000
7548;2024-09-03 00:00:00,000;"L003";"A10008";75;342;342;2024-09-05 00:00:00,000;2024-09-09 00:00:00,000;7546;2024-10-10 00:00:00,000
7569;2024-09-04 00:00:00,000;"L003";"A10008";185;366;366;2024-09-09 00:00:00,000;2024-09-13 00:00:00,000;7594;2024-10-10 00:00:00,000
7592;2024-09-05 00:00:00,000;"L003";"A10008";60;373;373;2024-09-09 00:00:00,000;2024-09-12 00:00:00,000;7582;2024-10-10 00:00:00,000
7637;2024-09-10 00:00:00,000;"L003";"A10008";20;389;389;2024-09-13 00:00:00,000;2024-09-17 00:00:00,000;7639;2024-10-17 00:00:00,000
7653;2024-09-11 00:00:00,000;"L003";"A10008";40;316;316;2024-09-16 00:00:00,000;2024-09-19 00:00:00,000;7658;2024-10-17 00:00:00,000
7669;2024-09-12 00:00:00,000;"L003";"A10008";95;391;391;2024-09-17 00:00:00,000;2024-09-23 00:00:00,000;7681;2024-10-24 00:00:00,000
7681;2024-09-13 00:00:00,000;"L003";"A10008";80;4;4;2024-09-17 00:00:00,000;2024-09-20 00:00:00,000;7671;2024-10-17 00:00:00,000
7700;2024-09-17 00:00:00,000;"L003";"A10008";30;344;344;2024-09-23 00:00:00,000;2024-09-27 00:00:00,000;7743;2024-10-24 00:00:00,000
7715;2024-09-18 00:00:00,000;"L003";"A10008";105;373;373;2024-09-23 00:00:00,000;2024-09-27 00:00:00,000;7747;2024-10-24 00:00:00,000
7740;2024-09-19 00:00:00,000;"L003";"A10008";35;361;361;2024-09-23 00:00:00,000;2024-09-30 00:00:00,000;7767;2024-10-31 00:00:00,000
7760;2024-09-20 00:00:00,000;"L003";"A10008";30;336;336;2024-09-23 00:00:00,000;2024-09-30 00:00:00,000;7771;2024-10-31 00:00:00,000
7772;2024-09-23 00:00:00,000;"L003";"A10008";295;36;36;2024-09-24 00:00:00,000;2024-09-30 00:00:00,000;7776;2024-10-31 00:00:00,000
7801;2024-09-24 00:00:00,000;"L003";"A10008";160;388;388;2024-09-27 00:00:00,000;2024-10-01 00:00:00,000;7804;2024-10-31 00:00:00,000
7825;2024-09-25 00:00:00,000;"L003";"A10008";175;339;339;2024-09-26 00:00:00,000;2024-10-03 00:00:00,000;7835;2024-10-31 00:00:00,000
7862;2024-09-27 00:00:00,000;"L003";"A10008";115;361;361;2024-09-30 00:00:00,000;2024-10-03 00:00:00,000;7842;2024-10-31 00:00:00,000
7871;2024-09-30 00:00:00,000;"L003";"A10008";50;399;399;2024-10-01 00:00:00,000;2024-10-03 00:00:00,000;7844;2024-10-31 00:00:00,000
7883;2024-10-01 00:00:00,000;"L003";"A10008";90;375;375;2024-10-04 00:00:00,000;2024-10-10 00:00:00,000;7912;2024-11-07 00:00:00,000
7913;2024-10-02 00:00:00,000;"L003";"A10008";45;304;304;2024-10-07 00:00:00,000;2024-10-10 00:00:00,000;7917;2024-11-07 00:00:00,000
7939;2024-10-03 00:00:00,000;"L003";"A10008";15;345;345;2024-10-07 00:00:00,000;2024-10-14 00:00:00,000;7944;2024-11-14 00:00:00,000
7949;2024-10-04 00:00:00,000;"L003";"A10008";90;38;38;2024-10-08 00:00:00,000;2024-10-10 00:00:00,000;7925;2024-11-07 00:00:00,000
7969;2024-10-08 00:00:00,000;"L003";"A10008";115;342;342;2024-10-09 00:00:00,000;2024-10-14 00:00:00,000;7962;2024-11-14 00:00:00,000
7991;2024-10-10 00:00:00,000;"L003";"A10008";15;317;317;2024-10-14 00:00:00,000;2024-10-18 00:00:00,000;8002;2024-11-14 00:00:00,000
8011;2024-10-11 00:00:00,000;"L003";"A10008";100;328;328;2024-10-14 00:00:00,000;2024-10-15 00:00:00,000;7979;2024-11-14 00:00:00,000
8024;2024-10-14 00:00:00,000;"L003";"A10008";85;369;369;2024-10-17 00:00:00,000;2024-10-21 00:00:00,000;8022;2024-11-21 00:00:00,000
8055;2024-10-16 00:00:00,000;"L003";"A10008";45;358;358;2024-10-18 00:00:00,000;2024-10-21 00:00:00,000;8034;2024-11-21 00:00:00,000
8084;2024-10-17 00:00:00,000;"L003";"A10008";90;375;375;2024-10-18 00:00:00,000;2024-10-23 00:00:00,000;8072;2024-11-21 00:00:00,000
8108;2024-10-18 00:00:00,000;"L003";"A10008";160;346;346;2024-10-21 00:00:00,000;2024-10-25 00:00:00,000;8107;2024-11-21 00:00:00,000
8178;2024-10-24 00:00:00,000;"L003";"A10008";95;336;336;2024-10-28 00:00:00,000;2024-10-29 00:00:00,000;8152;2024-11-28 00:00:00,000
8192;2024-10-25 00:00:00,000;"L003";"A10008";20;362;362;2024-10-28 00:00:00,000;2024-11-04 00:00:00,000;8200;2024-12-05 00:00:00,000
8208;2024-10-28 00:00:00,000;"L003";"A10008";70;377;377;2024-10-29 00:00:00,000;2024-11-04 00:00:00,000;8206;2024-12-05 00:00:00,000
8224;2024-10-30 00:00:00,000;"L003";"A10008";135;319;319;2024-11-04 00:00:00,000;2024-11-11 00:00:00,000;8262;2024-12-12 00:00:00,000
8372;2024-11-12 00:00:00,000;"L003";"A10008";85;346;346;2024-11-18 00:00:00,000;2024-11-20 00:00:00,000;8388;2024-12-19 00:00:00,000
8404;2024-11-14 00:00:00,000;"L003";"A10008";25;358;358;2024-11-15 00:00:00,000;2024-11-18 00:00:00,000;8366;2024-12-19 00:00:00,000
4099;2023-11-24 00:00:00,000;"L003";"A10001";50;58;58;2023-11-28 00:00:00,000;2023-12-04 00:00:00,000;4108;2024-01-04 00:00:00,000
4175;2023-11-30 00:00:00,000;"L003";"A10001";85;53;53;2023-12-04 00:00:00,000;2023-12-08 00:00:00,000;4193;2024-01-04 00:00:00,000
4193;2023-12-01 00:00:00,000;"L003";"A10001";65;51;51;2023-12-04 00:00:00,000;2023-12-05 00:00:00,000;4148;2024-01-04 00:00:00,000
4237;2023-12-05 00:00:00,000;"L003";"A10001";10;53;53;2023-12-11 00:00:00,000;2023-12-14 00:00:00,000;4266;2024-01-11 00:00:00,000
4255;2023-12-06 00:00:00,000;"L003";"A10001";65;56;56;2023-12-11 00:00:00,000;2023-12-18 00:00:00,000;4283;2024-01-18 00:00:00,000
4287;2023-12-08 00:00:00,000;"L003";"A10001";35;56;56;2023-12-11 00:00:00,000;2023-12-18 00:00:00,000;4288;2024-01-18 00:00:00,000
4293;2023-12-11 00:00:00,000;"L003";"A10001";70;56;56;2023-12-18 00:00:00,000;2023-12-27 00:00:00,000;4365;2024-01-25 00:00:00,000
4333;2023-12-13 00:00:00,000;"L003";"A10001";65;54;54;2023-12-18 00:00:00,000;2023-12-19 00:00:00,000;4323;2024-01-18 00:00:00,000
4345;2023-12-14 00:00:00,000;"L003";"A10001";30;57;57;2023-12-18 00:00:00,000;2023-12-19 00:00:00,000;4326;2024-01-18 00:00:00,000
4362;2023-12-15 00:00:00,000;"L003";"A10001";60;57;57;2023-12-18 00:00:00,000;2023-12-27 00:00:00,000;4371;2024-01-25 00:00:00,000
4415;2023-12-20 00:00:00,000;"L003";"A10001";70;56;56;2023-12-21 00:00:00,000;2023-12-27 00:00:00,000;4403;2024-01-25 00:00:00,000
4434;2023-12-21 00:00:00,000;"L003";"A10001";95;56;56;2023-12-27 00:00:00,000;2023-12-29 00:00:00,000;4446;2024-01-25 00:00:00,000
4466;2023-12-27 00:00:00,000;"L003";"A10001";55;57;57;2024-01-02 00:00:00,000;2024-01-03 00:00:00,000;4473;2024-02-01 00:00:00,000
4499;2023-12-29 00:00:00,000;"L003";"A10001";115;52;52;2024-01-02 00:00:00,000;2024-01-02 00:00:00,000;4472;2024-02-01 00:00:00,000
4517;2024-01-02 00:00:00,000;"L003";"A10001";70;54;54;2024-01-08 00:00:00,000;2024-01-10 00:00:00,000;4538;2024-02-08 00:00:00,000
4545;2024-01-04 00:00:00,000;"L003";"A10001";30;5;5;2024-01-09 00:00:00,000;2024-01-15 00:00:00,000;4577;2024-02-15 00:00:00,000
4567;2024-01-05 00:00:00,000;"L003";"A10001";45;54;54;2024-01-10 00:00:00,000;2024-01-12 00:00:00,000;4568;2024-02-08 00:00:00,000
4592;2024-01-09 00:00:00,000;"L003";"A10001";45;57;57;2024-01-15 00:00:00,000;2024-01-19 00:00:00,000;4648;2024-02-15 00:00:00,000
4617;2024-01-10 00:00:00,000;"L003";"A10001";105;54;54;2024-01-15 00:00:00,000;2024-01-18 00:00:00,000;4632;2024-02-15 00:00:00,000
4683;2024-01-15 00:00:00,000;"L003";"A10001";30;56;56;2024-01-17 00:00:00,000;2024-01-22 00:00:00,000;4685;2024-02-22 00:00:00,000
4733;2024-01-19 00:00:00,000;"L003";"A10001";145;52;52;2024-01-22 00:00:00,000;2024-01-26 00:00:00,000;4733;2024-02-22 00:00:00,000
4750;2024-01-22 00:00:00,000;"L003";"A10001";35;56;56;2024-01-26 00:00:00,000;2024-01-30 00:00:00,000;4776;2024-02-29 00:00:00,000
4793;2024-01-24 00:00:00,000;"L003";"A10001";225;58;58;2024-01-25 00:00:00,000;2024-01-29 00:00:00,000;4770;2024-02-29 00:00:00,000
4812;2024-01-25 00:00:00,000;"L003";"A10001";70;51;51;2024-01-29 00:00:00,000;2024-02-02 00:00:00,000;4813;2024-02-29 00:00:00,000
4825;2024-01-26 00:00:00,000;"L003";"A10001";90;57;57;2024-01-29 00:00:00,000;2024-02-05 00:00:00,000;4831;2024-03-07 00:00:00,000
4841;2024-01-29 00:00:00,000;"L003";"A10001";155;56;56;2024-01-31 00:00:00,000;2024-02-02 00:00:00,000;4817;2024-02-29 00:00:00,000
4877;2024-01-31 00:00:00,000;"L003";"A10001";20;59;59;2024-02-02 00:00:00,000;2024-02-08 00:00:00,000;4887;2024-03-07 00:00:00,000
4948;2024-02-07 00:00:00,000;"L003";"A10001";120;5;5;2024-02-09 00:00:00,000;2024-02-13 00:00:00,000;4939;2024-03-14 00:00:00,000
4968;2024-02-08 00:00:00,000;"L003";"A10001";80;58;58;2024-02-12 00:00:00,000;2024-02-16 00:00:00,000;4975;2024-03-14 00:00:00,000
4995;2024-02-12 00:00:00,000;"L003";"A10001";90;5;5;2024-02-14 00:00:00,000;2024-02-16 00:00:00,000;4980;2024-03-14 00:00:00,000
5078;2024-02-19 00:00:00,000;"L003";"A10001";40;56;56;2024-02-22 00:00:00,000;2024-02-26 00:00:00,000;5079;2024-03-28 00:00:00,000
5102;2024-02-20 00:00:00,000;"L003";"A10001";80;52;52;2024-02-23 00:00:00,000;2024-02-29 00:00:00,000;5144;2024-03-28 00:00:00,000
5131;2024-02-21 00:00:00,000;"L003";"A10001";90;49;49;2024-02-23 00:00:00,000;2024-02-26 00:00:00,000;5098;2024-03-28 00:00:00,000
5159;2024-02-22 00:00:00,000;"L003";"A10001";95;52;52;2024-02-23 00:00:00,000;2024-02-28 00:00:00,000;5136;2024-03-28 00:00:00,000
5182;2024-02-26 00:00:00,000;"L003";"A10001";55;58;58;2024-02-29 00:00:00,000;2024-03-04 00:00:00,000;5182;2024-04-04 00:00:00,000
5197;2024-02-27 00:00:00,000;"L003";"A10001";30;54;54;2024-03-04 00:00:00,000;2024-03-08 00:00:00,000;5241;2024-04-04 00:00:00,000
5235;2024-02-29 00:00:00,000;"L003";"A10001";35;57;57;2024-03-01 00:00:00,000;2024-03-06 00:00:00,000;5221;2024-04-04 00:00:00,000
5253;2024-03-01 00:00:00,000;"L003";"A10001";25;56;56;2024-03-06 00:00:00,000;2024-03-12 00:00:00,000;5288;2024-04-11 00:00:00,000
5293;2024-03-05 00:00:00,000;"L003";"A10001";40;56;56;2024-03-08 00:00:00,000;2024-03-14 00:00:00,000;5313;2024-04-11 00:00:00,000
5330;2024-03-08 00:00:00,000;"L003";"A10001";45;57;57;2024-03-13 00:00:00,000;2024-03-18 00:00:00,000;5334;2024-04-18 00:00:00,000
5361;2024-03-12 00:00:00,000;"L003";"A10001";25;54;54;2024-03-15 00:00:00,000;2024-03-20 00:00:00,000;5377;2024-04-18 00:00:00,000
5381;2024-03-13 00:00:00,000;"L003";"A10001";165;6;6;2024-03-14 00:00:00,000;2024-03-18 00:00:00,000;5353;2024-04-18 00:00:00,000
5407;2024-03-14 00:00:00,000;"L003";"A10001";15;49;49;2024-03-18 00:00:00,000;2024-03-22 00:00:00,000;5417;2024-04-18 00:00:00,000
5427;2024-03-15 00:00:00,000;"L003";"A10001";25;54;54;2024-03-18 00:00:00,000;2024-03-20 00:00:00,000;5393;2024-04-18 00:00:00,000
5447;2024-03-18 00:00:00,000;"L003";"A10001";185;52;52;2024-03-22 00:00:00,000;2024-03-25 00:00:00,000;5447;2024-04-25 00:00:00,000
5465;2024-03-19 00:00:00,000;"L003";"A10001";80;48;48;2024-03-20 00:00:00,000;2024-03-25 00:00:00,000;5454;2024-04-25 00:00:00,000
5477;2024-03-20 00:00:00,000;"L003";"A10001";95;54;54;2024-03-21 00:00:00,000;2024-03-26 00:00:00,000;5471;2024-04-25 00:00:00,000
5516;2024-03-22 00:00:00,000;"L003";"A10001";60;54;54;2024-03-25 00:00:00,000;2024-04-02 00:00:00,000;5528;2024-05-02 00:00:00,000
5571;2024-03-27 00:00:00,000;"L003";"A10001";105;47;47;2024-03-29 00:00:00,000;2024-04-02 00:00:00,000;5565;2024-05-02 00:00:00,000
5624;2024-03-29 00:00:00,000;"L003";"A10001";140;51;51;2024-04-02 00:00:00,000;2024-04-05 00:00:00,000;5618;2024-05-02 00:00:00,000
5677;2024-04-04 00:00:00,000;"L003";"A10001";10;52;52;2024-04-08 00:00:00,000;2024-04-11 00:00:00,000;5677;2024-05-16 00:00:00,000
5715;2024-04-09 00:00:00,000;"L003";"A10001";40;52;52;2024-04-11 00:00:00,000;2024-04-16 00:00:00,000;5729;2024-05-16 00:00:00,000
5740;2024-04-10 00:00:00,000;"L003";"A10001";50;63;63;2024-04-15 00:00:00,000;2024-04-22 00:00:00,000;5783;2024-05-23 00:00:00,000
5762;2024-04-11 00:00:00,000;"L003";"A10001";55;58;58;2024-04-15 00:00:00,000;2024-04-15 00:00:00,000;5725;2024-05-16 00:00:00,000
5803;2024-04-15 00:00:00,000;"L003";"A10001";45;57;57;2024-04-18 00:00:00,000;2024-04-22 00:00:00,000;5802;2024-05-23 00:00:00,000
5817;2024-04-16 00:00:00,000;"L003";"A10001";75;56;56;2024-04-17 00:00:00,000;2024-04-22 00:00:00,000;5807;2024-05-23 00:00:00,000
5829;2024-04-17 00:00:00,000;"L003";"A10001";35;59;59;2024-04-22 00:00:00,000;2024-04-25 00:00:00,000;5838;2024-05-23 00:00:00,000
5839;2024-04-18 00:00:00,000;"L003";"A10001";95;51;51;2024-04-19 00:00:00,000;2024-04-24 00:00:00,000;5829;2024-05-23 00:00:00,000
5872;2024-04-22 00:00:00,000;"L003";"A10001";25;56;56;2024-04-26 00:00:00,000;2024-05-03 00:00:00,000;5950;2024-05-30 00:00:00,000
5914;2024-04-24 00:00:00,000;"L003";"A10001";95;54;54;2024-04-29 00:00:00,000;2024-04-30 00:00:00,000;5900;2024-05-30 00:00:00,000
5937;2024-04-25 00:00:00,000;"L003";"A10001";20;56;56;2024-04-26 00:00:00,000;2024-05-01 00:00:00,000;5920;2024-05-30 00:00:00,000
5976;2024-04-29 00:00:00,000;"L003";"A10001";10;54;54;2024-05-01 00:00:00,000;2024-05-06 00:00:00,000;5979;2024-06-06 00:00:00,000
5998;2024-04-30 00:00:00,000;"L003";"A10001";15;59;59;2024-05-06 00:00:00,000;2024-05-10 00:00:00,000;6028;2024-06-06 00:00:00,000
6010;2024-05-01 00:00:00,000;"L003";"A10001";35;51;51;2024-05-06 00:00:00,000;2024-05-13 00:00:00,000;6050;2024-06-13 00:00:00,000
6030;2024-05-02 00:00:00,000;"L003";"A10001";40;56;56;2024-05-06 00:00:00,000;2024-05-10 00:00:00,000;6037;2024-06-06 00:00:00,000
6083;2024-05-08 00:00:00,000;"L003";"A10001";95;54;54;2024-05-10 00:00:00,000;2024-05-15 00:00:00,000;6083;2024-06-13 00:00:00,000
6103;2024-05-10 00:00:00,000;"L003";"A10001";55;53;53;2024-05-13 00:00:00,000;2024-05-15 00:00:00,000;6090;2024-06-13 00:00:00,000
6148;2024-05-14 00:00:00,000;"L003";"A10001";20;53;53;2024-05-17 00:00:00,000;2024-05-24 00:00:00,000;6182;2024-06-20 00:00:00,000
6182;2024-05-16 00:00:00,000;"L003";"A10001";35;57;57;2024-05-21 00:00:00,000;2024-05-21 00:00:00,000;6158;2024-06-20 00:00:00,000
6196;2024-05-17 00:00:00,000;"L003";"A10001";105;52;52;2024-05-21 00:00:00,000;2024-05-22 00:00:00,000;6170;2024-06-20 00:00:00,000
6210;2024-05-21 00:00:00,000;"L003";"A10001";15;59;59;2024-05-23 00:00:00,000;2024-05-29 00:00:00,000;6227;2024-06-27 00:00:00,000
6237;2024-05-23 00:00:00,000;"L003";"A10001";45;54;54;2024-05-24 00:00:00,000;2024-05-30 00:00:00,000;6242;2024-06-27 00:00:00,000
6309;2024-05-28 00:00:00,000;"L003";"A10001";10;61;61;2024-05-29 00:00:00,000;2024-06-03 00:00:00,000;6300;2024-07-04 00:00:00,000
6343;2024-05-30 00:00:00,000;"L003";"A10001";20;6;6;2024-06-03 00:00:00,000;2024-06-10 00:00:00,000;6365;2024-07-11 00:00:00,000
6396;2024-06-05 00:00:00,000;"L003";"A10001";70;49;49;2024-06-06 00:00:00,000;2024-06-10 00:00:00,000;6381;2024-07-11 00:00:00,000
6415;2024-06-06 00:00:00,000;"L003";"A10001";40;63;63;2024-06-10 00:00:00,000;2024-06-13 00:00:00,000;6410;2024-07-11 00:00:00,000
6423;2024-06-07 00:00:00,000;"L003";"A10001";20;56;56;2024-06-10 00:00:00,000;2024-06-17 00:00:00,000;6428;2024-07-18 00:00:00,000
6457;2024-06-12 00:00:00,000;"L003";"A10001";215;53;53;2024-06-17 00:00:00,000;2024-06-19 00:00:00,000;6466;2024-07-18 00:00:00,000
6498;2024-06-14 00:00:00,000;"L003";"A10001";15;52;52;2024-06-19 00:00:00,000;2024-06-24 00:00:00,000;6517;2024-07-25 00:00:00,000
6530;2024-06-17 00:00:00,000;"L003";"A10001";50;54;54;2024-06-19 00:00:00,000;2024-06-24 00:00:00,000;6529;2024-07-25 00:00:00,000
6565;2024-06-19 00:00:00,000;"L003";"A10001";50;52;52;2024-06-24 00:00:00,000;2024-07-01 00:00:00,000;6621;2024-08-01 00:00:00,000
6592;2024-06-20 00:00:00,000;"L003";"A10001";70;53;53;2024-06-24 00:00:00,000;2024-07-01 00:00:00,000;6623;2024-08-01 00:00:00,000
6639;2024-06-24 00:00:00,000;"L003";"A10001";65;57;57;2024-06-25 00:00:00,000;2024-07-02 00:00:00,000;6653;2024-08-01 00:00:00,000
6676;2024-06-26 00:00:00,000;"L003";"A10001";30;54;54;2024-06-28 00:00:00,000;2024-07-04 00:00:00,000;6694;2024-08-01 00:00:00,000
6700;2024-06-27 00:00:00,000;"L003";"A10001";15;47;47;2024-07-01 00:00:00,000;2024-07-05 00:00:00,000;6710;2024-08-01 00:00:00,000
6712;2024-06-28 00:00:00,000;"L003";"A10001";90;57;57;2024-07-01 00:00:00,000;2024-07-08 00:00:00,000;6726;2024-08-08 00:00:00,000
6731;2024-07-01 00:00:00,000;"L003";"A10001";535;54;54;2024-07-05 00:00:00,000;2024-07-11 00:00:00,000;6774;2024-08-08 00:00:00,000
6828;2024-07-09 00:00:00,000;"L003";"A10001";30;6;6;2024-07-11 00:00:00,000;2024-07-15 00:00:00,000;6818;2024-08-15 00:00:00,000
6868;2024-07-11 00:00:00,000;"L003";"A10001";130;6;6;2024-07-15 00:00:00,000;2024-07-18 00:00:00,000;6864;2024-08-15 00:00:00,000
6894;2024-07-12 00:00:00,000;"L003";"A10001";150;56;56;2024-07-17 00:00:00,000;2024-07-22 00:00:00,000;6910;2024-08-22 00:00:00,000
6925;2024-07-15 00:00:00,000;"L003";"A10001";115;58;58;2024-07-17 00:00:00,000;2024-07-24 00:00:00,000;6969;2024-08-22 00:00:00,000
6955;2024-07-16 00:00:00,000;"L003";"A10001";80;53;53;2024-07-18 00:00:00,000;2024-07-23 00:00:00,000;6956;2024-08-22 00:00:00,000
6995;2024-07-18 00:00:00,000;"L003";"A10001";20;61;61;2024-07-22 00:00:00,000;2024-07-25 00:00:00,000;6998;2024-08-22 00:00:00,000
7021;2024-07-19 00:00:00,000;"L003";"A10001";85;47;47;2024-07-24 00:00:00,000;2024-07-29 00:00:00,000;7031;2024-08-29 00:00:00,000
7039;2024-07-22 00:00:00,000;"L003";"A10001";30;53;53;2024-07-23 00:00:00,000;2024-07-29 00:00:00,000;7042;2024-08-29 00:00:00,000
7056;2024-07-23 00:00:00,000;"L003";"A10001";45;52;52;2024-07-26 00:00:00,000;2024-07-29 00:00:00,000;7050;2024-08-29 00:00:00,000
7071;2024-07-24 00:00:00,000;"L003";"A10001";35;61;61;2024-07-26 00:00:00,000;2024-07-31 00:00:00,000;7074;2024-08-29 00:00:00,000
7094;2024-07-25 00:00:00,000;"L003";"A10001";55;6;6;2024-07-29 00:00:00,000;2024-08-01 00:00:00,000;7095;2024-08-29 00:00:00,000
7119;2024-07-26 00:00:00,000;"L003";"A10001";10;6;6;2024-07-29 00:00:00,000;2024-08-05 00:00:00,000;7126;2024-09-05 00:00:00,000
7168;2024-07-31 00:00:00,000;"L003";"A10001";35;62;62;2024-08-02 00:00:00,000;2024-08-08 00:00:00,000;7185;2024-09-05 00:00:00,000
7180;2024-08-01 00:00:00,000;"L003";"A10001";130;61;61;2024-08-06 00:00:00,000;2024-08-12 00:00:00,000;7208;2024-09-12 00:00:00,000
7218;2024-08-05 00:00:00,000;"L003";"A10001";20;56;56;2024-08-06 00:00:00,000;2024-08-12 00:00:00,000;7218;2024-09-12 00:00:00,000
7230;2024-08-06 00:00:00,000;"L003";"A10001";25;53;53;2024-08-08 00:00:00,000;2024-08-13 00:00:00,000;7229;2024-09-12 00:00:00,000
7247;2024-08-07 00:00:00,000;"L003";"A10001";275;65;65;2024-08-09 00:00:00,000;2024-08-16 00:00:00,000;7269;2024-09-12 00:00:00,000
7277;2024-08-08 00:00:00,000;"L003";"A10001";55;53;53;2024-08-12 00:00:00,000;2024-08-19 00:00:00,000;7292;2024-09-19 00:00:00,000
7286;2024-08-09 00:00:00,000;"L003";"A10001";95;63;63;2024-08-13 00:00:00,000;2024-08-19 00:00:00,000;7297;2024-09-19 00:00:00,000
7306;2024-08-12 00:00:00,000;"L003";"A10001";15;52;52;2024-08-13 00:00:00,000;2024-08-19 00:00:00,000;7306;2024-09-19 00:00:00,000
7321;2024-08-13 00:00:00,000;"L003";"A10001";30;54;54;2024-08-14 00:00:00,000;2024-08-20 00:00:00,000;7331;2024-09-19 00:00:00,000
7336;2024-08-14 00:00:00,000;"L003";"A10001";50;61;61;2024-08-15 00:00:00,000;2024-08-19 00:00:00,000;7323;2024-09-19 00:00:00,000
7357;2024-08-15 00:00:00,000;"L003";"A10001";70;56;56;2024-08-19 00:00:00,000;2024-08-26 00:00:00,000;7374;2024-09-26 00:00:00,000
7396;2024-08-20 00:00:00,000;"L003";"A10001";50;58;58;2024-08-22 00:00:00,000;2024-08-26 00:00:00,000;7395;2024-09-26 00:00:00,000
7425;2024-08-22 00:00:00,000;"L003";"A10001";30;59;59;2024-08-26 00:00:00,000;2024-08-29 00:00:00,000;7433;2024-09-26 00:00:00,000
7441;2024-08-23 00:00:00,000;"L003";"A10001";60;62;62;2024-08-26 00:00:00,000;2024-09-02 00:00:00,000;7454;2024-10-03 00:00:00,000
7488;2024-08-28 00:00:00,000;"L003";"A10001";45;61;61;2024-08-30 00:00:00,000;2024-09-03 00:00:00,000;7481;2024-10-03 00:00:00,000
7535;2024-08-30 00:00:00,000;"L003";"A10001";45;61;61;2024-09-03 00:00:00,000;2024-09-05 00:00:00,000;7511;2024-10-03 00:00:00,000
7545;2024-09-03 00:00:00,000;"L003";"A10001";15;54;54;2024-09-04 00:00:00,000;2024-09-09 00:00:00,000;7545;2024-10-10 00:00:00,000
7565;2024-09-04 00:00:00,000;"L003";"A10001";55;59;59;2024-09-05 00:00:00,000;2024-09-10 00:00:00,000;7559;2024-10-10 00:00:00,000
7624;2024-09-09 00:00:00,000;"L003";"A10001";70;56;56;2024-09-11 00:00:00,000;2024-09-13 00:00:00,000;7603;2024-10-10 00:00:00,000
7693;2024-09-16 00:00:00,000;"L003";"A10001";30;59;59;2024-09-20 00:00:00,000;2024-09-25 00:00:00,000;7711;2024-10-24 00:00:00,000
7710;2024-09-18 00:00:00,000;"L003";"A10001";60;59;59;2024-09-20 00:00:00,000;2024-09-27 00:00:00,000;7745;2024-10-24 00:00:00,000
7736;2024-09-19 00:00:00,000;"L003";"A10001";95;51;51;2024-09-23 00:00:00,000;2024-09-30 00:00:00,000;7764;2024-10-31 00:00:00,000
7768;2024-09-23 00:00:00,000;"L003";"A10001";15;55;55;2024-09-25 00:00:00,000;2024-10-02 00:00:00,000;7810;2024-10-31 00:00:00,000
7798;2024-09-24 00:00:00,000;"L003";"A10001";125;6;6;2024-09-25 00:00:00,000;2024-09-30 00:00:00,000;7790;2024-10-31 00:00:00,000
7821;2024-09-25 00:00:00,000;"L003";"A10001";15;58;58;2024-09-27 00:00:00,000;2024-10-04 00:00:00,000;7848;2024-10-31 00:00:00,000
7879;2024-10-01 00:00:00,000;"L003";"A10001";80;63;63;2024-10-03 00:00:00,000;2024-10-07 00:00:00,000;7872;2024-11-07 00:00:00,000
7909;2024-10-02 00:00:00,000;"L003";"A10001";40;51;51;2024-10-07 00:00:00,000;2024-10-11 00:00:00,000;7929;2024-11-07 00:00:00,000
7954;2024-10-07 00:00:00,000;"L003";"A10001";25;56;56;2024-10-08 00:00:00,000;2024-10-14 00:00:00,000;7954;2024-11-14 00:00:00,000
8039;2024-10-15 00:00:00,000;"L003";"A10001";30;5;5;2024-10-21 00:00:00,000;2024-10-22 00:00:00,000;8051;2024-11-21 00:00:00,000
8050;2024-10-16 00:00:00,000;"L003";"A10001";180;52;52;2024-10-17 00:00:00,000;2024-10-21 00:00:00,000;8033;2024-11-21 00:00:00,000
8079;2024-10-17 00:00:00,000;"L003";"A10001";110;58;58;2024-10-21 00:00:00,000;2024-10-22 00:00:00,000;8059;2024-11-21 00:00:00,000
8105;2024-10-18 00:00:00,000;"L003";"A10001";20;61;61;2024-10-21 00:00:00,000;2024-10-25 00:00:00,000;8104;2024-11-21 00:00:00,000
8146;2024-10-22 00:00:00,000;"L003";"A10001";30;55;55;2024-10-25 00:00:00,000;2024-10-30 00:00:00,000;8158;2024-11-28 00:00:00,000
8174;2024-10-24 00:00:00,000;"L003";"A10001";115;55;55;2024-10-28 00:00:00,000;2024-10-31 00:00:00,000;8176;2024-11-28 00:00:00,000
8206;2024-10-28 00:00:00,000;"L003";"A10001";20;61;61;2024-11-04 00:00:00,000;2024-11-08 00:00:00,000;8248;2024-12-05 00:00:00,000
8220;2024-10-30 00:00:00,000;"L003";"A10001";80;52;52;2024-10-31 00:00:00,000;2024-11-05 00:00:00,000;8218;2024-12-05 00:00:00,000
8259;2024-11-01 00:00:00,000;"L003";"A10001";90;58;58;2024-11-04 00:00:00,000;2024-11-08 00:00:00,000;8257;2024-12-05 00:00:00,000
8276;2024-11-05 00:00:00,000;"L003";"A10001";35;54;54;2024-11-08 00:00:00,000;2024-11-13 00:00:00,000;8297;2024-12-12 00:00:00,000
8307;2024-11-06 00:00:00,000;"L003";"A10001";25;51;51;2024-11-11 00:00:00,000;2024-11-18 00:00:00,000;8335;2024-12-19 00:00:00,000
8318;2024-11-07 00:00:00,000;"L003";"A10001";50;62;62;2024-11-11 00:00:00,000;2024-11-18 00:00:00,000;8339;2024-12-19 00:00:00,000
8384;2024-11-13 00:00:00,000;"L003";"A10001";15;52;52;2024-11-15 00:00:00,000;2024-11-19 00:00:00,000;8377;2024-12-19 00:00:00,000
8402;2024-11-14 00:00:00,000;"L003";"A10001";120;58;58;2024-11-15 00:00:00,000;2024-11-19 00:00:00,000;8382;2024-12-19 00:00:00,000
4182;2023-11-30 00:00:00,000;"L003";"A10018";90;642;642;2023-12-01 00:00:00,000;2023-12-08 00:00:00,000;4194;2024-01-04 00:00:00,000
4205;2023-12-01 00:00:00,000;"L003";"A10018";135;611;611;2023-12-04 00:00:00,000;2023-12-07 00:00:00,000;4180;2024-01-04 00:00:00,000
4227;2023-12-04 00:00:00,000;"L003";"A10018";195;634;634;2023-12-07 00:00:00,000;2023-12-11 00:00:00,000;4224;2024-01-11 00:00:00,000
4266;2023-12-06 00:00:00,000;"L003";"A10018";20;607;607;2023-12-11 00:00:00,000;2023-12-18 00:00:00,000;4285;2024-01-18 00:00:00,000
4281;2023-12-07 00:00:00,000;"L003";"A10018";80;615;615;2023-12-11 00:00:00,000;2023-12-12 00:00:00,000;4247;2024-01-11 00:00:00,000
4302;2023-12-11 00:00:00,000;"L003";"A10018";70;626;626;2023-12-14 00:00:00,000;2023-12-20 00:00:00,000;4328;2024-01-18 00:00:00,000
4322;2023-12-12 00:00:00,000;"L003";"A10018";125;646;646;2023-12-13 00:00:00,000;2023-12-18 00:00:00,000;4308;2024-01-18 00:00:00,000
4338;2023-12-13 00:00:00,000;"L003";"A10018";25;65;65;2023-12-15 00:00:00,000;2023-12-19 00:00:00,000;4324;2024-01-18 00:00:00,000
4352;2023-12-14 00:00:00,000;"L003";"A10018";50;603;603;2023-12-18 00:00:00,000;2023-12-20 00:00:00,000;4334;2024-01-18 00:00:00,000
4369;2023-12-15 00:00:00,000;"L003";"A10018";15;584;584;2023-12-19 00:00:00,000;2023-12-27 00:00:00,000;4373;2024-01-25 00:00:00,000
4384;2023-12-18 00:00:00,000;"L003";"A10018";85;603;603;2023-12-22 00:00:00,000;2023-12-27 00:00:00,000;4384;2024-01-25 00:00:00,000
4404;2023-12-19 00:00:00,000;"L003";"A10018";115;628;628;2023-12-27 00:00:00,000;2023-12-28 00:00:00,000;4426;2024-01-25 00:00:00,000
4423;2023-12-20 00:00:00,000;"L003";"A10018";60;638;638;2023-12-21 00:00:00,000;2023-12-27 00:00:00,000;4408;2024-01-25 00:00:00,000
4445;2023-12-21 00:00:00,000;"L003";"A10018";140;598;598;2023-12-27 00:00:00,000;2023-12-27 00:00:00,000;4416;2024-01-25 00:00:00,000
4506;2023-12-29 00:00:00,000;"L003";"A10018";100;615;615;2024-01-02 00:00:00,000;2024-01-09 00:00:00,000;4524;2024-02-08 00:00:00,000
4574;2024-01-05 00:00:00,000;"L003";"A10018";100;661;661;2024-01-08 00:00:00,000;2024-01-12 00:00:00,000;4571;2024-02-08 00:00:00,000
4601;2024-01-09 00:00:00,000;"L003";"A10018";60;588;588;2024-01-15 00:00:00,000;2024-01-22 00:00:00,000;4666;2024-02-22 00:00:00,000
4628;2024-01-10 00:00:00,000;"L003";"A10018";65;578;578;2024-01-12 00:00:00,000;2024-01-18 00:00:00,000;4636;2024-02-15 00:00:00,000
4654;2024-01-11 00:00:00,000;"L003";"A10018";75;687;687;2024-01-15 00:00:00,000;2024-01-18 00:00:00,000;4640;2024-02-15 00:00:00,000
4674;2024-01-12 00:00:00,000;"L003";"A10018";25;561;561;2024-01-15 00:00:00,000;2024-01-22 00:00:00,000;4682;2024-02-22 00:00:00,000
4711;2024-01-16 00:00:00,000;"L003";"A10018";210;649;649;2024-01-19 00:00:00,000;2024-01-22 00:00:00,000;4695;2024-02-22 00:00:00,000
4718;2024-01-17 00:00:00,000;"L003";"A10018";55;669;669;2024-01-18 00:00:00,000;2024-01-23 00:00:00,000;4706;2024-02-22 00:00:00,000
4729;2024-01-18 00:00:00,000;"L003";"A10018";55;61;61;2024-01-22 00:00:00,000;2024-01-24 00:00:00,000;4720;2024-02-22 00:00:00,000
4742;2024-01-19 00:00:00,000;"L003";"A10018";20;596;596;2024-01-22 00:00:00,000;2024-01-29 00:00:00,000;4748;2024-02-29 00:00:00,000
4758;2024-01-22 00:00:00,000;"L003";"A10018";20;641;641;2024-01-23 00:00:00,000;2024-01-26 00:00:00,000;4738;2024-02-22 00:00:00,000
4780;2024-01-23 00:00:00,000;"L003";"A10018";110;575;575;2024-01-29 00:00:00,000;2024-02-01 00:00:00,000;4800;2024-02-29 00:00:00,000
4804;2024-01-24 00:00:00,000;"L003";"A10018";140;657;657;2024-01-26 00:00:00,000;2024-01-31 00:00:00,000;4795;2024-02-29 00:00:00,000
4831;2024-01-26 00:00:00,000;"L003";"A10018";50;633;633;2024-01-29 00:00:00,000;2024-02-05 00:00:00,000;4835;2024-03-07 00:00:00,000
4852;2024-01-29 00:00:00,000;"L003";"A10018";115;599;599;2024-02-05 00:00:00,000;2024-02-06 00:00:00,000;4863;2024-03-07 00:00:00,000
4921;2024-02-05 00:00:00,000;"L003";"A10018";30;61;61;2024-02-09 00:00:00,000;2024-02-12 00:00:00,000;4918;2024-03-14 00:00:00,000
4956;2024-02-07 00:00:00,000;"L003";"A10018";200;633;633;2024-02-08 00:00:00,000;2024-02-13 00:00:00,000;4942;2024-03-14 00:00:00,000
4977;2024-02-08 00:00:00,000;"L003";"A10018";60;541;541;2024-02-13 00:00:00,000;2024-02-19 00:00:00,000;4989;2024-03-21 00:00:00,000
5006;2024-02-12 00:00:00,000;"L003";"A10018";30;609;609;2024-02-16 00:00:00,000;2024-02-22 00:00:00,000;5047;2024-03-21 00:00:00,000
5031;2024-02-13 00:00:00,000;"L003";"A10018";35;667;667;2024-02-16 00:00:00,000;2024-02-20 00:00:00,000;5029;2024-03-21 00:00:00,000
5050;2024-02-14 00:00:00,000;"L003";"A10018";50;703;703;2024-02-19 00:00:00,000;2024-02-20 00:00:00,000;5033;2024-03-21 00:00:00,000
5067;2024-02-15 00:00:00,000;"L003";"A10018";10;633;633;2024-02-19 00:00:00,000;2024-02-23 00:00:00,000;5065;2024-03-21 00:00:00,000
5112;2024-02-20 00:00:00,000;"L003";"A10018";185;599;599;2024-02-21 00:00:00,000;2024-02-26 00:00:00,000;5090;2024-03-28 00:00:00,000
5141;2024-02-21 00:00:00,000;"L003";"A10018";110;568;568;2024-02-26 00:00:00,000;2024-02-29 00:00:00,000;5153;2024-03-28 00:00:00,000
5201;2024-02-27 00:00:00,000;"L003";"A10018";10;636;636;2024-02-29 00:00:00,000;2024-03-05 00:00:00,000;5203;2024-04-04 00:00:00,000
5217;2024-02-28 00:00:00,000;"L003";"A10018";40;647;647;2024-03-01 00:00:00,000;2024-03-07 00:00:00,000;5228;2024-04-04 00:00:00,000
5244;2024-02-29 00:00:00,000;"L003";"A10018";25;6;6;2024-03-04 00:00:00,000;2024-03-08 00:00:00,000;5248;2024-04-04 00:00:00,000
5263;2024-03-01 00:00:00,000;"L003";"A10018";225;653;653;2024-03-04 00:00:00,000;2024-03-11 00:00:00,000;5268;2024-04-11 00:00:00,000
5281;2024-03-04 00:00:00,000;"L003";"A10018";30;61;61;2024-03-05 00:00:00,000;2024-03-11 00:00:00,000;5275;2024-04-11 00:00:00,000
5306;2024-03-06 00:00:00,000;"L003";"A10018";70;631;631;2024-03-08 00:00:00,000;2024-03-11 00:00:00,000;5284;2024-04-11 00:00:00,000
5320;2024-03-07 00:00:00,000;"L003";"A10018";150;608;608;2024-03-11 00:00:00,000;2024-03-15 00:00:00,000;5324;2024-04-11 00:00:00,000
5370;2024-03-12 00:00:00,000;"L003";"A10018";55;683;683;2024-03-14 00:00:00,000;2024-03-20 00:00:00,000;5381;2024-04-18 00:00:00,000
5391;2024-03-13 00:00:00,000;"L003";"A10018";95;631;631;2024-03-18 00:00:00,000;2024-03-20 00:00:00,000;5386;2024-04-18 00:00:00,000
5415;2024-03-14 00:00:00,000;"L003";"A10018";135;66;66;2024-03-18 00:00:00,000;2024-03-25 00:00:00,000;5437;2024-04-25 00:00:00,000
5436;2024-03-15 00:00:00,000;"L003";"A10018";80;639;639;2024-03-18 00:00:00,000;2024-03-22 00:00:00,000;5425;2024-04-18 00:00:00,000
5454;2024-03-18 00:00:00,000;"L003";"A10018";70;709;709;2024-03-25 00:00:00,000;2024-03-28 00:00:00,000;5497;2024-04-25 00:00:00,000
5485;2024-03-20 00:00:00,000;"L003";"A10018";95;633;633;2024-03-21 00:00:00,000;2024-03-25 00:00:00,000;5459;2024-04-25 00:00:00,000
5542;2024-03-25 00:00:00,000;"L003";"A10018";110;647;647;2024-03-27 00:00:00,000;2024-04-02 00:00:00,000;5543;2024-05-02 00:00:00,000
5563;2024-03-26 00:00:00,000;"L003";"A10018";140;593;593;2024-04-02 00:00:00,000;2024-04-04 00:00:00,000;5601;2024-05-02 00:00:00,000
5578;2024-03-27 00:00:00,000;"L003";"A10018";80;646;646;2024-03-28 00:00:00,000;2024-04-02 00:00:00,000;5568;2024-05-02 00:00:00,000
5604;2024-03-28 00:00:00,000;"L003";"A10018";145;59;59;2024-04-02 00:00:00,000;2024-04-04 00:00:00,000;5607;2024-05-02 00:00:00,000
5638;2024-03-29 00:00:00,000;"L003";"A10018";85;649;649;2024-04-02 00:00:00,000;2024-04-04 00:00:00,000;5612;2024-05-02 00:00:00,000
5661;2024-04-02 00:00:00,000;"L003";"A10018";85;632;632;2024-04-03 00:00:00,000;2024-04-08 00:00:00,000;5655;2024-05-16 00:00:00,000
5708;2024-04-08 00:00:00,000;"L003";"A10018";60;6;6;2024-04-11 00:00:00,000;2024-04-17 00:00:00,000;5745;2024-05-16 00:00:00,000
5724;2024-04-09 00:00:00,000;"L003";"A10018";15;664;664;2024-04-15 00:00:00,000;2024-04-18 00:00:00,000;5760;2024-05-16 00:00:00,000
5773;2024-04-11 00:00:00,000;"L003";"A10018";70;676;676;2024-04-15 00:00:00,000;2024-04-17 00:00:00,000;5757;2024-05-16 00:00:00,000
5860;2024-04-19 00:00:00,000;"L003";"A10018";50;592;592;2024-04-22 00:00:00,000;2024-04-26 00:00:00,000;5854;2024-05-23 00:00:00,000
5881;2024-04-22 00:00:00,000;"L003";"A10018";15;573;573;2024-04-23 00:00:00,000;2024-04-29 00:00:00,000;5876;2024-05-30 00:00:00,000
5922;2024-04-24 00:00:00,000;"L003";"A10018";40;642;642;2024-04-29 00:00:00,000;2024-05-02 00:00:00,000;5933;2024-05-30 00:00:00,000
5948;2024-04-25 00:00:00,000;"L003";"A10018";100;639;639;2024-04-26 00:00:00,000;2024-04-30 00:00:00,000;5905;2024-05-30 00:00:00,000
5983;2024-04-29 00:00:00,000;"L003";"A10018";50;611;611;2024-05-02 00:00:00,000;2024-05-06 00:00:00,000;5981;2024-06-06 00:00:00,000
6003;2024-04-30 00:00:00,000;"L003";"A10018";55;532;532;2024-05-03 00:00:00,000;2024-05-06 00:00:00,000;5987;2024-06-06 00:00:00,000
6020;2024-05-01 00:00:00,000;"L003";"A10018";125;639;639;2024-05-02 00:00:00,000;2024-05-07 00:00:00,000;5999;2024-06-06 00:00:00,000
6041;2024-05-02 00:00:00,000;"L003";"A10018";45;552;552;2024-05-06 00:00:00,000;2024-05-08 00:00:00,000;6018;2024-06-06 00:00:00,000
6115;2024-05-10 00:00:00,000;"L003";"A10018";20;567;567;2024-05-13 00:00:00,000;2024-05-16 00:00:00,000;6097;2024-06-13 00:00:00,000
6155;2024-05-14 00:00:00,000;"L003";"A10018";65;688;688;2024-05-16 00:00:00,000;2024-05-21 00:00:00,000;6148;2024-06-20 00:00:00,000
6202;2024-05-17 00:00:00,000;"L003";"A10018";20;644;644;2024-05-21 00:00:00,000;2024-05-27 00:00:00,000;6205;2024-06-27 00:00:00,000
6215;2024-05-21 00:00:00,000;"L003";"A10018";30;701;701;2024-05-27 00:00:00,000;2024-05-30 00:00:00,000;6239;2024-06-27 00:00:00,000
6247;2024-05-23 00:00:00,000;"L003";"A10018";70;632;632;2024-05-27 00:00:00,000;2024-05-31 00:00:00,000;6263;2024-06-27 00:00:00,000
6295;2024-05-27 00:00:00,000;"L003";"A10018";95;646;646;2024-05-31 00:00:00,000;2024-06-06 00:00:00,000;6341;2024-07-04 00:00:00,000
6318;2024-05-28 00:00:00,000;"L003";"A10018";65;586;586;2024-05-30 00:00:00,000;2024-06-04 00:00:00,000;6316;2024-07-04 00:00:00,000
6354;2024-05-30 00:00:00,000;"L003";"A10018";70;611;611;2024-06-03 00:00:00,000;2024-06-07 00:00:00,000;6357;2024-07-04 00:00:00,000
6368;2024-05-31 00:00:00,000;"L003";"A10018";130;63;63;2024-06-04 00:00:00,000;2024-06-10 00:00:00,000;6373;2024-07-11 00:00:00,000
6404;2024-06-05 00:00:00,000;"L003";"A10018";100;531;531;2024-06-06 00:00:00,000;2024-06-12 00:00:00,000;6400;2024-07-11 00:00:00,000
6429;2024-06-07 00:00:00,000;"L003";"A10018";75;53;53;2024-06-10 00:00:00,000;2024-06-14 00:00:00,000;6422;2024-07-11 00:00:00,000
6451;2024-06-11 00:00:00,000;"L003";"A10018";35;669;669;2024-06-17 00:00:00,000;2024-06-21 00:00:00,000;6505;2024-07-18 00:00:00,000
6468;2024-06-12 00:00:00,000;"L003";"A10018";140;712;712;2024-06-13 00:00:00,000;2024-06-20 00:00:00,000;6485;2024-07-18 00:00:00,000
6510;2024-06-14 00:00:00,000;"L003";"A10018";40;638;638;2024-06-17 00:00:00,000;2024-06-19 00:00:00,000;6477;2024-07-18 00:00:00,000
6538;2024-06-17 00:00:00,000;"L003";"A10018";50;605;605;2024-06-18 00:00:00,000;2024-06-24 00:00:00,000;6533;2024-07-25 00:00:00,000
6575;2024-06-19 00:00:00,000;"L003";"A10018";15;576;576;2024-06-24 00:00:00,000;2024-06-28 00:00:00,000;6606;2024-07-25 00:00:00,000
6598;2024-06-20 00:00:00,000;"L003";"A10018";25;601;601;2024-06-24 00:00:00,000;2024-06-28 00:00:00,000;6609;2024-07-25 00:00:00,000
6619;2024-06-21 00:00:00,000;"L003";"A10018";85;674;674;2024-06-25 00:00:00,000;2024-07-01 00:00:00,000;6632;2024-08-01 00:00:00,000
6645;2024-06-24 00:00:00,000;"L003";"A10018";85;698;698;2024-06-28 00:00:00,000;2024-07-04 00:00:00,000;6690;2024-08-01 00:00:00,000
6663;2024-06-25 00:00:00,000;"L003";"A10018";15;686;686;2024-06-28 00:00:00,000;2024-07-03 00:00:00,000;6675;2024-08-01 00:00:00,000
6721;2024-06-28 00:00:00,000;"L003";"A10018";15;636;636;2024-07-02 00:00:00,000;2024-07-08 00:00:00,000;6730;2024-08-08 00:00:00,000
6744;2024-07-01 00:00:00,000;"L003";"A10018";760;634;634;2024-07-05 00:00:00,000;2024-07-11 00:00:00,000;6778;2024-08-08 00:00:00,000
6775;2024-07-02 00:00:00,000;"L003";"A10018";95;553;553;2024-07-04 00:00:00,000;2024-07-08 00:00:00,000;6754;2024-08-08 00:00:00,000
6783;2024-07-03 00:00:00,000;"L003";"A10018";45;639;639;2024-07-04 00:00:00,000;2024-07-10 00:00:00,000;6771;2024-08-08 00:00:00,000
6858;2024-07-10 00:00:00,000;"L003";"A10018";65;648;648;2024-07-12 00:00:00,000;2024-07-18 00:00:00,000;6862;2024-08-15 00:00:00,000
6877;2024-07-11 00:00:00,000;"L003";"A10018";40;574;574;2024-07-15 00:00:00,000;2024-07-19 00:00:00,000;6882;2024-08-15 00:00:00,000
6905;2024-07-12 00:00:00,000;"L003";"A10018";115;64;64;2024-07-15 00:00:00,000;2024-07-18 00:00:00,000;6873;2024-08-15 00:00:00,000
6967;2024-07-16 00:00:00,000;"L003";"A10018";260;635;635;2024-07-22 00:00:00,000;2024-07-29 00:00:00,000;7027;2024-08-29 00:00:00,000
7006;2024-07-18 00:00:00,000;"L003";"A10018";85;55;55;2024-07-22 00:00:00,000;2024-07-25 00:00:00,000;7003;2024-08-22 00:00:00,000
7063;2024-07-23 00:00:00,000;"L003";"A10018";80;606;606;2024-07-29 00:00:00,000;2024-08-02 00:00:00,000;7107;2024-08-29 00:00:00,000
7080;2024-07-24 00:00:00,000;"L003";"A10018";190;607;607;2024-07-25 00:00:00,000;2024-08-01 00:00:00,000;7091;2024-08-29 00:00:00,000
7105;2024-07-25 00:00:00,000;"L003";"A10018";110;61;61;2024-07-29 00:00:00,000;2024-07-31 00:00:00,000;7080;2024-08-29 00:00:00,000
7127;2024-07-26 00:00:00,000;"L003";"A10018";35;65;65;2024-07-30 00:00:00,000;2024-08-02 00:00:00,000;7114;2024-08-29 00:00:00,000
7141;2024-07-29 00:00:00,000;"L003";"A10018";30;636;636;2024-07-30 00:00:00,000;2024-08-05 00:00:00,000;7136;2024-09-05 00:00:00,000
7192;2024-08-01 00:00:00,000;"L003";"A10018";110;622;622;2024-08-05 00:00:00,000;2024-08-09 00:00:00,000;7200;2024-09-05 00:00:00,000
7209;2024-08-02 00:00:00,000;"L003";"A10018";80;626;626;2024-08-05 00:00:00,000;2024-08-08 00:00:00,000;7195;2024-09-05 00:00:00,000
7236;2024-08-06 00:00:00,000;"L003";"A10018";85;603;603;2024-08-07 00:00:00,000;2024-08-13 00:00:00,000;7230;2024-09-12 00:00:00,000
7259;2024-08-07 00:00:00,000;"L003";"A10018";40;658;658;2024-08-12 00:00:00,000;2024-08-16 00:00:00,000;7274;2024-09-12 00:00:00,000
7296;2024-08-09 00:00:00,000;"L003";"A10018";110;661;661;2024-08-12 00:00:00,000;2024-08-16 00:00:00,000;7283;2024-09-12 00:00:00,000
7343;2024-08-14 00:00:00,000;"L003";"A10018";35;596;596;2024-08-16 00:00:00,000;2024-08-23 00:00:00,000;7358;2024-09-19 00:00:00,000
7364;2024-08-15 00:00:00,000;"L003";"A10018";15;695;695;2024-08-19 00:00:00,000;2024-08-26 00:00:00,000;7377;2024-09-26 00:00:00,000
7447;2024-08-23 00:00:00,000;"L003";"A10018";55;623;623;2024-08-26 00:00:00,000;2024-08-27 00:00:00,000;7414;2024-09-26 00:00:00,000
7476;2024-08-27 00:00:00,000;"L003";"A10018";20;633;633;2024-08-29 00:00:00,000;2024-09-03 00:00:00,000;7478;2024-10-03 00:00:00,000
7496;2024-08-28 00:00:00,000;"L003";"A10018";155;617;617;2024-09-02 00:00:00,000;2024-09-06 00:00:00,000;7519;2024-10-03 00:00:00,000
7522;2024-08-29 00:00:00,000;"L003";"A10018";25;679;679;2024-09-02 00:00:00,000;2024-09-06 00:00:00,000;7523;2024-10-03 00:00:00,000
7542;2024-09-02 00:00:00,000;"L003";"A10018";65;707;707;2024-09-04 00:00:00,000;2024-09-06 00:00:00,000;7528;2024-10-03 00:00:00,000
7553;2024-09-03 00:00:00,000;"L003";"A10018";120;658;658;2024-09-09 00:00:00,000;2024-09-11 00:00:00,000;7564;2024-10-10 00:00:00,000
7574;2024-09-04 00:00:00,000;"L003";"A10018";110;663;663;2024-09-09 00:00:00,000;2024-09-09 00:00:00,000;7551;2024-10-10 00:00:00,000
7598;2024-09-05 00:00:00,000;"L003";"A10018";130;678;678;2024-09-09 00:00:00,000;2024-09-16 00:00:00,000;7614;2024-10-17 00:00:00,000
7619;2024-09-06 00:00:00,000;"L003";"A10018";55;569;569;2024-09-10 00:00:00,000;2024-09-17 00:00:00,000;7638;2024-10-17 00:00:00,000
7630;2024-09-09 00:00:00,000;"L003";"A10018";55;681;681;2024-09-13 00:00:00,000;2024-09-19 00:00:00,000;7653;2024-10-17 00:00:00,000
7671;2024-09-12 00:00:00,000;"L003";"A10018";85;742;742;2024-09-16 00:00:00,000;2024-09-23 00:00:00,000;7682;2024-10-24 00:00:00,000
7720;2024-09-18 00:00:00,000;"L003";"A10018";85;602;602;2024-09-20 00:00:00,000;2024-09-24 00:00:00,000;7708;2024-10-24 00:00:00,000
7744;2024-09-19 00:00:00,000;"L003";"A10018";10;657;657;2024-09-23 00:00:00,000;2024-09-26 00:00:00,000;7738;2024-10-24 00:00:00,000
7778;2024-09-23 00:00:00,000;"L003";"A10018";140;627;627;2024-09-25 00:00:00,000;2024-10-01 00:00:00,000;7801;2024-10-31 00:00:00,000
7806;2024-09-24 00:00:00,000;"L003";"A10018";85;657;657;2024-09-25 00:00:00,000;2024-09-30 00:00:00,000;7794;2024-10-31 00:00:00,000
7865;2024-09-27 00:00:00,000;"L003";"A10018";35;566;566;2024-09-30 00:00:00,000;2024-10-04 00:00:00,000;7856;2024-10-31 00:00:00,000
7890;2024-10-01 00:00:00,000;"L003";"A10018";100;625;625;2024-10-07 00:00:00,000;2024-10-09 00:00:00,000;7900;2024-11-07 00:00:00,000
7918;2024-10-02 00:00:00,000;"L003";"A10018";15;569;569;2024-10-03 00:00:00,000;2024-10-07 00:00:00,000;7885;2024-11-07 00:00:00,000
7951;2024-10-04 00:00:00,000;"L003";"A10018";55;715;715;2024-10-07 00:00:00,000;2024-10-14 00:00:00,000;7951;2024-11-14 00:00:00,000
7983;2024-10-09 00:00:00,000;"L003";"A10018";10;564;564;2024-10-11 00:00:00,000;2024-10-17 00:00:00,000;7995;2024-11-14 00:00:00,000
7996;2024-10-10 00:00:00,000;"L003";"A10018";15;592;592;2024-10-15 00:00:00,000;2024-10-21 00:00:00,000;8010;2024-11-21 00:00:00,000
8014;2024-10-11 00:00:00,000;"L003";"A10018";25;658;658;2024-10-16 00:00:00,000;2024-10-21 00:00:00,000;8018;2024-11-21 00:00:00,000
8029;2024-10-14 00:00:00,000;"L003";"A10018";75;656;656;2024-10-15 00:00:00,000;2024-10-21 00:00:00,000;8026;2024-11-21 00:00:00,000
8062;2024-10-16 00:00:00,000;"L003";"A10018";150;686;686;2024-10-18 00:00:00,000;2024-10-24 00:00:00,000;8082;2024-11-21 00:00:00,000
8089;2024-10-17 00:00:00,000;"L003";"A10018";120;552;552;2024-10-22 00:00:00,000;2024-10-28 00:00:00,000;8119;2024-11-28 00:00:00,000
8154;2024-10-22 00:00:00,000;"L003";"A10018";10;693;693;2024-10-25 00:00:00,000;2024-10-31 00:00:00,000;8172;2024-11-28 00:00:00,000
8167;2024-10-23 00:00:00,000;"L003";"A10018";40;625;625;2024-10-28 00:00:00,000;2024-10-30 00:00:00,000;8162;2024-11-28 00:00:00,000
8262;2024-11-01 00:00:00,000;"L003";"A10018";60;715;715;2024-11-04 00:00:00,000;2024-11-11 00:00:00,000;8267;2024-12-12 00:00:00,000
8288;2024-11-05 00:00:00,000;"L003";"A10018";70;676;676;2024-11-08 00:00:00,000;2024-11-11 00:00:00,000;8278;2024-12-12 00:00:00,000
8337;2024-11-08 00:00:00,000;"L003";"A10018";20;582;582;2024-11-12 00:00:00,000;2024-11-19 00:00:00,000;8369;2024-12-19 00:00:00,000
8356;2024-11-11 00:00:00,000;"L003";"A10018";30;658;658;2024-11-18 00:00:00,000;2024-11-19 00:00:00,000;8373;2024-12-19 00:00:00,000
8408;2024-11-14 00:00:00,000;"L003";"A10018";60;582;582;2024-11-18 00:00:00,000;2024-11-18 00:00:00,000;8367;2024-12-19 00:00:00,000
4098;2023-11-23 00:00:00,000;"L003";"S10051";115;946;946;2023-11-28 00:00:00,000;2023-12-04 00:00:00,000;4107;2024-01-04 00:00:00,000
4156;2023-11-28 00:00:00,000;"L003";"S10051";110;944;944;2023-12-01 00:00:00,000;2023-12-06 00:00:00,000;4160;2024-01-04 00:00:00,000
4174;2023-11-29 00:00:00,000;"L003";"S10051";115;941;941;2023-12-04 00:00:00,000;2023-12-08 00:00:00,000;4192;2024-01-04 00:00:00,000
4192;2023-11-30 00:00:00,000;"L003";"S10051";35;895;895;2023-12-01 00:00:00,000;2023-12-04 00:00:00,000;4130;2024-01-04 00:00:00,000
4220;2023-12-01 00:00:00,000;"L003";"S10051";95;922;922;2023-12-04 00:00:00,000;2023-12-08 00:00:00,000;4202;2024-01-04 00:00:00,000
4236;2023-12-04 00:00:00,000;"L003";"S10051";40;919;919;2023-12-05 00:00:00,000;2023-12-11 00:00:00,000;4230;2024-01-11 00:00:00,000
4332;2023-12-12 00:00:00,000;"L003";"S10051";60;95;95;2023-12-14 00:00:00,000;2023-12-19 00:00:00,000;4322;2024-01-18 00:00:00,000
4344;2023-12-13 00:00:00,000;"L003";"S10051";40;913;913;2023-12-18 00:00:00,000;2023-12-19 00:00:00,000;4325;2024-01-18 00:00:00,000
4361;2023-12-14 00:00:00,000;"L003";"S10051";35;925;925;2023-12-18 00:00:00,000;2023-12-21 00:00:00,000;4344;2024-01-18 00:00:00,000
4396;2023-12-18 00:00:00,000;"L003";"S10051";100;97;97;2023-12-27 00:00:00,000;2023-12-27 00:00:00,000;4392;2024-01-25 00:00:00,000
4414;2023-12-19 00:00:00,000;"L003";"S10051";50;951;951;2023-12-22 00:00:00,000;2023-12-28 00:00:00,000;4430;2024-01-25 00:00:00,000
4457;2023-12-21 00:00:00,000;"L003";"S10051";40;952;952;2023-12-27 00:00:00,000;2023-12-28 00:00:00,000;4438;2024-01-25 00:00:00,000
4488;2023-12-27 00:00:00,000;"L003";"S10051";100;951;951;2023-12-29 00:00:00,000;2024-01-03 00:00:00,000;4482;2024-02-01 00:00:00,000
4498;2023-12-28 00:00:00,000;"L003";"S10051";125;988;988;2023-12-29 00:00:00,000;2024-01-03 00:00:00,000;4486;2024-02-01 00:00:00,000
4591;2024-01-08 00:00:00,000;"L003";"S10051";10;1012;1012;2024-01-10 00:00:00,000;2024-01-12 00:00:00,000;4576;2024-02-08 00:00:00,000
4647;2024-01-10 00:00:00,000;"L003";"S10051";45;998;998;2024-01-11 00:00:00,000;2024-01-16 00:00:00,000;4609;2024-02-15 00:00:00,000
4665;2024-01-11 00:00:00,000;"L003";"S10051";90;1025;1025;2024-01-15 00:00:00,000;2024-01-22 00:00:00,000;4678;2024-02-22 00:00:00,000
4704;2024-01-15 00:00:00,000;"L003";"S10051";130;985;985;2024-01-18 00:00:00,000;2024-01-22 00:00:00,000;4693;2024-02-22 00:00:00,000
4732;2024-01-18 00:00:00,000;"L003";"S10051";70;936;936;2024-01-19 00:00:00,000;2024-01-24 00:00:00,000;4721;2024-02-22 00:00:00,000
4749;2024-01-19 00:00:00,000;"L003";"S10051";10;943;943;2024-01-22 00:00:00,000;2024-01-26 00:00:00,000;4735;2024-02-22 00:00:00,000
4772;2024-01-22 00:00:00,000;"L003";"S10051";60;927;927;2024-01-24 00:00:00,000;2024-01-30 00:00:00,000;4778;2024-02-29 00:00:00,000
4792;2024-01-23 00:00:00,000;"L003";"S10051";125;1006;1006;2024-01-26 00:00:00,000;2024-01-31 00:00:00,000;4793;2024-02-29 00:00:00,000
4840;2024-01-26 00:00:00,000;"L003";"S10051";40;939;939;2024-01-29 00:00:00,000;2024-01-31 00:00:00,000;4797;2024-02-29 00:00:00,000
4865;2024-01-29 00:00:00,000;"L003";"S10051";105;1058;1058;2024-01-30 00:00:00,000;2024-02-05 00:00:00,000;4852;2024-03-07 00:00:00,000
4890;2024-01-31 00:00:00,000;"L003";"S10051";35;888;888;2024-02-02 00:00:00,000;2024-02-07 00:00:00,000;4880;2024-03-07 00:00:00,000
4937;2024-02-05 00:00:00,000;"L003";"S10051";150;1014;1014;2024-02-12 00:00:00,000;2024-02-16 00:00:00,000;4972;2024-03-14 00:00:00,000
4967;2024-02-07 00:00:00,000;"L003";"S10051";55;862;862;2024-02-09 00:00:00,000;2024-02-16 00:00:00,000;4974;2024-03-14 00:00:00,000
5023;2024-02-12 00:00:00,000;"L003";"S10051";10;1046;1046;2024-02-16 00:00:00,000;2024-02-19 00:00:00,000;5011;2024-03-21 00:00:00,000
5061;2024-02-14 00:00:00,000;"L003";"S10051";25;942;942;2024-02-15 00:00:00,000;2024-02-19 00:00:00,000;5019;2024-03-21 00:00:00,000
5077;2024-02-16 00:00:00,000;"L003";"S10051";45;931;931;2024-02-19 00:00:00,000;2024-02-20 00:00:00,000;5036;2024-03-21 00:00:00,000
5101;2024-02-19 00:00:00,000;"L003";"S10051";55;1001;1001;2024-02-21 00:00:00,000;2024-02-27 00:00:00,000;5114;2024-03-28 00:00:00,000
5130;2024-02-20 00:00:00,000;"L003";"S10051";175;977;977;2024-02-26 00:00:00,000;2024-02-28 00:00:00,000;5130;2024-03-28 00:00:00,000
5176;2024-02-22 00:00:00,000;"L003";"S10051";45;936;936;2024-02-26 00:00:00,000;2024-02-28 00:00:00,000;5140;2024-03-28 00:00:00,000
5196;2024-02-26 00:00:00,000;"L003";"S10051";105;975;975;2024-02-29 00:00:00,000;2024-03-06 00:00:00,000;5211;2024-04-04 00:00:00,000
5233;2024-02-28 00:00:00,000;"L003";"S10051";190;93;93;2024-03-01 00:00:00,000;2024-03-06 00:00:00,000;5220;2024-04-04 00:00:00,000
5252;2024-02-29 00:00:00,000;"L003";"S10051";75;998;998;2024-03-04 00:00:00,000;2024-03-07 00:00:00,000;5238;2024-04-04 00:00:00,000
5273;2024-03-01 00:00:00,000;"L003";"S10051";45;1007;1007;2024-03-04 00:00:00,000;2024-03-08 00:00:00,000;5258;2024-04-04 00:00:00,000
5329;2024-03-07 00:00:00,000;"L003";"S10051";50;1013;1013;2024-03-11 00:00:00,000;2024-03-18 00:00:00,000;5333;2024-04-18 00:00:00,000
5360;2024-03-11 00:00:00,000;"L003";"S10051";55;84;84;2024-03-15 00:00:00,000;2024-03-20 00:00:00,000;5376;2024-04-18 00:00:00,000
5380;2024-03-12 00:00:00,000;"L003";"S10051";55;975;975;2024-03-18 00:00:00,000;2024-03-20 00:00:00,000;5382;2024-04-18 00:00:00,000
5405;2024-03-13 00:00:00,000;"L003";"S10051";80;98;98;2024-03-18 00:00:00,000;2024-03-22 00:00:00,000;5416;2024-04-18 00:00:00,000
5426;2024-03-14 00:00:00,000;"L003";"S10051";25;901;901;2024-03-15 00:00:00,000;2024-03-20 00:00:00,000;5392;2024-04-18 00:00:00,000
5445;2024-03-15 00:00:00,000;"L003";"S10051";40;976;976;2024-03-18 00:00:00,000;2024-03-21 00:00:00,000;5414;2024-04-18 00:00:00,000
5464;2024-03-18 00:00:00,000;"L003";"S10051";155;911;911;2024-03-22 00:00:00,000;2024-03-26 00:00:00,000;5468;2024-04-25 00:00:00,000
5476;2024-03-19 00:00:00,000;"L003";"S10051";75;994;994;2024-03-25 00:00:00,000;2024-03-29 00:00:00,000;5509;2024-04-25 00:00:00,000
5501;2024-03-20 00:00:00,000;"L003";"S10051";105;995;995;2024-03-22 00:00:00,000;2024-03-29 00:00:00,000;5512;2024-04-25 00:00:00,000
5515;2024-03-21 00:00:00,000;"L003";"S10051";100;1039;1039;2024-03-25 00:00:00,000;2024-03-27 00:00:00,000;5495;2024-04-25 00:00:00,000
5559;2024-03-25 00:00:00,000;"L003";"S10051";40;991;991;2024-03-26 00:00:00,000;2024-04-02 00:00:00,000;5556;2024-05-02 00:00:00,000
5594;2024-03-27 00:00:00,000;"L003";"S10051";35;984;984;2024-03-28 00:00:00,000;2024-04-02 00:00:00,000;5572;2024-05-02 00:00:00,000
5623;2024-03-28 00:00:00,000;"L003";"S10051";50;978;978;2024-04-02 00:00:00,000;2024-04-03 00:00:00,000;5597;2024-05-02 00:00:00,000
5655;2024-03-29 00:00:00,000;"L003";"S10051";130;1051;1051;2024-04-02 00:00:00,000;2024-04-05 00:00:00,000;5624;2024-05-02 00:00:00,000
5692;2024-04-04 00:00:00,000;"L003";"S10051";50;916;916;2024-04-08 00:00:00,000;2024-04-15 00:00:00,000;5695;2024-05-16 00:00:00,000
5702;2024-04-05 00:00:00,000;"L003";"S10051";55;993;993;2024-04-09 00:00:00,000;2024-04-15 00:00:00,000;5701;2024-05-16 00:00:00,000
5738;2024-04-09 00:00:00,000;"L003";"S10051";45;92;92;2024-04-15 00:00:00,000;2024-04-15 00:00:00,000;5718;2024-05-16 00:00:00,000
5783;2024-04-11 00:00:00,000;"L003";"S10051";80;905;905;2024-04-15 00:00:00,000;2024-04-22 00:00:00,000;5791;2024-05-23 00:00:00,000
5828;2024-04-16 00:00:00,000;"L003";"S10051";15;107;107;2024-04-17 00:00:00,000;2024-04-22 00:00:00,000;5812;2024-05-23 00:00:00,000
5854;2024-04-18 00:00:00,000;"L003";"S10051";15;883;883;2024-04-19 00:00:00,000;2024-04-25 00:00:00,000;5842;2024-05-23 00:00:00,000
5871;2024-04-19 00:00:00,000;"L003";"S10051";50;105;105;2024-04-24 00:00:00,000;2024-04-29 00:00:00,000;5874;2024-05-30 00:00:00,000
5900;2024-04-22 00:00:00,000;"L003";"S10051";140;855;855;2024-04-24 00:00:00,000;2024-05-01 00:00:00,000;5913;2024-05-30 00:00:00,000
5936;2024-04-24 00:00:00,000;"L003";"S10051";30;1076;1076;2024-04-29 00:00:00,000;2024-05-03 00:00:00,000;5956;2024-05-30 00:00:00,000
5997;2024-04-29 00:00:00,000;"L003";"S10051";45;93;93;2024-05-01 00:00:00,000;2024-05-06 00:00:00,000;5986;2024-06-06 00:00:00,000
6029;2024-05-01 00:00:00,000;"L003";"S10051";80;936;936;2024-05-02 00:00:00,000;2024-05-08 00:00:00,000;6015;2024-06-06 00:00:00,000
6056;2024-05-02 00:00:00,000;"L003";"S10051";80;89;89;2024-05-06 00:00:00,000;2024-05-10 00:00:00,000;6045;2024-06-06 00:00:00,000
6102;2024-05-08 00:00:00,000;"L003";"S10051";40;1088;1088;2024-05-10 00:00:00,000;2024-05-13 00:00:00,000;6073;2024-06-13 00:00:00,000
6147;2024-05-13 00:00:00,000;"L003";"S10051";65;941;941;2024-05-14 00:00:00,000;2024-05-21 00:00:00,000;6144;2024-06-20 00:00:00,000
6167;2024-05-14 00:00:00,000;"L003";"S10051";30;982;982;2024-05-16 00:00:00,000;2024-05-21 00:00:00,000;6152;2024-06-20 00:00:00,000
6195;2024-05-16 00:00:00,000;"L003";"S10051";85;981;981;2024-05-21 00:00:00,000;2024-05-27 00:00:00,000;6201;2024-06-27 00:00:00,000
6209;2024-05-17 00:00:00,000;"L003";"S10051";40;944;944;2024-05-21 00:00:00,000;2024-05-23 00:00:00,000;6181;2024-06-20 00:00:00,000
6228;2024-05-21 00:00:00,000;"L003";"S10051";70;894;894;2024-05-23 00:00:00,000;2024-05-27 00:00:00,000;6215;2024-06-27 00:00:00,000
6236;2024-05-22 00:00:00,000;"L003";"S10051";50;978;978;2024-05-27 00:00:00,000;2024-05-27 00:00:00,000;6218;2024-06-27 00:00:00,000
6264;2024-05-23 00:00:00,000;"L003";"S10051";25;989;989;2024-05-24 00:00:00,000;2024-05-28 00:00:00,000;6225;2024-06-27 00:00:00,000
6286;2024-05-24 00:00:00,000;"L003";"S10051";30;1002;1002;2024-05-29 00:00:00,000;2024-06-03 00:00:00,000;6287;2024-07-04 00:00:00,000
6308;2024-05-27 00:00:00,000;"L003";"S10051";25;1032;1032;2024-05-31 00:00:00,000;2024-06-05 00:00:00,000;6327;2024-07-04 00:00:00,000
6342;2024-05-29 00:00:00,000;"L003";"S10051";45;1045;1045;2024-05-31 00:00:00,000;2024-06-05 00:00:00,000;6335;2024-07-04 00:00:00,000
6386;2024-06-03 00:00:00,000;"L003";"S10051";20;10;10;2024-06-10 00:00:00,000;2024-06-11 00:00:00,000;6388;2024-07-11 00:00:00,000
6414;2024-06-05 00:00:00,000;"L003";"S10051";90;923;923;2024-06-07 00:00:00,000;2024-06-13 00:00:00,000;6409;2024-07-11 00:00:00,000
6456;2024-06-11 00:00:00,000;"L003";"S10051";85;105;105;2024-06-13 00:00:00,000;2024-06-17 00:00:00,000;6442;2024-07-18 00:00:00,000
6488;2024-06-12 00:00:00,000;"L003";"S10051";50;915;915;2024-06-17 00:00:00,000;2024-06-20 00:00:00,000;6489;2024-07-18 00:00:00,000
6529;2024-06-14 00:00:00,000;"L003";"S10051";100;1081;1081;2024-06-18 00:00:00,000;2024-06-20 00:00:00,000;6499;2024-07-18 00:00:00,000
6548;2024-06-17 00:00:00,000;"L003";"S10051";95;1084;1084;2024-06-20 00:00:00,000;2024-06-24 00:00:00,000;6539;2024-07-25 00:00:00,000
6564;2024-06-18 00:00:00,000;"L003";"S10051";45;944;944;2024-06-21 00:00:00,000;2024-06-27 00:00:00,000;6586;2024-07-25 00:00:00,000
6591;2024-06-19 00:00:00,000;"L003";"S10051";75;1011;1011;2024-06-21 00:00:00,000;2024-06-27 00:00:00,000;6591;2024-07-25 00:00:00,000
6610;2024-06-20 00:00:00,000;"L003";"S10051";60;886;886;2024-06-24 00:00:00,000;2024-06-27 00:00:00,000;6597;2024-07-25 00:00:00,000
6638;2024-06-21 00:00:00,000;"L003";"S10051";100;979;979;2024-06-24 00:00:00,000;2024-07-01 00:00:00,000;6638;2024-08-01 00:00:00,000
6675;2024-06-25 00:00:00,000;"L003";"S10051";50;899;899;2024-07-01 00:00:00,000;2024-07-05 00:00:00,000;6705;2024-08-01 00:00:00,000
6698;2024-06-26 00:00:00,000;"L003";"S10051";130;1001;1001;2024-06-27 00:00:00,000;2024-07-03 00:00:00,000;6681;2024-08-01 00:00:00,000
6851;2024-07-09 00:00:00,000;"L003";"S10051";5;1092;1092;2024-07-11 00:00:00,000;2024-07-17 00:00:00,000;6855;2024-08-15 00:00:00,000
6867;2024-07-10 00:00:00,000;"L003";"S10051";80;975;975;2024-07-15 00:00:00,000;2024-07-22 00:00:00,000;6900;2024-08-22 00:00:00,000
6893;2024-07-11 00:00:00,000;"L003";"S10051";15;992;992;2024-07-15 00:00:00,000;2024-07-19 00:00:00,000;6888;2024-08-15 00:00:00,000
6924;2024-07-12 00:00:00,000;"L003";"S10051";205;881;881;2024-07-15 00:00:00,000;2024-07-22 00:00:00,000;6922;2024-08-22 00:00:00,000
6954;2024-07-15 00:00:00,000;"L003";"S10051";60;997;997;2024-07-17 00:00:00,000;2024-07-22 00:00:00,000;6935;2024-08-22 00:00:00,000
6982;2024-07-16 00:00:00,000;"L003";"S10051";130;941;941;2024-07-17 00:00:00,000;2024-07-24 00:00:00,000;6979;2024-08-22 00:00:00,000
6994;2024-07-17 00:00:00,000;"L003";"S10051";95;943;943;2024-07-18 00:00:00,000;2024-07-23 00:00:00,000;6966;2024-08-22 00:00:00,000
7118;2024-07-25 00:00:00,000;"L003";"S10051";285;1021;1021;2024-07-29 00:00:00,000;2024-08-01 00:00:00,000;7104;2024-08-29 00:00:00,000
7149;2024-07-29 00:00:00,000;"L003";"S10051";55;909;909;2024-07-31 00:00:00,000;2024-08-05 00:00:00,000;7140;2024-09-05 00:00:00,000
7179;2024-07-31 00:00:00,000;"L003";"S10051";15;109;109;2024-08-02 00:00:00,000;2024-08-06 00:00:00,000;7163;2024-09-05 00:00:00,000
7205;2024-08-01 00:00:00,000;"L003";"S10051";75;976;976;2024-08-05 00:00:00,000;2024-08-08 00:00:00,000;7194;2024-09-05 00:00:00,000
7275;2024-08-07 00:00:00,000;"L003";"S10051";190;1019;1019;2024-08-12 00:00:00,000;2024-08-13 00:00:00,000;7234;2024-09-12 00:00:00,000
7356;2024-08-14 00:00:00,000;"L003";"S10051";30;953;953;2024-08-19 00:00:00,000;2024-08-26 00:00:00,000;7373;2024-09-26 00:00:00,000
7376;2024-08-15 00:00:00,000;"L003";"S10051";35;98;98;2024-08-19 00:00:00,000;2024-08-23 00:00:00,000;7365;2024-09-19 00:00:00,000
7386;2024-08-16 00:00:00,000;"L003";"S10051";30;1016;1016;2024-08-19 00:00:00,000;2024-08-26 00:00:00,000;7387;2024-09-26 00:00:00,000
7424;2024-08-21 00:00:00,000;"L003";"S10051";55;1015;1015;2024-08-23 00:00:00,000;2024-08-28 00:00:00,000;7423;2024-09-26 00:00:00,000
7461;2024-08-23 00:00:00,000;"L003";"S10051";10;908;908;2024-08-26 00:00:00,000;2024-08-28 00:00:00,000;7428;2024-09-26 00:00:00,000
7469;2024-08-26 00:00:00,000;"L003";"S10051";35;963;963;2024-08-29 00:00:00,000;2024-09-02 00:00:00,000;7465;2024-10-03 00:00:00,000
7513;2024-08-28 00:00:00,000;"L003";"S10051";115;1018;1018;2024-08-30 00:00:00,000;2024-09-02 00:00:00,000;7472;2024-10-03 00:00:00,000
7588;2024-09-04 00:00:00,000;"L003";"S10051";95;923;923;2024-09-09 00:00:00,000;2024-09-16 00:00:00,000;7610;2024-10-17 00:00:00,000
7666;2024-09-11 00:00:00,000;"L003";"S10051";15;949;949;2024-09-12 00:00:00,000;2024-09-16 00:00:00,000;7637;2024-10-17 00:00:00,000
7692;2024-09-13 00:00:00,000;"L003";"S10051";75;936;936;2024-09-17 00:00:00,000;2024-09-23 00:00:00,000;7691;2024-10-24 00:00:00,000
7709;2024-09-17 00:00:00,000;"L003";"S10051";135;1111;1111;2024-09-18 00:00:00,000;2024-09-23 00:00:00,000;7694;2024-10-24 00:00:00,000
7735;2024-09-18 00:00:00,000;"L003";"S10051";45;1065;1065;2024-09-23 00:00:00,000;2024-09-30 00:00:00,000;7763;2024-10-31 00:00:00,000
7797;2024-09-23 00:00:00,000;"L003";"S10051";70;941;941;2024-09-27 00:00:00,000;2024-09-30 00:00:00,000;7789;2024-10-31 00:00:00,000
7820;2024-09-24 00:00:00,000;"L003";"S10051";20;974;974;2024-09-25 00:00:00,000;2024-09-27 00:00:00,000;7761;2024-10-24 00:00:00,000
7858;2024-09-26 00:00:00,000;"L003";"S10051";85;1033;1033;2024-09-27 00:00:00,000;2024-10-02 00:00:00,000;7828;2024-10-31 00:00:00,000
7908;2024-10-01 00:00:00,000;"L003";"S10051";65;937;937;2024-10-04 00:00:00,000;2024-10-10 00:00:00,000;7916;2024-11-07 00:00:00,000
7936;2024-10-02 00:00:00,000;"L003";"S10051";90;1015;1015;2024-10-07 00:00:00,000;2024-10-07 00:00:00,000;7887;2024-11-07 00:00:00,000
7987;2024-10-09 00:00:00,000;"L003";"S10051";100;1052;1052;2024-10-11 00:00:00,000;2024-10-15 00:00:00,000;7977;2024-11-14 00:00:00,000
8038;2024-10-14 00:00:00,000;"L003";"S10051";85;1017;1017;2024-10-16 00:00:00,000;2024-10-22 00:00:00,000;8050;2024-11-21 00:00:00,000
8078;2024-10-16 00:00:00,000;"L003";"S10051";80;976;976;2024-10-17 00:00:00,000;2024-10-21 00:00:00,000;8038;2024-11-21 00:00:00,000
8104;2024-10-17 00:00:00,000;"L003";"S10051";215;962;962;2024-10-21 00:00:00,000;2024-10-24 00:00:00,000;8091;2024-11-21 00:00:00,000
8130;2024-10-18 00:00:00,000;"L003";"S10051";140;975;975;2024-10-22 00:00:00,000;2024-10-25 00:00:00,000;8111;2024-11-21 00:00:00,000
8205;2024-10-25 00:00:00,000;"L003";"S10051";105;1017;1017;2024-10-28 00:00:00,000;2024-11-01 00:00:00,000;8192;2024-11-28 00:00:00,000
8246;2024-10-30 00:00:00,000;"L003";"S10051";50;1026;1026;2024-11-01 00:00:00,000;2024-11-06 00:00:00,000;8232;2024-12-05 00:00:00,000
8306;2024-11-05 00:00:00,000;"L003";"S10051";145;893;893;2024-11-08 00:00:00,000;2024-11-11 00:00:00,000;8283;2024-12-12 00:00:00,000
8330;2024-11-07 00:00:00,000;"L003";"S10051";15;967;967;2024-11-12 00:00:00,000;2024-11-18 00:00:00,000;8344;2024-12-19 00:00:00,000
8348;2024-11-08 00:00:00,000;"L003";"S10051";20;1019;1019;2024-11-11 00:00:00,000;2024-11-12 00:00:00,000;8296;2024-12-12 00:00:00,000
8368;2024-11-11 00:00:00,000;"L003";"S10051";65;111;111;2024-11-13 00:00:00,000;2024-11-18 00:00:00,000;8358;2024-12-19 00:00:00,000
8401;2024-11-13 00:00:00,000;"L003";"S10051";245;955;955;2024-11-15 00:00:00,000;2024-11-19 00:00:00,000;8381;2024-12-19 00:00:00,000
4106;2023-11-24 00:00:00,000;"L003";"S10034";40;107;107;2023-11-27 00:00:00,000;2023-12-04 00:00:00,000;4111;2024-01-04 00:00:00,000
4147;2023-11-28 00:00:00,000;"L003";"S10034";25;116;116;2023-12-04 00:00:00,000;2023-12-08 00:00:00,000;4186;2024-01-04 00:00:00,000
4213;2023-12-01 00:00:00,000;"L003";"S10034";115;119;119;2023-12-04 00:00:00,000;2023-12-07 00:00:00,000;4181;2024-01-04 00:00:00,000
4231;2023-12-04 00:00:00,000;"L003";"S10034";50;109;109;2023-12-11 00:00:00,000;2023-12-13 00:00:00,000;4250;2024-01-11 00:00:00,000
4326;2023-12-12 00:00:00,000;"L003";"S10034";105;115;115;2023-12-18 00:00:00,000;2023-12-19 00:00:00,000;4319;2024-01-18 00:00:00,000
4389;2023-12-18 00:00:00,000;"L003";"S10034";135;118;118;2023-12-27 00:00:00,000;2023-12-29 00:00:00,000;4439;2024-01-25 00:00:00,000
4427;2023-12-20 00:00:00,000;"L003";"S10034";10;114;114;2023-12-27 00:00:00,000;2023-12-29 00:00:00,000;4443;2024-01-25 00:00:00,000
4452;2023-12-21 00:00:00,000;"L003";"S10034";60;116;116;2023-12-22 00:00:00,000;2023-12-27 00:00:00,000;4419;2024-01-25 00:00:00,000
4479;2023-12-27 00:00:00,000;"L003";"S10034";45;112;112;2023-12-29 00:00:00,000;2024-01-03 00:00:00,000;4480;2024-02-01 00:00:00,000
4528;2024-01-02 00:00:00,000;"L003";"S10034";20;109;109;2024-01-05 00:00:00,000;2024-01-10 00:00:00,000;4541;2024-02-08 00:00:00,000
4561;2024-01-04 00:00:00,000;"L003";"S10034";170;101;101;2024-01-05 00:00:00,000;2024-01-08 00:00:00,000;4520;2024-02-08 00:00:00,000
4580;2024-01-05 00:00:00,000;"L003";"S10034";65;124;124;2024-01-09 00:00:00,000;2024-01-15 00:00:00,000;4585;2024-02-15 00:00:00,000
4587;2024-01-08 00:00:00,000;"L003";"S10034";25;118;118;2024-01-09 00:00:00,000;2024-01-12 00:00:00,000;4574;2024-02-08 00:00:00,000
4638;2024-01-10 00:00:00,000;"L003";"S10034";95;123;123;2024-01-15 00:00:00,000;2024-01-18 00:00:00,000;4638;2024-02-15 00:00:00,000
4696;2024-01-15 00:00:00,000;"L003";"S10034";50;106;106;2024-01-18 00:00:00,000;2024-01-24 00:00:00,000;4709;2024-02-22 00:00:00,000
4745;2024-01-19 00:00:00,000;"L003";"S10034";20;11;11;2024-01-24 00:00:00,000;2024-01-30 00:00:00,000;4775;2024-02-29 00:00:00,000
4818;2024-01-25 00:00:00,000;"L003";"S10034";15;119;119;2024-01-26 00:00:00,000;2024-01-30 00:00:00,000;4786;2024-02-29 00:00:00,000
4927;2024-02-05 00:00:00,000;"L003";"S10034";45;97;97;2024-02-07 00:00:00,000;2024-02-12 00:00:00,000;4922;2024-03-14 00:00:00,000
4962;2024-02-07 00:00:00,000;"L003";"S10034";25;117;117;2024-02-12 00:00:00,000;2024-02-19 00:00:00,000;4986;2024-03-21 00:00:00,000
5015;2024-02-12 00:00:00,000;"L003";"S10034";130;115;115;2024-02-15 00:00:00,000;2024-02-19 00:00:00,000;5008;2024-03-21 00:00:00,000
5037;2024-02-13 00:00:00,000;"L003";"S10034";65;115;115;2024-02-16 00:00:00,000;2024-02-22 00:00:00,000;5049;2024-03-21 00:00:00,000
5055;2024-02-14 00:00:00,000;"L003";"S10034";110;115;115;2024-02-16 00:00:00,000;2024-02-19 00:00:00,000;5017;2024-03-21 00:00:00,000
5123;2024-02-20 00:00:00,000;"L003";"S10034";20;115;115;2024-02-22 00:00:00,000;2024-02-26 00:00:00,000;5095;2024-03-28 00:00:00,000
5192;2024-02-26 00:00:00,000;"L003";"S10034";10;118;118;2024-02-29 00:00:00,000;2024-03-05 00:00:00,000;5199;2024-04-04 00:00:00,000
5226;2024-02-28 00:00:00,000;"L003";"S10034";200;119;119;2024-03-04 00:00:00,000;2024-03-11 00:00:00,000;5261;2024-04-11 00:00:00,000
5246;2024-02-29 00:00:00,000;"L003";"S10034";45;109;109;2024-03-04 00:00:00,000;2024-03-07 00:00:00,000;5237;2024-04-04 00:00:00,000
5268;2024-03-01 00:00:00,000;"L003";"S10034";50;116;116;2024-03-04 00:00:00,000;2024-03-08 00:00:00,000;5256;2024-04-04 00:00:00,000
5323;2024-03-07 00:00:00,000;"L003";"S10034";50;107;107;2024-03-11 00:00:00,000;2024-03-14 00:00:00,000;5318;2024-04-11 00:00:00,000
5375;2024-03-12 00:00:00,000;"L003";"S10034";45;115;115;2024-03-15 00:00:00,000;2024-03-19 00:00:00,000;5364;2024-04-18 00:00:00,000
5398;2024-03-13 00:00:00,000;"L003";"S10034";75;107;107;2024-03-18 00:00:00,000;2024-03-25 00:00:00,000;5434;2024-04-25 00:00:00,000
5420;2024-03-14 00:00:00,000;"L003";"S10034";10;117;117;2024-03-18 00:00:00,000;2024-03-22 00:00:00,000;5423;2024-04-18 00:00:00,000
5459;2024-03-18 00:00:00,000;"L003";"S10034";30;97;97;2024-03-22 00:00:00,000;2024-03-27 00:00:00,000;5479;2024-04-25 00:00:00,000
5493;2024-03-20 00:00:00,000;"L003";"S10034";25;103;103;2024-03-25 00:00:00,000;2024-03-28 00:00:00,000;5501;2024-04-25 00:00:00,000
5550;2024-03-25 00:00:00,000;"L003";"S10034";75;102;102;2024-04-02 00:00:00,000;2024-04-02 00:00:00,000;5550;2024-05-02 00:00:00,000
5586;2024-03-27 00:00:00,000;"L003";"S10034";35;115;115;2024-03-29 00:00:00,000;2024-04-03 00:00:00,000;5589;2024-05-02 00:00:00,000
5665;2024-04-02 00:00:00,000;"L003";"S10034";60;11;11;2024-04-08 00:00:00,000;2024-04-11 00:00:00,000;5675;2024-05-16 00:00:00,000
5799;2024-04-12 00:00:00,000;"L003";"S10034";15;119;119;2024-04-16 00:00:00,000;2024-04-22 00:00:00,000;5799;2024-05-23 00:00:00,000
5851;2024-04-18 00:00:00,000;"L003";"S10034";65;115;115;2024-04-22 00:00:00,000;2024-04-26 00:00:00,000;5851;2024-05-23 00:00:00,000
5867;2024-04-19 00:00:00,000;"L003";"S10034";30;115;115;2024-04-22 00:00:00,000;2024-04-25 00:00:00,000;5844;2024-05-23 00:00:00,000
5891;2024-04-22 00:00:00,000;"L003";"S10034";35;117;117;2024-04-25 00:00:00,000;2024-04-30 00:00:00,000;5897;2024-05-30 00:00:00,000
5908;2024-04-23 00:00:00,000;"L003";"S10034";30;11;11;2024-04-29 00:00:00,000;2024-05-02 00:00:00,000;5930;2024-05-30 00:00:00,000
5928;2024-04-24 00:00:00,000;"L003";"S10034";100;108;108;2024-04-26 00:00:00,000;2024-05-03 00:00:00,000;5955;2024-05-30 00:00:00,000
5957;2024-04-25 00:00:00,000;"L003";"S10034";55;115;115;2024-04-29 00:00:00,000;2024-05-06 00:00:00,000;5973;2024-06-06 00:00:00,000
6049;2024-05-02 00:00:00,000;"L003";"S10034";75;111;111;2024-05-06 00:00:00,000;2024-05-13 00:00:00,000;6059;2024-06-13 00:00:00,000
6066;2024-05-06 00:00:00,000;"L003";"S10034";45;115;115;2024-05-08 00:00:00,000;2024-05-13 00:00:00,000;6064;2024-06-13 00:00:00,000
6077;2024-05-07 00:00:00,000;"L003";"S10034";15;121;121;2024-05-10 00:00:00,000;2024-05-13 00:00:00,000;6068;2024-06-13 00:00:00,000
6097;2024-05-08 00:00:00,000;"L003";"S10034";100;111;111;2024-05-10 00:00:00,000;2024-05-16 00:00:00,000;6094;2024-06-13 00:00:00,000
6121;2024-05-10 00:00:00,000;"L003";"S10034";10;104;104;2024-05-13 00:00:00,000;2024-05-17 00:00:00,000;6110;2024-06-13 00:00:00,000
6138;2024-05-13 00:00:00,000;"L003";"S10034";10;102;102;2024-05-17 00:00:00,000;2024-05-21 00:00:00,000;6137;2024-06-20 00:00:00,000
6193;2024-05-16 00:00:00,000;"L003";"S10034";15;116;116;2024-05-21 00:00:00,000;2024-05-22 00:00:00,000;6168;2024-06-20 00:00:00,000
6222;2024-05-21 00:00:00,000;"L003";"S10034";15;115;115;2024-05-27 00:00:00,000;2024-05-31 00:00:00,000;6259;2024-06-27 00:00:00,000
6254;2024-05-23 00:00:00,000;"L003";"S10034";140;124;124;2024-05-27 00:00:00,000;2024-05-28 00:00:00,000;6223;2024-06-27 00:00:00,000
6281;2024-05-24 00:00:00,000;"L003";"S10034";80;108;108;2024-05-29 00:00:00,000;2024-06-03 00:00:00,000;6286;2024-07-04 00:00:00,000
6301;2024-05-27 00:00:00,000;"L003";"S10034";15;97;97;2024-05-30 00:00:00,000;2024-06-03 00:00:00,000;6296;2024-07-04 00:00:00,000
6323;2024-05-28 00:00:00,000;"L003";"S10034";60;115;115;2024-06-03 00:00:00,000;2024-06-06 00:00:00,000;6343;2024-07-04 00:00:00,000
6357;2024-05-30 00:00:00,000;"L003";"S10034";85;1;1;2024-06-03 00:00:00,000;2024-06-07 00:00:00,000;6358;2024-07-04 00:00:00,000
6383;2024-06-03 00:00:00,000;"L003";"S10034";20;125;125;2024-06-10 00:00:00,000;2024-06-13 00:00:00,000;6403;2024-07-11 00:00:00,000
6393;2024-06-04 00:00:00,000;"L003";"S10034";45;127;127;2024-06-07 00:00:00,000;2024-06-12 00:00:00,000;6397;2024-07-11 00:00:00,000
6408;2024-06-05 00:00:00,000;"L003";"S10034";20;108;108;2024-06-10 00:00:00,000;2024-06-17 00:00:00,000;6423;2024-07-18 00:00:00,000
6440;2024-06-10 00:00:00,000;"L003";"S10034";15;99;99;2024-06-14 00:00:00,000;2024-06-21 00:00:00,000;6502;2024-07-18 00:00:00,000
6477;2024-06-12 00:00:00,000;"L003";"S10034";85;11;11;2024-06-13 00:00:00,000;2024-06-17 00:00:00,000;6446;2024-07-18 00:00:00,000
6542;2024-06-17 00:00:00,000;"L003";"S10034";85;107;107;2024-06-19 00:00:00,000;2024-06-24 00:00:00,000;6536;2024-07-25 00:00:00,000
6584;2024-06-19 00:00:00,000;"L003";"S10034";75;111;111;2024-06-24 00:00:00,000;2024-06-26 00:00:00,000;6577;2024-07-25 00:00:00,000
6604;2024-06-20 00:00:00,000;"L003";"S10034";25;105;105;2024-06-24 00:00:00,000;2024-06-27 00:00:00,000;6595;2024-07-25 00:00:00,000
6649;2024-06-24 00:00:00,000;"L003";"S10034";75;118;118;2024-06-28 00:00:00,000;2024-07-02 00:00:00,000;6658;2024-08-01 00:00:00,000
6691;2024-06-26 00:00:00,000;"L003";"S10034";120;11;11;2024-06-27 00:00:00,000;2024-07-02 00:00:00,000;6665;2024-08-01 00:00:00,000
6756;2024-07-01 00:00:00,000;"L003";"S10034";210;108;108;2024-07-02 00:00:00,000;2024-07-09 00:00:00,000;6761;2024-08-08 00:00:00,000
6823;2024-07-08 00:00:00,000;"L003";"S10034";105;101;101;2024-07-12 00:00:00,000;2024-07-16 00:00:00,000;6841;2024-08-15 00:00:00,000
6843;2024-07-09 00:00:00,000;"L003";"S10034";25;124;124;2024-07-11 00:00:00,000;2024-07-15 00:00:00,000;6825;2024-08-15 00:00:00,000
6887;2024-07-11 00:00:00,000;"L003";"S10034";45;102;102;2024-07-16 00:00:00,000;2024-07-19 00:00:00,000;6885;2024-08-15 00:00:00,000
6914;2024-07-12 00:00:00,000;"L003";"S10034";60;119;119;2024-07-15 00:00:00,000;2024-07-22 00:00:00,000;6918;2024-08-22 00:00:00,000
6944;2024-07-15 00:00:00,000;"L003";"S10034";70;11;11;2024-07-22 00:00:00,000;2024-07-24 00:00:00,000;6971;2024-08-22 00:00:00,000
6974;2024-07-16 00:00:00,000;"L003";"S10034";85;124;124;2024-07-19 00:00:00,000;2024-07-23 00:00:00,000;6960;2024-08-22 00:00:00,000
7031;2024-07-19 00:00:00,000;"L003";"S10034";100;117;117;2024-07-24 00:00:00,000;2024-07-29 00:00:00,000;7036;2024-08-29 00:00:00,000
7051;2024-07-22 00:00:00,000;"L003";"S10034";160;125;125;2024-07-25 00:00:00,000;2024-07-29 00:00:00,000;7047;2024-08-29 00:00:00,000
7130;2024-07-26 00:00:00,000;"L003";"S10034";15;116;116;2024-07-29 00:00:00,000;2024-08-05 00:00:00,000;7132;2024-09-05 00:00:00,000
7164;2024-07-30 00:00:00,000;"L003";"S10034";45;122;122;2024-07-31 00:00:00,000;2024-08-06 00:00:00,000;7160;2024-09-05 00:00:00,000
7212;2024-08-02 00:00:00,000;"L003";"S10034";60;132;132;2024-08-06 00:00:00,000;2024-08-12 00:00:00,000;7214;2024-09-12 00:00:00,000
7225;2024-08-05 00:00:00,000;"L003";"S10034";110;124;124;2024-08-09 00:00:00,000;2024-08-15 00:00:00,000;7260;2024-09-12 00:00:00,000
7241;2024-08-06 00:00:00,000;"L003";"S10034";95;12;12;2024-08-08 00:00:00,000;2024-08-13 00:00:00,000;7232;2024-09-12 00:00:00,000
7267;2024-08-07 00:00:00,000;"L003";"S10034";25;121;121;2024-08-08 00:00:00,000;2024-08-14 00:00:00,000;7250;2024-09-12 00:00:00,000
7302;2024-08-09 00:00:00,000;"L003";"S10034";105;116;116;2024-08-12 00:00:00,000;2024-08-19 00:00:00,000;7305;2024-09-19 00:00:00,000
7316;2024-08-12 00:00:00,000;"L003";"S10034";40;125;125;2024-08-16 00:00:00,000;2024-08-19 00:00:00,000;7313;2024-09-19 00:00:00,000
7330;2024-08-13 00:00:00,000;"L003";"S10034";40;116;116;2024-08-15 00:00:00,000;2024-08-19 00:00:00,000;7321;2024-09-19 00:00:00,000
7349;2024-08-14 00:00:00,000;"L003";"S10034";35;112;112;2024-08-16 00:00:00,000;2024-08-19 00:00:00,000;7326;2024-09-19 00:00:00,000
7383;2024-08-16 00:00:00,000;"L003";"S10034";45;101;101;2024-08-21 00:00:00,000;2024-08-26 00:00:00,000;7385;2024-09-26 00:00:00,000
7392;2024-08-19 00:00:00,000;"L003";"S10034";95;107;107;2024-08-22 00:00:00,000;2024-08-27 00:00:00,000;7404;2024-09-26 00:00:00,000
7407;2024-08-20 00:00:00,000;"L003";"S10034";60;126;126;2024-08-26 00:00:00,000;2024-08-29 00:00:00,000;7431;2024-09-26 00:00:00,000
7433;2024-08-22 00:00:00,000;"L003";"S10034";55;114;114;2024-08-23 00:00:00,000;2024-08-28 00:00:00,000;7424;2024-09-26 00:00:00,000
7481;2024-08-27 00:00:00,000;"L003";"S10034";20;116;116;2024-08-30 00:00:00,000;2024-09-05 00:00:00,000;7505;2024-10-03 00:00:00,000
7505;2024-08-28 00:00:00,000;"L003";"S10034";45;131;131;2024-09-02 00:00:00,000;2024-09-02 00:00:00,000;7470;2024-10-03 00:00:00,000
7530;2024-08-29 00:00:00,000;"L003";"S10034";50;114;114;2024-08-30 00:00:00,000;2024-09-02 00:00:00,000;7473;2024-10-03 00:00:00,000
7558;2024-09-03 00:00:00,000;"L003";"S10034";50;115;115;2024-09-05 00:00:00,000;2024-09-10 00:00:00,000;7557;2024-10-10 00:00:00,000
7604;2024-09-05 00:00:00,000;"L003";"S10034";110;116;116;2024-09-06 00:00:00,000;2024-09-12 00:00:00,000;7587;2024-10-10 00:00:00,000
7632;2024-09-09 00:00:00,000;"L003";"S10034";80;113;113;2024-09-10 00:00:00,000;2024-09-16 00:00:00,000;7629;2024-10-17 00:00:00,000
7646;2024-09-10 00:00:00,000;"L003";"S10034";85;121;121;2024-09-12 00:00:00,000;2024-09-17 00:00:00,000;7640;2024-10-17 00:00:00,000
7675;2024-09-12 00:00:00,000;"L003";"S10034";35;107;107;2024-09-13 00:00:00,000;2024-09-17 00:00:00,000;7643;2024-10-17 00:00:00,000
7688;2024-09-13 00:00:00,000;"L003";"S10034";60;124;124;2024-09-18 00:00:00,000;2024-09-20 00:00:00,000;7674;2024-10-17 00:00:00,000
7730;2024-09-18 00:00:00,000;"L003";"S10034";100;109;109;2024-09-20 00:00:00,000;2024-09-25 00:00:00,000;7721;2024-10-24 00:00:00,000
7788;2024-09-23 00:00:00,000;"L003";"S10034";180;127;127;2024-09-25 00:00:00,000;2024-09-27 00:00:00,000;7757;2024-10-24 00:00:00,000
7811;2024-09-24 00:00:00,000;"L003";"S10034";30;116;116;2024-09-26 00:00:00,000;2024-10-01 00:00:00,000;7806;2024-10-31 00:00:00,000
7836;2024-09-25 00:00:00,000;"L003";"S10034";35;101;101;2024-09-30 00:00:00,000;2024-10-04 00:00:00,000;7851;2024-10-31 00:00:00,000
7853;2024-09-26 00:00:00,000;"L003";"S10034";15;115;115;2024-09-30 00:00:00,000;2024-10-03 00:00:00,000;7841;2024-10-31 00:00:00,000
7901;2024-10-01 00:00:00,000;"L003";"S10034";50;11;11;2024-10-03 00:00:00,000;2024-10-09 00:00:00,000;7902;2024-11-07 00:00:00,000
7927;2024-10-02 00:00:00,000;"L003";"S10034";90;128;128;2024-10-04 00:00:00,000;2024-10-09 00:00:00,000;7905;2024-11-07 00:00:00,000
7975;2024-10-08 00:00:00,000;"L003";"S10034";65;114;114;2024-10-09 00:00:00,000;2024-10-14 00:00:00,000;7963;2024-11-14 00:00:00,000
8000;2024-10-10 00:00:00,000;"L003";"S10034";30;105;105;2024-10-14 00:00:00,000;2024-10-16 00:00:00,000;7988;2024-11-14 00:00:00,000
8034;2024-10-14 00:00:00,000;"L003";"S10034";125;108;108;2024-10-16 00:00:00,000;2024-10-21 00:00:00,000;8029;2024-11-21 00:00:00,000
8046;2024-10-15 00:00:00,000;"L003";"S10034";20;12;12;2024-10-18 00:00:00,000;2024-10-23 00:00:00,000;8066;2024-11-21 00:00:00,000
8071;2024-10-16 00:00:00,000;"L003";"S10034";130;114;114;2024-10-18 00:00:00,000;2024-10-23 00:00:00,000;8070;2024-11-21 00:00:00,000
8096;2024-10-17 00:00:00,000;"L003";"S10034";140;12;12;2024-10-21 00:00:00,000;2024-10-25 00:00:00,000;8102;2024-11-21 00:00:00,000
8122;2024-10-18 00:00:00,000;"L003";"S10034";35;113;113;2024-10-21 00:00:00,000;2024-10-23 00:00:00,000;8075;2024-11-21 00:00:00,000
8140;2024-10-21 00:00:00,000;"L003";"S10034";70;112;112;2024-10-28 00:00:00,000;2024-10-28 00:00:00,000;8134;2024-11-28 00:00:00,000
8157;2024-10-22 00:00:00,000;"L003";"S10034";160;121;121;2024-10-28 00:00:00,000;2024-11-01 00:00:00,000;8180;2024-11-28 00:00:00,000
8170;2024-10-23 00:00:00,000;"L003";"S10034";55;123;123;2024-10-25 00:00:00,000;2024-10-30 00:00:00,000;8163;2024-11-28 00:00:00,000
8197;2024-10-25 00:00:00,000;"L003";"S10034";50;113;113;2024-10-28 00:00:00,000;2024-11-01 00:00:00,000;8188;2024-11-28 00:00:00,000
8211;2024-10-28 00:00:00,000;"L003";"S10034";40;128;128;2024-10-31 00:00:00,000;2024-11-04 00:00:00,000;8208;2024-12-05 00:00:00,000
8239;2024-10-30 00:00:00,000;"L003";"S10034";15;133;133;2024-11-04 00:00:00,000;2024-11-11 00:00:00,000;8263;2024-12-12 00:00:00,000
8254;2024-10-31 00:00:00,000;"L003";"S10034";95;105;105;2024-11-04 00:00:00,000;2024-11-07 00:00:00,000;8245;2024-12-05 00:00:00,000
8296;2024-11-05 00:00:00,000;"L003";"S10034";100;129;129;2024-11-07 00:00:00,000;2024-11-12 00:00:00,000;8289;2024-12-12 00:00:00,000
8344;2024-11-08 00:00:00,000;"L003";"S10034";10;128;128;2024-11-11 00:00:00,000;2024-11-12 00:00:00,000;8294;2024-12-12 00:00:00,000
4067;2023-11-22 00:00:00,000;"L003";"A10017";25;294;294;2023-11-27 00:00:00,000;2023-12-04 00:00:00,000;4102;2024-01-04 00:00:00,000
4140;2023-11-28 00:00:00,000;"L003";"A10017";20;304;304;2023-11-30 00:00:00,000;2023-12-04 00:00:00,000;4125;2024-01-04 00:00:00,000
4204;2023-12-01 00:00:00,000;"L003";"A10017";70;301;301;2023-12-05 00:00:00,000;2023-12-12 00:00:00,000;4237;2024-01-11 00:00:00,000
4226;2023-12-04 00:00:00,000;"L003";"A10017";80;309;309;2023-12-08 00:00:00,000;2023-12-14 00:00:00,000;4265;2024-01-11 00:00:00,000
4301;2023-12-11 00:00:00,000;"L003";"A10017";40;316;316;2023-12-15 00:00:00,000;2023-12-18 00:00:00,000;4298;2024-01-18 00:00:00,000
4321;2023-12-12 00:00:00,000;"L003";"A10017";20;33;33;2023-12-15 00:00:00,000;2023-12-22 00:00:00,000;4352;2024-01-18 00:00:00,000
4383;2023-12-18 00:00:00,000;"L003";"A10017";15;296;296;2023-12-27 00:00:00,000;2023-12-27 00:00:00,000;4383;2024-01-25 00:00:00,000
4403;2023-12-19 00:00:00,000;"L003";"A10017";80;322;322;2023-12-21 00:00:00,000;2023-12-27 00:00:00,000;4396;2024-01-25 00:00:00,000
4422;2023-12-20 00:00:00,000;"L003";"A10017";35;319;319;2023-12-27 00:00:00,000;2023-12-27 00:00:00,000;4407;2024-01-25 00:00:00,000
4444;2023-12-21 00:00:00,000;"L003";"A10017";25;303;303;2023-12-27 00:00:00,000;2023-12-28 00:00:00,000;4434;2024-01-25 00:00:00,000
4473;2023-12-27 00:00:00,000;"L003";"A10017";80;309;309;2024-01-02 00:00:00,000;2024-01-03 00:00:00,000;4478;2024-02-01 00:00:00,000
4554;2024-01-04 00:00:00,000;"L003";"A10017";50;305;305;2024-01-09 00:00:00,000;2024-01-15 00:00:00,000;4581;2024-02-15 00:00:00,000
4573;2024-01-05 00:00:00,000;"L003";"A10017";15;298;298;2024-01-08 00:00:00,000;2024-01-11 00:00:00,000;4560;2024-02-08 00:00:00,000
4600;2024-01-09 00:00:00,000;"L003";"A10017";35;296;296;2024-01-11 00:00:00,000;2024-01-15 00:00:00,000;4590;2024-02-15 00:00:00,000
4627;2024-01-10 00:00:00,000;"L003";"A10017";60;302;302;2024-01-15 00:00:00,000;2024-01-19 00:00:00,000;4653;2024-02-15 00:00:00,000
4653;2024-01-11 00:00:00,000;"L003";"A10017";20;272;272;2024-01-15 00:00:00,000;2024-01-22 00:00:00,000;4672;2024-02-22 00:00:00,000
4673;2024-01-12 00:00:00,000;"L003";"A10017";55;308;308;2024-01-15 00:00:00,000;2024-01-18 00:00:00,000;4644;2024-02-15 00:00:00,000
4688;2024-01-15 00:00:00,000;"L003";"A10017";160;298;298;2024-01-16 00:00:00,000;2024-01-22 00:00:00,000;4688;2024-02-22 00:00:00,000
4741;2024-01-19 00:00:00,000;"L003";"A10017";35;32;32;2024-01-22 00:00:00,000;2024-01-29 00:00:00,000;4747;2024-02-29 00:00:00,000
4757;2024-01-22 00:00:00,000;"L003";"A10017";170;338;338;2024-01-24 00:00:00,000;2024-01-26 00:00:00,000;4737;2024-02-22 00:00:00,000
4803;2024-01-24 00:00:00,000;"L003";"A10017";80;334;334;2024-01-29 00:00:00,000;2024-02-05 00:00:00,000;4824;2024-03-07 00:00:00,000
4851;2024-01-29 00:00:00,000;"L003";"A10017";80;303;303;2024-02-01 00:00:00,000;2024-02-05 00:00:00,000;4845;2024-03-07 00:00:00,000
4920;2024-02-05 00:00:00,000;"L003";"A10017";230;302;302;2024-02-07 00:00:00,000;2024-02-12 00:00:00,000;4917;2024-03-14 00:00:00,000
4976;2024-02-08 00:00:00,000;"L003";"A10017";30;267;267;2024-02-12 00:00:00,000;2024-02-16 00:00:00,000;4976;2024-03-14 00:00:00,000
4989;2024-02-09 00:00:00,000;"L003";"A10017";35;302;302;2024-02-12 00:00:00,000;2024-02-19 00:00:00,000;4994;2024-03-21 00:00:00,000
5005;2024-02-12 00:00:00,000;"L003";"A10017";60;32;32;2024-02-14 00:00:00,000;2024-02-21 00:00:00,000;5037;2024-03-21 00:00:00,000
5089;2024-02-19 00:00:00,000;"L003";"A10017";25;295;295;2024-02-22 00:00:00,000;2024-02-29 00:00:00,000;5142;2024-03-28 00:00:00,000
5111;2024-02-20 00:00:00,000;"L003";"A10017";75;28;28;2024-02-22 00:00:00,000;2024-02-26 00:00:00,000;5089;2024-03-28 00:00:00,000
5216;2024-02-28 00:00:00,000;"L003";"A10017";105;276;276;2024-02-29 00:00:00,000;2024-03-04 00:00:00,000;5194;2024-04-04 00:00:00,000
5243;2024-02-29 00:00:00,000;"L003";"A10017";15;308;308;2024-03-04 00:00:00,000;2024-03-06 00:00:00,000;5222;2024-04-04 00:00:00,000
5348;2024-03-11 00:00:00,000;"L003";"A10017";90;275;275;2024-03-12 00:00:00,000;2024-03-18 00:00:00,000;5345;2024-04-18 00:00:00,000
5390;2024-03-13 00:00:00,000;"L003";"A10017";85;327;327;2024-03-18 00:00:00,000;2024-03-21 00:00:00,000;5404;2024-04-18 00:00:00,000
5435;2024-03-15 00:00:00,000;"L003";"A10017";20;302;302;2024-03-18 00:00:00,000;2024-03-25 00:00:00,000;5444;2024-04-25 00:00:00,000
5507;2024-03-21 00:00:00,000;"L003";"A10017";20;304;304;2024-03-25 00:00:00,000;2024-03-27 00:00:00,000;5492;2024-04-25 00:00:00,000
5603;2024-03-28 00:00:00,000;"L003";"A10017";125;291;291;2024-04-02 00:00:00,000;2024-04-03 00:00:00,000;5590;2024-05-02 00:00:00,000
5637;2024-03-29 00:00:00,000;"L003";"A10017";155;333;333;2024-04-02 00:00:00,000;2024-04-04 00:00:00,000;5611;2024-05-02 00:00:00,000
5660;2024-04-02 00:00:00,000;"L003";"A10017";20;322;322;2024-04-04 00:00:00,000;2024-04-11 00:00:00,000;5673;2024-05-16 00:00:00,000
5696;2024-04-05 00:00:00,000;"L003";"A10017";45;321;321;2024-04-09 00:00:00,000;2024-04-15 00:00:00,000;5697;2024-05-16 00:00:00,000
5723;2024-04-09 00:00:00,000;"L003";"A10017";80;308;308;2024-04-10 00:00:00,000;2024-04-15 00:00:00,000;5710;2024-05-16 00:00:00,000
5750;2024-04-10 00:00:00,000;"L003";"A10017";105;293;293;2024-04-12 00:00:00,000;2024-04-17 00:00:00,000;5750;2024-05-16 00:00:00,000
5772;2024-04-11 00:00:00,000;"L003";"A10017";30;352;352;2024-04-15 00:00:00,000;2024-04-22 00:00:00,000;5789;2024-05-23 00:00:00,000
5792;2024-04-12 00:00:00,000;"L003";"A10017";80;321;321;2024-04-15 00:00:00,000;2024-04-19 00:00:00,000;5778;2024-05-16 00:00:00,000
5809;2024-04-15 00:00:00,000;"L003";"A10017";50;305;305;2024-04-19 00:00:00,000;2024-04-24 00:00:00,000;5823;2024-05-23 00:00:00,000
5823;2024-04-16 00:00:00,000;"L003";"A10017";90;343;343;2024-04-18 00:00:00,000;2024-04-22 00:00:00,000;5810;2024-05-23 00:00:00,000
5880;2024-04-22 00:00:00,000;"L003";"A10017";25;3;3;2024-04-23 00:00:00,000;2024-04-25 00:00:00,000;5845;2024-05-23 00:00:00,000
5921;2024-04-24 00:00:00,000;"L003";"A10017";105;276;276;2024-04-26 00:00:00,000;2024-05-02 00:00:00,000;5932;2024-05-30 00:00:00,000
5947;2024-04-25 00:00:00,000;"L003";"A10017";195;297;297;2024-04-29 00:00:00,000;2024-05-02 00:00:00,000;5941;2024-05-30 00:00:00,000
5982;2024-04-29 00:00:00,000;"L003";"A10017";245;318;318;2024-05-01 00:00:00,000;2024-05-06 00:00:00,000;5980;2024-06-06 00:00:00,000
6019;2024-05-01 00:00:00,000;"L003";"A10017";125;295;295;2024-05-02 00:00:00,000;2024-05-06 00:00:00,000;5992;2024-06-06 00:00:00,000
6040;2024-05-02 00:00:00,000;"L003";"A10017";25;352;352;2024-05-06 00:00:00,000;2024-05-10 00:00:00,000;6039;2024-06-06 00:00:00,000
6073;2024-05-07 00:00:00,000;"L003";"A10017";10;307;307;2024-05-10 00:00:00,000;2024-05-13 00:00:00,000;6065;2024-06-13 00:00:00,000
6091;2024-05-08 00:00:00,000;"L003";"A10017";25;29;29;2024-05-13 00:00:00,000;2024-05-21 00:00:00,000;6116;2024-06-20 00:00:00,000
6114;2024-05-10 00:00:00,000;"L003";"A10017";85;33;33;2024-05-13 00:00:00,000;2024-05-17 00:00:00,000;6108;2024-06-13 00:00:00,000
6135;2024-05-13 00:00:00,000;"L003";"A10017";20;336;336;2024-05-14 00:00:00,000;2024-05-21 00:00:00,000;6135;2024-06-20 00:00:00,000
6246;2024-05-23 00:00:00,000;"L003";"A10017";95;282;282;2024-05-27 00:00:00,000;2024-05-31 00:00:00,000;6262;2024-06-27 00:00:00,000
6272;2024-05-24 00:00:00,000;"L003";"A10017";70;306;306;2024-05-27 00:00:00,000;2024-05-31 00:00:00,000;6265;2024-06-27 00:00:00,000
6294;2024-05-27 00:00:00,000;"L003";"A10017";120;331;331;2024-05-30 00:00:00,000;2024-06-03 00:00:00,000;6293;2024-07-04 00:00:00,000
6317;2024-05-28 00:00:00,000;"L003";"A10017";35;318;318;2024-05-30 00:00:00,000;2024-06-03 00:00:00,000;6303;2024-07-04 00:00:00,000
6336;2024-05-29 00:00:00,000;"L003";"A10017";80;346;346;2024-06-03 00:00:00,000;2024-06-10 00:00:00,000;6362;2024-07-11 00:00:00,000
6353;2024-05-30 00:00:00,000;"L003";"A10017";70;285;285;2024-06-03 00:00:00,000;2024-06-10 00:00:00,000;6369;2024-07-11 00:00:00,000
6403;2024-06-05 00:00:00,000;"L003";"A10017";20;304;304;2024-06-07 00:00:00,000;2024-06-11 00:00:00,000;6391;2024-07-11 00:00:00,000
6450;2024-06-11 00:00:00,000;"L003";"A10017";20;332;332;2024-06-17 00:00:00,000;2024-06-21 00:00:00,000;6504;2024-07-18 00:00:00,000
6467;2024-06-12 00:00:00,000;"L003";"A10017";110;319;319;2024-06-13 00:00:00,000;2024-06-17 00:00:00,000;6444;2024-07-18 00:00:00,000
6509;2024-06-14 00:00:00,000;"L003";"A10017";140;307;307;2024-06-17 00:00:00,000;2024-06-20 00:00:00,000;6494;2024-07-18 00:00:00,000
6537;2024-06-17 00:00:00,000;"L003";"A10017";165;353;353;2024-06-19 00:00:00,000;2024-06-25 00:00:00,000;6556;2024-07-25 00:00:00,000
6574;2024-06-19 00:00:00,000;"L003";"A10017";115;338;338;2024-06-24 00:00:00,000;2024-06-26 00:00:00,000;6575;2024-07-25 00:00:00,000
6618;2024-06-21 00:00:00,000;"L003";"A10017";35;322;322;2024-06-24 00:00:00,000;2024-07-01 00:00:00,000;6631;2024-08-01 00:00:00,000
6662;2024-06-25 00:00:00,000;"L003";"A10017";65;275;275;2024-07-01 00:00:00,000;2024-07-04 00:00:00,000;6693;2024-08-01 00:00:00,000
6683;2024-06-26 00:00:00,000;"L003";"A10017";55;308;308;2024-07-01 00:00:00,000;2024-07-04 00:00:00,000;6696;2024-08-01 00:00:00,000
6706;2024-06-27 00:00:00,000;"L003";"A10017";45;343;343;2024-07-01 00:00:00,000;2024-07-01 00:00:00,000;6650;2024-08-01 00:00:00,000
6720;2024-06-28 00:00:00,000;"L003";"A10017";30;356;356;2024-07-01 00:00:00,000;2024-07-02 00:00:00,000;6671;2024-08-01 00:00:00,000
6857;2024-07-10 00:00:00,000;"L003";"A10017";125;32;32;2024-07-11 00:00:00,000;2024-07-17 00:00:00,000;6856;2024-08-15 00:00:00,000
6934;2024-07-15 00:00:00,000;"L003";"A10017";70;283;283;2024-07-16 00:00:00,000;2024-07-22 00:00:00,000;6928;2024-08-22 00:00:00,000
6966;2024-07-16 00:00:00,000;"L003";"A10017";145;286;286;2024-07-18 00:00:00,000;2024-07-24 00:00:00,000;6974;2024-08-22 00:00:00,000
7005;2024-07-18 00:00:00,000;"L003";"A10017";30;341;341;2024-07-22 00:00:00,000;2024-07-25 00:00:00,000;7002;2024-08-22 00:00:00,000
7026;2024-07-19 00:00:00,000;"L003";"A10017";105;282;282;2024-07-22 00:00:00,000;2024-07-24 00:00:00,000;6986;2024-08-22 00:00:00,000
7045;2024-07-22 00:00:00,000;"L003";"A10017";35;335;335;2024-07-29 00:00:00,000;2024-08-01 00:00:00,000;7083;2024-08-29 00:00:00,000
7062;2024-07-23 00:00:00,000;"L003";"A10017";50;295;295;2024-07-25 00:00:00,000;2024-07-31 00:00:00,000;7072;2024-08-29 00:00:00,000
7079;2024-07-24 00:00:00,000;"L003";"A10017";60;303;303;2024-07-25 00:00:00,000;2024-07-29 00:00:00,000;7055;2024-08-29 00:00:00,000
7104;2024-07-25 00:00:00,000;"L003";"A10017";160;321;321;2024-07-29 00:00:00,000;2024-07-30 00:00:00,000;7068;2024-08-29 00:00:00,000
7140;2024-07-29 00:00:00,000;"L003";"A10017";95;331;331;2024-07-31 00:00:00,000;2024-08-06 00:00:00,000;7153;2024-09-05 00:00:00,000
7157;2024-07-30 00:00:00,000;"L003";"A10017";80;351;351;2024-08-01 00:00:00,000;2024-08-06 00:00:00,000;7157;2024-09-05 00:00:00,000
7191;2024-08-01 00:00:00,000;"L003";"A10017";155;319;319;2024-08-02 00:00:00,000;2024-08-05 00:00:00,000;7148;2024-09-05 00:00:00,000
7258;2024-08-07 00:00:00,000;"L003";"A10017";10;346;346;2024-08-08 00:00:00,000;2024-08-14 00:00:00,000;7248;2024-09-12 00:00:00,000
7363;2024-08-15 00:00:00,000;"L003";"A10017";10;341;341;2024-08-19 00:00:00,000;2024-08-23 00:00:00,000;7361;2024-09-19 00:00:00,000
7391;2024-08-19 00:00:00,000;"L003";"A10017";115;337;337;2024-08-23 00:00:00,000;2024-08-29 00:00:00,000;7429;2024-09-26 00:00:00,000
7403;2024-08-20 00:00:00,000;"L003";"A10017";20;341;341;2024-08-21 00:00:00,000;2024-08-27 00:00:00,000;7406;2024-09-26 00:00:00,000
7446;2024-08-23 00:00:00,000;"L003";"A10017";80;34;34;2024-08-28 00:00:00,000;2024-08-30 00:00:00,000;7446;2024-09-26 00:00:00,000
7521;2024-08-29 00:00:00,000;"L003";"A10017";15;336;336;2024-09-02 00:00:00,000;2024-09-09 00:00:00,000;7539;2024-10-10 00:00:00,000
7552;2024-09-03 00:00:00,000;"L003";"A10017";20;316;316;2024-09-06 00:00:00,000;2024-09-11 00:00:00,000;7563;2024-10-10 00:00:00,000
7597;2024-09-05 00:00:00,000;"L003";"A10017";40;304;304;2024-09-09 00:00:00,000;2024-09-12 00:00:00,000;7585;2024-10-10 00:00:00,000
7640;2024-09-10 00:00:00,000;"L003";"A10017";15;279;279;2024-09-16 00:00:00,000;2024-09-19 00:00:00,000;7655;2024-10-17 00:00:00,000
7695;2024-09-16 00:00:00,000;"L003";"A10017";30;333;333;2024-09-18 00:00:00,000;2024-09-24 00:00:00,000;7704;2024-10-24 00:00:00,000
7719;2024-09-18 00:00:00,000;"L003";"A10017";25;373;373;2024-09-19 00:00:00,000;2024-09-25 00:00:00,000;7717;2024-10-24 00:00:00,000
7743;2024-09-19 00:00:00,000;"L003";"A10017";45;353;353;2024-09-20 00:00:00,000;2024-09-27 00:00:00,000;7749;2024-10-24 00:00:00,000
7777;2024-09-23 00:00:00,000;"L003";"A10017";120;336;336;2024-09-24 00:00:00,000;2024-09-30 00:00:00,000;7780;2024-10-31 00:00:00,000
7805;2024-09-24 00:00:00,000;"L003";"A10017";20;3;3;2024-09-27 00:00:00,000;2024-10-03 00:00:00,000;7831;2024-10-31 00:00:00,000
7830;2024-09-25 00:00:00,000;"L003";"A10017";80;284;284;2024-09-30 00:00:00,000;2024-10-03 00:00:00,000;7836;2024-10-31 00:00:00,000
7889;2024-10-01 00:00:00,000;"L003";"A10017";125;315;315;2024-10-07 00:00:00,000;2024-10-10 00:00:00,000;7914;2024-11-07 00:00:00,000
7917;2024-10-02 00:00:00,000;"L003";"A10017";90;289;289;2024-10-07 00:00:00,000;2024-10-14 00:00:00,000;7940;2024-11-14 00:00:00,000
7942;2024-10-03 00:00:00,000;"L003";"A10017";50;35;35;2024-10-07 00:00:00,000;2024-10-14 00:00:00,000;7946;2024-11-14 00:00:00,000
7960;2024-10-07 00:00:00,000;"L003";"A10017";75;32;32;2024-10-10 00:00:00,000;2024-10-14 00:00:00,000;7956;2024-11-14 00:00:00,000
7982;2024-10-09 00:00:00,000;"L003";"A10017";60;352;352;2024-10-11 00:00:00,000;2024-10-16 00:00:00,000;7985;2024-11-14 00:00:00,000
8061;2024-10-16 00:00:00,000;"L003";"A10017";15;32;32;2024-10-21 00:00:00,000;2024-10-22 00:00:00,000;8053;2024-11-21 00:00:00,000
8088;2024-10-17 00:00:00,000;"L003";"A10017";225;292;292;2024-10-21 00:00:00,000;2024-10-25 00:00:00,000;8100;2024-11-21 00:00:00,000
8113;2024-10-18 00:00:00,000;"L003";"A10017";225;313;313;2024-10-21 00:00:00,000;2024-10-25 00:00:00,000;8108;2024-11-21 00:00:00,000
8136;2024-10-21 00:00:00,000;"L003";"A10017";50;29;29;2024-10-28 00:00:00,000;2024-10-29 00:00:00,000;8147;2024-11-28 00:00:00,000
8153;2024-10-22 00:00:00,000;"L003";"A10017";45;338;338;2024-10-28 00:00:00,000;2024-11-01 00:00:00,000;8179;2024-11-28 00:00:00,000
8166;2024-10-23 00:00:00,000;"L003";"A10017";45;285;285;2024-10-24 00:00:00,000;2024-10-29 00:00:00,000;8151;2024-11-28 00:00:00,000
8217;2024-10-29 00:00:00,000;"L003";"A10017";40;288;288;2024-10-31 00:00:00,000;2024-11-04 00:00:00,000;8209;2024-12-05 00:00:00,000
8230;2024-10-30 00:00:00,000;"L003";"A10017";130;371;371;2024-11-04 00:00:00,000;2024-11-05 00:00:00,000;8219;2024-12-05 00:00:00,000
8287;2024-11-05 00:00:00,000;"L003";"A10017";200;337;337;2024-11-11 00:00:00,000;2024-11-18 00:00:00,000;8334;2024-12-19 00:00:00,000
8355;2024-11-11 00:00:00,000;"L003";"A10017";20;309;309;2024-11-14 00:00:00,000;2024-11-18 00:00:00,000;8351;2024-12-19 00:00:00,000
4122;2023-11-27 00:00:00,000;"L003";"A10028";15;315;315;2023-12-04 00:00:00,000;2023-12-04 00:00:00,000;4119;2024-01-04 00:00:00,000
4146;2023-11-28 00:00:00,000;"L003";"A10028";15;316;316;2023-12-04 00:00:00,000;2023-12-07 00:00:00,000;4171;2024-01-04 00:00:00,000
4269;2023-12-06 00:00:00,000;"L003";"A10028";15;296;296;2023-12-08 00:00:00,000;2023-12-14 00:00:00,000;4271;2024-01-11 00:00:00,000
4307;2023-12-11 00:00:00,000;"L003";"A10028";60;298;298;2023-12-18 00:00:00,000;2023-12-22 00:00:00,000;4350;2024-01-18 00:00:00,000
4325;2023-12-12 00:00:00,000;"L003";"A10028";25;294;294;2023-12-13 00:00:00,000;2023-12-20 00:00:00,000;4331;2024-01-18 00:00:00,000
4356;2023-12-14 00:00:00,000;"L003";"A10028";65;307;307;2023-12-18 00:00:00,000;2023-12-21 00:00:00,000;4342;2024-01-18 00:00:00,000
4560;2024-01-04 00:00:00,000;"L003";"A10028";15;294;294;2024-01-09 00:00:00,000;2024-01-11 00:00:00,000;4559;2024-02-08 00:00:00,000
4579;2024-01-05 00:00:00,000;"L003";"A10028";110;345;345;2024-01-08 00:00:00,000;2024-01-11 00:00:00,000;4561;2024-02-08 00:00:00,000
4660;2024-01-11 00:00:00,000;"L003";"A10028";20;299;299;2024-01-15 00:00:00,000;2024-01-22 00:00:00,000;4675;2024-02-22 00:00:00,000
4677;2024-01-12 00:00:00,000;"L003";"A10028";15;287;287;2024-01-16 00:00:00,000;2024-01-22 00:00:00,000;4683;2024-02-22 00:00:00,000
4694;2024-01-15 00:00:00,000;"L003";"A10028";110;324;324;2024-01-19 00:00:00,000;2024-01-25 00:00:00,000;4724;2024-02-22 00:00:00,000
4730;2024-01-18 00:00:00,000;"L003";"A10028";15;279;279;2024-01-23 00:00:00,000;2024-01-29 00:00:00,000;4741;2024-02-29 00:00:00,000
4763;2024-01-22 00:00:00,000;"L003";"A10028";10;321;321;2024-01-29 00:00:00,000;2024-01-29 00:00:00,000;4759;2024-02-29 00:00:00,000
4855;2024-01-29 00:00:00,000;"L003";"A10028";50;323;323;2024-01-31 00:00:00,000;2024-02-05 00:00:00,000;4847;2024-03-07 00:00:00,000
4885;2024-01-31 00:00:00,000;"L003";"A10028";10;291;291;2024-02-01 00:00:00,000;2024-02-07 00:00:00,000;4879;2024-03-07 00:00:00,000
4925;2024-02-05 00:00:00,000;"L003";"A10028";25;287;287;2024-02-07 00:00:00,000;2024-02-14 00:00:00,000;4951;2024-03-14 00:00:00,000
4961;2024-02-07 00:00:00,000;"L003";"A10028";35;335;335;2024-02-12 00:00:00,000;2024-02-16 00:00:00,000;4973;2024-03-14 00:00:00,000
5013;2024-02-12 00:00:00,000;"L003";"A10028";85;282;282;2024-02-14 00:00:00,000;2024-02-19 00:00:00,000;5006;2024-03-21 00:00:00,000
5035;2024-02-13 00:00:00,000;"L003";"A10028";10;284;284;2024-02-16 00:00:00,000;2024-02-22 00:00:00,000;5048;2024-03-21 00:00:00,000
5054;2024-02-14 00:00:00,000;"L003";"A10028";15;309;309;2024-02-19 00:00:00,000;2024-02-22 00:00:00,000;5053;2024-03-21 00:00:00,000
5118;2024-02-20 00:00:00,000;"L003";"A10028";90;328;328;2024-02-21 00:00:00,000;2024-02-26 00:00:00,000;5094;2024-03-28 00:00:00,000
5149;2024-02-21 00:00:00,000;"L003";"A10028";30;31;31;2024-02-26 00:00:00,000;2024-02-29 00:00:00,000;5155;2024-03-28 00:00:00,000
5180;2024-02-23 00:00:00,000;"L003";"A10028";120;285;285;2024-02-26 00:00:00,000;2024-03-04 00:00:00,000;5181;2024-04-04 00:00:00,000
5203;2024-02-27 00:00:00,000;"L003";"A10028";35;296;296;2024-03-04 00:00:00,000;2024-03-05 00:00:00,000;5204;2024-04-04 00:00:00,000
5283;2024-03-04 00:00:00,000;"L003";"A10028";45;296;296;2024-03-06 00:00:00,000;2024-03-11 00:00:00,000;5276;2024-04-11 00:00:00,000
5337;2024-03-08 00:00:00,000;"L003";"A10028";25;321;321;2024-03-11 00:00:00,000;2024-03-18 00:00:00,000;5337;2024-04-18 00:00:00,000
5396;2024-03-13 00:00:00,000;"L003";"A10028";150;287;287;2024-03-18 00:00:00,000;2024-03-25 00:00:00,000;5432;2024-04-25 00:00:00,000
5546;2024-03-25 00:00:00,000;"L003";"A10028";10;346;346;2024-03-27 00:00:00,000;2024-04-02 00:00:00,000;5547;2024-05-02 00:00:00,000
5581;2024-03-27 00:00:00,000;"L003";"A10028";85;323;323;2024-04-02 00:00:00,000;2024-04-03 00:00:00,000;5586;2024-05-02 00:00:00,000
5645;2024-03-29 00:00:00,000;"L003";"A10028";145;297;297;2024-04-02 00:00:00,000;2024-04-08 00:00:00,000;5646;2024-05-16 00:00:00,000
5688;2024-04-04 00:00:00,000;"L003";"A10028";40;287;287;2024-04-08 00:00:00,000;2024-04-15 00:00:00,000;5694;2024-05-16 00:00:00,000
5755;2024-04-10 00:00:00,000;"L003";"A10028";125;273;273;2024-04-12 00:00:00,000;2024-04-18 00:00:00,000;5764;2024-05-16 00:00:00,000
5812;2024-04-15 00:00:00,000;"L003";"A10028";10;336;336;2024-04-19 00:00:00,000;2024-04-26 00:00:00,000;5846;2024-05-23 00:00:00,000
5834;2024-04-17 00:00:00,000;"L003";"A10028";75;278;278;2024-04-22 00:00:00,000;2024-04-26 00:00:00,000;5849;2024-05-23 00:00:00,000
5849;2024-04-18 00:00:00,000;"L003";"A10028";40;29;29;2024-04-23 00:00:00,000;2024-04-29 00:00:00,000;5863;2024-05-30 00:00:00,000
5865;2024-04-19 00:00:00,000;"L003";"A10028";40;289;289;2024-04-23 00:00:00,000;2024-04-29 00:00:00,000;5870;2024-05-30 00:00:00,000
5889;2024-04-22 00:00:00,000;"L003";"A10028";75;298;298;2024-04-24 00:00:00,000;2024-04-26 00:00:00,000;5857;2024-05-23 00:00:00,000
5907;2024-04-23 00:00:00,000;"L003";"A10028";20;294;294;2024-04-29 00:00:00,000;2024-05-06 00:00:00,000;5965;2024-06-06 00:00:00,000
5971;2024-04-26 00:00:00,000;"L003";"A10028";50;294;294;2024-04-29 00:00:00,000;2024-05-02 00:00:00,000;5948;2024-05-30 00:00:00,000
6044;2024-05-02 00:00:00,000;"L003";"A10028";30;314;314;2024-05-06 00:00:00,000;2024-05-13 00:00:00,000;6057;2024-06-13 00:00:00,000
6075;2024-05-07 00:00:00,000;"L003";"A10028";40;316;316;2024-05-10 00:00:00,000;2024-05-13 00:00:00,000;6067;2024-06-13 00:00:00,000
6221;2024-05-21 00:00:00,000;"L003";"A10028";95;312;312;2024-05-27 00:00:00,000;2024-05-30 00:00:00,000;6240;2024-06-27 00:00:00,000
6232;2024-05-22 00:00:00,000;"L003";"A10028";15;261;261;2024-05-24 00:00:00,000;2024-05-28 00:00:00,000;6221;2024-06-27 00:00:00,000
6251;2024-05-23 00:00:00,000;"L003";"A10028";20;297;297;2024-05-27 00:00:00,000;2024-05-30 00:00:00,000;6245;2024-06-27 00:00:00,000
6278;2024-05-24 00:00:00,000;"L003";"A10028";30;323;323;2024-05-27 00:00:00,000;2024-05-30 00:00:00,000;6253;2024-06-27 00:00:00,000
6299;2024-05-27 00:00:00,000;"L003";"A10028";75;292;292;2024-05-30 00:00:00,000;2024-06-05 00:00:00,000;6325;2024-07-04 00:00:00,000
6322;2024-05-28 00:00:00,000;"L003";"A10028";35;336;336;2024-05-31 00:00:00,000;2024-06-05 00:00:00,000;6331;2024-07-04 00:00:00,000
6370;2024-05-31 00:00:00,000;"L003";"A10028";40;259;259;2024-06-03 00:00:00,000;2024-06-04 00:00:00,000;6322;2024-07-04 00:00:00,000
6438;2024-06-10 00:00:00,000;"L003";"A10028";75;323;323;2024-06-11 00:00:00,000;2024-06-18 00:00:00,000;6451;2024-07-18 00:00:00,000
6454;2024-06-11 00:00:00,000;"L003";"A10028";15;273;273;2024-06-13 00:00:00,000;2024-06-20 00:00:00,000;6481;2024-07-18 00:00:00,000
6474;2024-06-12 00:00:00,000;"L003";"A10028";50;291;291;2024-06-14 00:00:00,000;2024-06-18 00:00:00,000;6457;2024-07-18 00:00:00,000
6494;2024-06-13 00:00:00,000;"L003";"A10028";30;314;314;2024-06-17 00:00:00,000;2024-06-17 00:00:00,000;6449;2024-07-18 00:00:00,000
6516;2024-06-14 00:00:00,000;"L003";"A10028";40;281;281;2024-06-17 00:00:00,000;2024-06-21 00:00:00,000;6506;2024-07-18 00:00:00,000
6540;2024-06-17 00:00:00,000;"L003";"A10028";10;32;32;2024-06-18 00:00:00,000;2024-06-24 00:00:00,000;6535;2024-07-25 00:00:00,000
6579;2024-06-19 00:00:00,000;"L003";"A10028";40;277;277;2024-06-24 00:00:00,000;2024-06-25 00:00:00,000;6567;2024-07-25 00:00:00,000
6628;2024-06-21 00:00:00,000;"L003";"A10028";50;296;296;2024-06-24 00:00:00,000;2024-06-28 00:00:00,000;6615;2024-07-25 00:00:00,000
6668;2024-06-25 00:00:00,000;"L003";"A10028";20;346;346;2024-06-26 00:00:00,000;2024-07-01 00:00:00,000;6647;2024-08-01 00:00:00,000
6750;2024-07-01 00:00:00,000;"L003";"A10028";270;31;31;2024-07-02 00:00:00,000;2024-07-08 00:00:00,000;6741;2024-08-08 00:00:00,000
6813;2024-07-05 00:00:00,000;"L003";"A10028";15;318;318;2024-07-09 00:00:00,000;2024-07-15 00:00:00,000;6814;2024-08-15 00:00:00,000
6821;2024-07-08 00:00:00,000;"L003";"A10028";65;335;335;2024-07-15 00:00:00,000;2024-07-19 00:00:00,000;6874;2024-08-15 00:00:00,000
6841;2024-07-09 00:00:00,000;"L003";"A10028";30;278;278;2024-07-11 00:00:00,000;2024-07-17 00:00:00,000;6852;2024-08-15 00:00:00,000
6883;2024-07-11 00:00:00,000;"L003";"A10028";100;323;323;2024-07-12 00:00:00,000;2024-07-15 00:00:00,000;6833;2024-08-15 00:00:00,000
6913;2024-07-12 00:00:00,000;"L003";"A10028";65;315;315;2024-07-15 00:00:00,000;2024-07-22 00:00:00,000;6917;2024-08-22 00:00:00,000
6940;2024-07-15 00:00:00,000;"L003";"A10028";10;29;29;2024-07-18 00:00:00,000;2024-07-23 00:00:00,000;6951;2024-08-22 00:00:00,000
6972;2024-07-16 00:00:00,000;"L003";"A10028";20;286;286;2024-07-18 00:00:00,000;2024-07-22 00:00:00,000;6939;2024-08-22 00:00:00,000
7049;2024-07-22 00:00:00,000;"L003";"A10028";25;324;324;2024-07-24 00:00:00,000;2024-07-26 00:00:00,000;7024;2024-08-22 00:00:00,000
7086;2024-07-24 00:00:00,000;"L003";"A10028";60;314;314;2024-07-25 00:00:00,000;2024-08-01 00:00:00,000;7093;2024-08-29 00:00:00,000
7161;2024-07-30 00:00:00,000;"L003";"A10028";125;311;311;2024-07-31 00:00:00,000;2024-08-05 00:00:00,000;7142;2024-09-05 00:00:00,000
7197;2024-08-01 00:00:00,000;"L003";"A10028";25;335;335;2024-08-02 00:00:00,000;2024-08-08 00:00:00,000;7191;2024-09-05 00:00:00,000
7211;2024-08-02 00:00:00,000;"L003";"A10028";30;358;358;2024-08-05 00:00:00,000;2024-08-12 00:00:00,000;7213;2024-09-12 00:00:00,000
7240;2024-08-06 00:00:00,000;"L003";"A10028";160;301;301;2024-08-08 00:00:00,000;2024-08-14 00:00:00,000;7244;2024-09-12 00:00:00,000
7263;2024-08-07 00:00:00,000;"L003";"A10028";10;321;321;2024-08-09 00:00:00,000;2024-08-16 00:00:00,000;7277;2024-09-12 00:00:00,000
7369;2024-08-15 00:00:00,000;"L003";"A10028";65;31;31;2024-08-19 00:00:00,000;2024-08-20 00:00:00,000;7337;2024-09-19 00:00:00,000
7432;2024-08-22 00:00:00,000;"L003";"A10028";20;345;345;2024-08-26 00:00:00,000;2024-08-30 00:00:00,000;7445;2024-09-26 00:00:00,000
7526;2024-08-29 00:00:00,000;"L003";"A10028";90;327;327;2024-09-03 00:00:00,000;2024-09-09 00:00:00,000;7540;2024-10-10 00:00:00,000
7579;2024-09-04 00:00:00,000;"L003";"A10028";30;292;292;2024-09-05 00:00:00,000;2024-09-12 00:00:00,000;7580;2024-10-10 00:00:00,000
7603;2024-09-05 00:00:00,000;"L003";"A10028";35;293;293;2024-09-06 00:00:00,000;2024-09-11 00:00:00,000;7575;2024-10-10 00:00:00,000
7631;2024-09-09 00:00:00,000;"L003";"A10028";35;326;326;2024-09-11 00:00:00,000;2024-09-16 00:00:00,000;7628;2024-10-17 00:00:00,000
7660;2024-09-11 00:00:00,000;"L003";"A10028";30;325;325;2024-09-12 00:00:00,000;2024-09-17 00:00:00,000;7642;2024-10-17 00:00:00,000
7728;2024-09-18 00:00:00,000;"L003";"A10028";20;353;353;2024-09-20 00:00:00,000;2024-09-26 00:00:00,000;7736;2024-10-24 00:00:00,000
7764;2024-09-20 00:00:00,000;"L003";"A10028";20;357;357;2024-09-23 00:00:00,000;2024-09-30 00:00:00,000;7773;2024-10-31 00:00:00,000
7785;2024-09-23 00:00:00,000;"L003";"A10028";65;323;323;2024-09-25 00:00:00,000;2024-09-30 00:00:00,000;7783;2024-10-31 00:00:00,000
7810;2024-09-24 00:00:00,000;"L003";"A10028";140;329;329;2024-09-26 00:00:00,000;2024-10-01 00:00:00,000;7805;2024-10-31 00:00:00,000
7875;2024-09-30 00:00:00,000;"L003";"A10028";85;297;297;2024-10-03 00:00:00,000;2024-10-08 00:00:00,000;7889;2024-11-07 00:00:00,000
7897;2024-10-01 00:00:00,000;"L003";"A10028";45;306;306;2024-10-03 00:00:00,000;2024-10-08 00:00:00,000;7894;2024-11-07 00:00:00,000
7952;2024-10-04 00:00:00,000;"L003";"A10028";35;289;289;2024-10-07 00:00:00,000;2024-10-14 00:00:00,000;7952;2024-11-14 00:00:00,000
7963;2024-10-07 00:00:00,000;"L003";"A10028";10;344;344;2024-10-08 00:00:00,000;2024-10-14 00:00:00,000;7959;2024-11-14 00:00:00,000
8069;2024-10-16 00:00:00,000;"L003";"A10028";20;34;34;2024-10-17 00:00:00,000;2024-10-21 00:00:00,000;8037;2024-11-21 00:00:00,000
8119;2024-10-18 00:00:00,000;"L003";"A10028";110;335;335;2024-10-21 00:00:00,000;2024-10-24 00:00:00,000;8093;2024-11-21 00:00:00,000
8168;2024-10-23 00:00:00,000;"L003";"A10028";15;323;323;2024-10-28 00:00:00,000;2024-11-01 00:00:00,000;8182;2024-11-28 00:00:00,000
8184;2024-10-24 00:00:00,000;"L003";"A10028";15;31;31;2024-10-28 00:00:00,000;2024-11-04 00:00:00,000;8196;2024-12-05 00:00:00,000
8210;2024-10-28 00:00:00,000;"L003";"A10028";105;355;355;2024-10-29 00:00:00,000;2024-11-05 00:00:00,000;8213;2024-12-05 00:00:00,000
8236;2024-10-30 00:00:00,000;"L003";"A10028";55;361;361;2024-11-01 00:00:00,000;2024-11-07 00:00:00,000;8241;2024-12-05 00:00:00,000
8294;2024-11-05 00:00:00,000;"L003";"A10028";95;301;301;2024-11-11 00:00:00,000;2024-11-12 00:00:00,000;8288;2024-12-12 00:00:00,000
4135;2023-11-28 00:00:00,000;"L003";"A10009";15;139;139;2023-12-01 00:00:00,000;2023-12-08 00:00:00,000;4184;2024-01-04 00:00:00,000
4199;2023-12-01 00:00:00,000;"L003";"A10009";15;135;135;2023-12-04 00:00:00,000;2023-12-11 00:00:00,000;4213;2024-01-11 00:00:00,000
4262;2023-12-06 00:00:00,000;"L003";"A10009";80;132;132;2023-12-08 00:00:00,000;2023-12-13 00:00:00,000;4259;2024-01-11 00:00:00,000
4298;2023-12-11 00:00:00,000;"L003";"A10009";60;128;128;2023-12-12 00:00:00,000;2023-12-18 00:00:00,000;4296;2024-01-18 00:00:00,000
4319;2023-12-12 00:00:00,000;"L003";"A10009";95;138;138;2023-12-13 00:00:00,000;2023-12-18 00:00:00,000;4306;2024-01-18 00:00:00,000
4349;2023-12-14 00:00:00,000;"L003";"A10009";20;129;129;2023-12-15 00:00:00,000;2023-12-22 00:00:00,000;4356;2024-01-18 00:00:00,000
4379;2023-12-18 00:00:00,000;"L003";"A10009";75;132;132;2023-12-22 00:00:00,000;2023-12-28 00:00:00,000;4421;2024-01-25 00:00:00,000
4439;2023-12-21 00:00:00,000;"L003";"A10009";30;132;132;2023-12-22 00:00:00,000;2023-12-27 00:00:00,000;4413;2024-01-25 00:00:00,000
4521;2024-01-02 00:00:00,000;"L003";"A10009";65;139;139;2024-01-08 00:00:00,000;2024-01-10 00:00:00,000;4539;2024-02-08 00:00:00,000
4550;2024-01-04 00:00:00,000;"L003";"A10009";65;127;127;2024-01-05 00:00:00,000;2024-01-11 00:00:00,000;4557;2024-02-08 00:00:00,000
4622;2024-01-10 00:00:00,000;"L003";"A10009";70;133;133;2024-01-12 00:00:00,000;2024-01-17 00:00:00,000;4622;2024-02-15 00:00:00,000
4738;2024-01-19 00:00:00,000;"L003";"A10009";30;133;133;2024-01-24 00:00:00,000;2024-01-29 00:00:00,000;4745;2024-02-29 00:00:00,000
4798;2024-01-24 00:00:00,000;"L003";"A10009";75;126;126;2024-01-29 00:00:00,000;2024-02-05 00:00:00,000;4822;2024-03-07 00:00:00,000
4906;2024-02-02 00:00:00,000;"L003";"A10009";35;133;133;2024-02-05 00:00:00,000;2024-02-09 00:00:00,000;4907;2024-03-07 00:00:00,000
5047;2024-02-14 00:00:00,000;"L003";"A10009";30;134;134;2024-02-16 00:00:00,000;2024-02-21 00:00:00,000;5045;2024-03-21 00:00:00,000
5107;2024-02-20 00:00:00,000;"L003";"A10009";40;133;133;2024-02-22 00:00:00,000;2024-02-26 00:00:00,000;5087;2024-03-28 00:00:00,000
5137;2024-02-21 00:00:00,000;"L003";"A10009";20;127;127;2024-02-26 00:00:00,000;2024-02-29 00:00:00,000;5150;2024-03-28 00:00:00,000
5164;2024-02-22 00:00:00,000;"L003";"A10009";15;127;127;2024-02-26 00:00:00,000;2024-02-29 00:00:00,000;5158;2024-03-28 00:00:00,000
5258;2024-03-01 00:00:00,000;"L003";"A10009";75;148;148;2024-03-04 00:00:00,000;2024-03-08 00:00:00,000;5252;2024-04-04 00:00:00,000
5295;2024-03-05 00:00:00,000;"L003";"A10009";15;127;127;2024-03-11 00:00:00,000;2024-03-13 00:00:00,000;5305;2024-04-11 00:00:00,000
5317;2024-03-07 00:00:00,000;"L003";"A10009";25;134;134;2024-03-11 00:00:00,000;2024-03-12 00:00:00,000;5299;2024-04-11 00:00:00,000
5367;2024-03-12 00:00:00,000;"L003";"A10009";125;144;144;2024-03-14 00:00:00,000;2024-03-20 00:00:00,000;5379;2024-04-18 00:00:00,000
5410;2024-03-14 00:00:00,000;"L003";"A10009";65;126;126;2024-03-18 00:00:00,000;2024-03-25 00:00:00,000;5436;2024-04-25 00:00:00,000
5431;2024-03-15 00:00:00,000;"L003";"A10009";80;132;132;2024-03-18 00:00:00,000;2024-03-21 00:00:00,000;5410;2024-04-18 00:00:00,000
5481;2024-03-20 00:00:00,000;"L003";"A10009";30;144;144;2024-03-21 00:00:00,000;2024-03-25 00:00:00,000;5457;2024-04-25 00:00:00,000
5538;2024-03-25 00:00:00,000;"L003";"A10009";65;143;143;2024-03-26 00:00:00,000;2024-03-29 00:00:00,000;5515;2024-04-25 00:00:00,000
5574;2024-03-27 00:00:00,000;"L003";"A10009";25;119;119;2024-04-02 00:00:00,000;2024-04-03 00:00:00,000;5585;2024-05-02 00:00:00,000
5631;2024-03-29 00:00:00,000;"L003";"A10009";65;143;143;2024-04-02 00:00:00,000;2024-04-08 00:00:00,000;5641;2024-05-16 00:00:00,000
5746;2024-04-10 00:00:00,000;"L003";"A10009";60;147;147;2024-04-11 00:00:00,000;2024-04-15 00:00:00,000;5720;2024-05-16 00:00:00,000
5769;2024-04-11 00:00:00,000;"L003";"A10009";30;134;134;2024-04-15 00:00:00,000;2024-04-19 00:00:00,000;5774;2024-05-16 00:00:00,000
5788;2024-04-12 00:00:00,000;"L003";"A10009";60;111;111;2024-04-16 00:00:00,000;2024-04-23 00:00:00,000;5816;2024-05-23 00:00:00,000
5806;2024-04-15 00:00:00,000;"L003";"A10009";70;138;138;2024-04-19 00:00:00,000;2024-04-23 00:00:00,000;5817;2024-05-23 00:00:00,000
5857;2024-04-19 00:00:00,000;"L003";"A10009";15;133;133;2024-04-22 00:00:00,000;2024-04-26 00:00:00,000;5852;2024-05-23 00:00:00,000
5942;2024-04-25 00:00:00,000;"L003";"A10009";25;132;132;2024-04-29 00:00:00,000;2024-04-30 00:00:00,000;5904;2024-05-30 00:00:00,000
6015;2024-05-01 00:00:00,000;"L003";"A10009";20;115;115;2024-05-03 00:00:00,000;2024-05-10 00:00:00,000;6034;2024-06-06 00:00:00,000
6071;2024-05-07 00:00:00,000;"L003";"A10009";15;122;122;2024-05-13 00:00:00,000;2024-05-21 00:00:00,000;6115;2024-06-20 00:00:00,000
6109;2024-05-10 00:00:00,000;"L003";"A10009";100;128;128;2024-05-13 00:00:00,000;2024-05-16 00:00:00,000;6095;2024-06-13 00:00:00,000
6151;2024-05-14 00:00:00,000;"L003";"A10009";55;144;144;2024-05-17 00:00:00,000;2024-05-21 00:00:00,000;6145;2024-06-20 00:00:00,000
6290;2024-05-27 00:00:00,000;"L003";"A10009";45;128;128;2024-05-29 00:00:00,000;2024-06-03 00:00:00,000;6289;2024-07-04 00:00:00,000
6333;2024-05-29 00:00:00,000;"L003";"A10009";45;127;127;2024-05-31 00:00:00,000;2024-06-04 00:00:00,000;6319;2024-07-04 00:00:00,000
6365;2024-05-31 00:00:00,000;"L003";"A10009";20;146;146;2024-06-03 00:00:00,000;2024-06-10 00:00:00,000;6372;2024-07-11 00:00:00,000
6463;2024-06-12 00:00:00,000;"L003";"A10009";55;133;133;2024-06-14 00:00:00,000;2024-06-18 00:00:00,000;6455;2024-07-18 00:00:00,000
6505;2024-06-14 00:00:00,000;"L003";"A10009";35;126;126;2024-06-17 00:00:00,000;2024-06-24 00:00:00,000;6521;2024-07-25 00:00:00,000
6553;2024-06-18 00:00:00,000;"L003";"A10009";90;139;139;2024-06-24 00:00:00,000;2024-06-28 00:00:00,000;6604;2024-07-25 00:00:00,000
6658;2024-06-25 00:00:00,000;"L003";"A10009";115;141;141;2024-06-27 00:00:00,000;2024-07-03 00:00:00,000;6673;2024-08-01 00:00:00,000
6737;2024-07-01 00:00:00,000;"L003";"A10009";300;135;135;2024-07-05 00:00:00,000;2024-07-08 00:00:00,000;6734;2024-08-08 00:00:00,000
6806;2024-07-05 00:00:00,000;"L003";"A10009";40;122;122;2024-07-10 00:00:00,000;2024-07-16 00:00:00,000;6836;2024-08-15 00:00:00,000
6854;2024-07-10 00:00:00,000;"L003";"A10009";50;139;139;2024-07-11 00:00:00,000;2024-07-16 00:00:00,000;6848;2024-08-15 00:00:00,000
6872;2024-07-11 00:00:00,000;"L003";"A10009";35;119;119;2024-07-16 00:00:00,000;2024-07-18 00:00:00,000;6866;2024-08-15 00:00:00,000
6900;2024-07-12 00:00:00,000;"L003";"A10009";105;134;134;2024-07-15 00:00:00,000;2024-07-18 00:00:00,000;6872;2024-08-15 00:00:00,000
6930;2024-07-15 00:00:00,000;"L003";"A10009";55;132;132;2024-07-22 00:00:00,000;2024-07-25 00:00:00,000;6987;2024-08-22 00:00:00,000
6960;2024-07-16 00:00:00,000;"L003";"A10009";40;119;119;2024-07-18 00:00:00,000;2024-07-24 00:00:00,000;6973;2024-08-22 00:00:00,000
7001;2024-07-18 00:00:00,000;"L003";"A10009";10;122;122;2024-07-22 00:00:00,000;2024-07-25 00:00:00,000;7001;2024-08-22 00:00:00,000
7099;2024-07-25 00:00:00,000;"L003";"A10009";15;124;124;2024-07-29 00:00:00,000;2024-07-31 00:00:00,000;7079;2024-08-29 00:00:00,000
7123;2024-07-26 00:00:00,000;"L003";"A10009";40;145;145;2024-07-29 00:00:00,000;2024-08-02 00:00:00,000;7112;2024-08-29 00:00:00,000
7153;2024-07-30 00:00:00,000;"L003";"A10009";15;145;145;2024-08-01 00:00:00,000;2024-08-07 00:00:00,000;7169;2024-09-05 00:00:00,000
7361;2024-08-15 00:00:00,000;"L003";"A10009";20;133;133;2024-08-20 00:00:00,000;2024-08-26 00:00:00,000;7376;2024-09-26 00:00:00,000
7549;2024-09-03 00:00:00,000;"L003";"A10009";60;122;122;2024-09-05 00:00:00,000;2024-09-09 00:00:00,000;7547;2024-10-10 00:00:00,000
7593;2024-09-05 00:00:00,000;"L003";"A10009";75;132;132;2024-09-09 00:00:00,000;2024-09-12 00:00:00,000;7583;2024-10-10 00:00:00,000
7701;2024-09-17 00:00:00,000;"L003";"A10009";85;127;127;2024-09-18 00:00:00,000;2024-09-25 00:00:00,000;7713;2024-10-24 00:00:00,000
7716;2024-09-18 00:00:00,000;"L003";"A10009";75;133;133;2024-09-20 00:00:00,000;2024-09-26 00:00:00,000;7732;2024-10-24 00:00:00,000
7773;2024-09-23 00:00:00,000;"L003";"A10009";135;141;141;2024-09-26 00:00:00,000;2024-10-02 00:00:00,000;7812;2024-10-31 00:00:00,000
7802;2024-09-24 00:00:00,000;"L003";"A10009";20;137;137;2024-09-25 00:00:00,000;2024-09-30 00:00:00,000;7792;2024-10-31 00:00:00,000
7884;2024-10-01 00:00:00,000;"L003";"A10009";20;139;139;2024-10-02 00:00:00,000;2024-10-07 00:00:00,000;7875;2024-11-07 00:00:00,000
7957;2024-10-07 00:00:00,000;"L003";"A10009";55;132;132;2024-10-11 00:00:00,000;2024-10-15 00:00:00,000;7970;2024-11-14 00:00:00,000
7970;2024-10-08 00:00:00,000;"L003";"A10009";45;119;119;2024-10-10 00:00:00,000;2024-10-16 00:00:00,000;7983;2024-11-14 00:00:00,000
7992;2024-10-10 00:00:00,000;"L003";"A10009";85;13;13;2024-10-14 00:00:00,000;2024-10-18 00:00:00,000;8003;2024-11-14 00:00:00,000
8025;2024-10-14 00:00:00,000;"L003";"A10009";80;132;132;2024-10-16 00:00:00,000;2024-10-21 00:00:00,000;8023;2024-11-21 00:00:00,000
8056;2024-10-16 00:00:00,000;"L003";"A10009";75;138;138;2024-10-21 00:00:00,000;2024-10-24 00:00:00,000;8079;2024-11-21 00:00:00,000
8109;2024-10-18 00:00:00,000;"L003";"A10009";35;139;139;2024-10-21 00:00:00,000;2024-10-28 00:00:00,000;8122;2024-11-28 00:00:00,000
8225;2024-10-30 00:00:00,000;"L003";"A10009";75;138;138;2024-11-01 00:00:00,000;2024-11-06 00:00:00,000;8225;2024-12-05 00:00:00,000
8282;2024-11-05 00:00:00,000;"L003";"A10009";25;132;132;2024-11-11 00:00:00,000;2024-11-13 00:00:00,000;8299;2024-12-12 00:00:00,000
8321;2024-11-07 00:00:00,000;"L003";"A10009";35;139;139;2024-11-11 00:00:00,000;2024-11-18 00:00:00,000;8340;2024-12-19 00:00:00,000
4107;2023-11-24 00:00:00,000;"L003";"S10035";20;151;151;2023-11-28 00:00:00,000;2023-12-04 00:00:00,000;4112;2024-01-04 00:00:00,000
4123;2023-11-27 00:00:00,000;"L003";"A10030";10;442;442;2023-11-29 00:00:00,000;2023-12-04 00:00:00,000;4120;2024-01-04 00:00:00,000
4124;2023-11-27 00:00:00,000;"L003";"S10032";40;53;53;2023-12-01 00:00:00,000;2023-12-06 00:00:00,000;4155;2024-01-04 00:00:00,000
4144;2023-11-28 00:00:00,000;"L003";"A10025";15;168;168;2023-12-01 00:00:00,000;2023-12-05 00:00:00,000;4136;2024-01-04 00:00:00,000
4153;2023-11-28 00:00:00,000;"L003";"S10045";40;149;149;2023-11-30 00:00:00,000;2023-12-05 00:00:00,000;4139;2024-01-04 00:00:00,000
4168;2023-11-29 00:00:00,000;"L003";"S10032";55;51;51;2023-11-30 00:00:00,000;2023-12-06 00:00:00,000;4162;2024-01-04 00:00:00,000
4184;2023-11-30 00:00:00,000;"L003";"A10025";55;168;168;2023-12-04 00:00:00,000;2023-12-11 00:00:00,000;4207;2024-01-11 00:00:00,000
4210;2023-12-01 00:00:00,000;"L003";"A10025";45;17;17;2023-12-04 00:00:00,000;2023-12-06 00:00:00,000;4168;2024-01-04 00:00:00,000
4246;2023-12-05 00:00:00,000;"L003";"A10021";25;308;308;2023-12-11 00:00:00,000;2023-12-13 00:00:00,000;4253;2024-01-11 00:00:00,000
4249;2023-12-05 00:00:00,000;"L003";"A10030";15;419;419;2023-12-08 00:00:00,000;2023-12-13 00:00:00,000;4254;2024-01-11 00:00:00,000
4270;2023-12-06 00:00:00,000;"L003";"A10030";20;441;441;2023-12-11 00:00:00,000;2023-12-14 00:00:00,000;4272;2024-01-11 00:00:00,000
4276;2023-12-06 00:00:00,000;"L003";"S10045";15;146;146;2023-12-11 00:00:00,000;2023-12-14 00:00:00,000;4274;2024-01-11 00:00:00,000
4292;2023-12-08 00:00:00,000;"L003";"A10025";30;154;154;2023-12-11 00:00:00,000;2023-12-18 00:00:00,000;4292;2024-01-18 00:00:00,000
4308;2023-12-11 00:00:00,000;"L003";"S10032";125;53;53;2023-12-13 00:00:00,000;2023-12-19 00:00:00,000;4315;2024-01-18 00:00:00,000
4341;2023-12-13 00:00:00,000;"L003";"S10045";75;159;159;2023-12-15 00:00:00,000;2023-12-21 00:00:00,000;4339;2024-01-18 00:00:00,000
4387;2023-12-18 00:00:00,000;"L003";"A10030";15;428;428;2023-12-21 00:00:00,000;2023-12-27 00:00:00,000;4387;2024-01-25 00:00:00,000
4393;2023-12-18 00:00:00,000;"L003";"S10045";15;153;153;2023-12-19 00:00:00,000;2023-12-27 00:00:00,000;4390;2024-01-25 00:00:00,000
4425;2023-12-20 00:00:00,000;"L003";"A10025";50;173;173;2023-12-27 00:00:00,000;2023-12-29 00:00:00,000;4442;2024-01-25 00:00:00,000
4463;2023-12-22 00:00:00,000;"L003";"A10030";100;42;42;2023-12-27 00:00:00,000;2024-01-02 00:00:00,000;4463;2024-02-01 00:00:00,000
4478;2023-12-27 00:00:00,000;"L003";"A10030";25;444;444;2023-12-29 00:00:00,000;2024-01-03 00:00:00,000;4479;2024-02-01 00:00:00,000
4484;2023-12-27 00:00:00,000;"L003";"S10045";110;156;156;2024-01-02 00:00:00,000;2024-01-08 00:00:00,000;4505;2024-02-08 00:00:00,000
4491;2023-12-28 00:00:00,000;"L003";"A10025";90;167;167;2024-01-02 00:00:00,000;2024-01-04 00:00:00,000;4491;2024-02-01 00:00:00,000
4493;2023-12-28 00:00:00,000;"L003";"A10030";15;466;466;2024-01-02 00:00:00,000;2024-01-03 00:00:00,000;4484;2024-02-01 00:00:00,000
4514;2023-12-29 00:00:00,000;"L003";"S10045";90;152;152;2024-01-02 00:00:00,000;2024-01-05 00:00:00,000;4501;2024-02-01 00:00:00,000
4523;2024-01-02 00:00:00,000;"L003";"A10014";85;419;419;2024-01-04 00:00:00,000;2024-01-10 00:00:00,000;4540;2024-02-08 00:00:00,000
4557;2024-01-04 00:00:00,000;"L003";"A10025";35;189;189;2024-01-08 00:00:00,000;2024-01-12 00:00:00,000;4565;2024-02-08 00:00:00,000
4564;2024-01-04 00:00:00,000;"L003";"S10045";25;156;156;2024-01-08 00:00:00,000;2024-01-08 00:00:00,000;4521;2024-02-08 00:00:00,000
4581;2024-01-05 00:00:00,000;"L003";"S10035";80;135;135;2024-01-08 00:00:00,000;2024-01-12 00:00:00,000;4573;2024-02-08 00:00:00,000
4604;2024-01-09 00:00:00,000;"L003";"A10025";10;162;162;2024-01-15 00:00:00,000;2024-01-16 00:00:00,000;4600;2024-02-15 00:00:00,000
4607;2024-01-09 00:00:00,000;"L003";"A10030";15;46;46;2024-01-10 00:00:00,000;2024-01-15 00:00:00,000;4593;2024-02-15 00:00:00,000
4613;2024-01-09 00:00:00,000;"L003";"S10045";25;159;159;2024-01-15 00:00:00,000;2024-01-17 00:00:00,000;4618;2024-02-15 00:00:00,000
4632;2024-01-10 00:00:00,000;"L003";"A10025";40;16;16;2024-01-15 00:00:00,000;2024-01-19 00:00:00,000;4655;2024-02-15 00:00:00,000
4635;2024-01-10 00:00:00,000;"L003";"A10030";65;416;416;2024-01-15 00:00:00,000;2024-01-22 00:00:00,000;4669;2024-02-22 00:00:00,000
4637;2024-01-10 00:00:00,000;"L003";"S10032";70;55;55;2024-01-12 00:00:00,000;2024-01-19 00:00:00,000;4656;2024-02-15 00:00:00,000
4656;2024-01-11 00:00:00,000;"L003";"A10021";55;287;287;2024-01-15 00:00:00,000;2024-01-19 00:00:00,000;4658;2024-02-15 00:00:00,000
4676;2024-01-12 00:00:00,000;"L003";"A10025";35;182;182;2024-01-15 00:00:00,000;2024-01-19 00:00:00,000;4660;2024-02-15 00:00:00,000
4678;2024-01-12 00:00:00,000;"L003";"A10030";95;417;417;2024-01-15 00:00:00,000;2024-01-18 00:00:00,000;4646;2024-02-15 00:00:00,000
4680;2024-01-12 00:00:00,000;"L003";"S10045";45;154;154;2024-01-17 00:00:00,000;2024-01-23 00:00:00,000;4698;2024-02-22 00:00:00,000
4695;2024-01-15 00:00:00,000;"L003";"S10032";65;56;56;2024-01-16 00:00:00,000;2024-01-19 00:00:00,000;4662;2024-02-15 00:00:00,000
4700;2024-01-15 00:00:00,000;"L003";"S10045";15;154;154;2024-01-19 00:00:00,000;2024-01-25 00:00:00,000;4725;2024-02-22 00:00:00,000
4705;2024-01-15 00:00:00,000;"L003";"S10052";15;1707;1707;2024-01-22 00:00:00,000;2024-01-24 00:00:00,000;4712;2024-02-22 00:00:00,000
4714;2024-01-16 00:00:00,000;"L003";"A10030";50;4;4;2024-01-22 00:00:00,000;2024-01-24 00:00:00,000;4715;2024-02-22 00:00:00,000
4765;2024-01-22 00:00:00,000;"L003";"A10030";65;376;376;2024-01-29 00:00:00,000;2024-01-31 00:00:00,000;4789;2024-02-29 00:00:00,000
4784;2024-01-23 00:00:00,000;"L003";"A10030";45;379;379;2024-01-24 00:00:00,000;2024-01-29 00:00:00,000;4766;2024-02-29 00:00:00,000
4786;2024-01-23 00:00:00,000;"L003";"S10032";20;56;56;2024-01-26 00:00:00,000;2024-01-31 00:00:00,000;4791;2024-02-29 00:00:00,000
4807;2024-01-24 00:00:00,000;"L003";"S10032";80;56;56;2024-01-29 00:00:00,000;2024-02-05 00:00:00,000;4825;2024-03-07 00:00:00,000
4809;2024-01-24 00:00:00,000;"L003";"S10045";140;135;135;2024-01-25 00:00:00,000;2024-01-29 00:00:00,000;4773;2024-02-29 00:00:00,000
4857;2024-01-29 00:00:00,000;"L003";"S10032";55;53;53;2024-01-31 00:00:00,000;2024-02-06 00:00:00,000;4864;2024-03-07 00:00:00,000
4858;2024-01-29 00:00:00,000;"L003";"S10035";45;162;162;2024-02-01 00:00:00,000;2024-02-06 00:00:00,000;4865;2024-03-07 00:00:00,000
4866;2024-01-29 00:00:00,000;"L003";"S10052";55;1928;1928;2024-01-30 00:00:00,000;2024-02-05 00:00:00,000;4853;2024-03-07 00:00:00,000
4884;2024-01-31 00:00:00,000;"L003";"A10025";40;18;18;2024-02-05 00:00:00,000;2024-02-09 00:00:00,000;4899;2024-03-07 00:00:00,000
4897;2024-02-01 00:00:00,000;"L003";"A10025";20;17;17;2024-02-02 00:00:00,000;2024-02-06 00:00:00,000;4871;2024-03-07 00:00:00,000
4899;2024-02-01 00:00:00,000;"L003";"S10035";60;156;156;2024-02-05 00:00:00,000;2024-02-09 00:00:00,000;4904;2024-03-07 00:00:00,000
4926;2024-02-05 00:00:00,000;"L003";"S10032";70;56;56;2024-02-08 00:00:00,000;2024-02-12 00:00:00,000;4921;2024-03-14 00:00:00,000
4933;2024-02-05 00:00:00,000;"L003";"S10045";65;166;166;2024-02-08 00:00:00,000;2024-02-14 00:00:00,000;4953;2024-03-14 00:00:00,000
4959;2024-02-07 00:00:00,000;"L003";"A10025";60;174;174;2024-02-12 00:00:00,000;2024-02-19 00:00:00,000;4985;2024-03-21 00:00:00,000
4981;2024-02-08 00:00:00,000;"L003";"S10032";50;58;58;2024-02-12 00:00:00,000;2024-02-14 00:00:00,000;4962;2024-03-14 00:00:00,000
4982;2024-02-08 00:00:00,000;"L003";"S10035";20;156;156;2024-02-09 00:00:00,000;2024-02-13 00:00:00,000;4946;2024-03-14 00:00:00,000
4990;2024-02-09 00:00:00,000;"L003";"S10032";15;51;51;2024-02-12 00:00:00,000;2024-02-13 00:00:00,000;4948;2024-03-14 00:00:00,000
5010;2024-02-12 00:00:00,000;"L003";"A10025";110;17;17;2024-02-15 00:00:00,000;2024-02-20 00:00:00,000;5022;2024-03-21 00:00:00,000
5014;2024-02-12 00:00:00,000;"L003";"A10030";20;484;484;2024-02-13 00:00:00,000;2024-02-19 00:00:00,000;5007;2024-03-21 00:00:00,000
5053;2024-02-14 00:00:00,000;"L003";"A10025";30;16;16;2024-02-16 00:00:00,000;2024-02-22 00:00:00,000;5052;2024-03-21 00:00:00,000
5093;2024-02-19 00:00:00,000;"L003";"A10025";35;175;175;2024-02-23 00:00:00,000;2024-02-29 00:00:00,000;5143;2024-03-28 00:00:00,000
5120;2024-02-20 00:00:00,000;"L003";"A10030";80;425;425;2024-02-26 00:00:00,000;2024-03-01 00:00:00,000;5163;2024-03-28 00:00:00,000
5143;2024-02-21 00:00:00,000;"L003";"A10021";15;273;273;2024-02-22 00:00:00,000;2024-02-27 00:00:00,000;5122;2024-03-28 00:00:00,000
5146;2024-02-21 00:00:00,000;"L003";"A10025";85;17;17;2024-02-26 00:00:00,000;2024-02-28 00:00:00,000;5132;2024-03-28 00:00:00,000
5151;2024-02-21 00:00:00,000;"L003";"A10030";15;45;45;2024-02-23 00:00:00,000;2024-02-27 00:00:00,000;5123;2024-03-28 00:00:00,000
5156;2024-02-21 00:00:00,000;"L003";"S10045";15;156;156;2024-02-26 00:00:00,000;2024-03-04 00:00:00,000;5174;2024-04-04 00:00:00,000
5189;2024-02-26 00:00:00,000;"L003";"A10025";30;172;172;2024-02-27 00:00:00,000;2024-03-04 00:00:00,000;5186;2024-04-04 00:00:00,000
5191;2024-02-26 00:00:00,000;"L003";"S10032";80;58;58;2024-02-27 00:00:00,000;2024-03-04 00:00:00,000;5187;2024-04-04 00:00:00,000
5221;2024-02-28 00:00:00,000;"L003";"A10025";20;172;172;2024-03-01 00:00:00,000;2024-03-07 00:00:00,000;5229;2024-04-04 00:00:00,000
5230;2024-02-28 00:00:00,000;"L003";"S10045";35;138;138;2024-02-29 00:00:00,000;2024-03-07 00:00:00,000;5233;2024-04-04 00:00:00,000
5234;2024-02-28 00:00:00,000;"L003";"S10052";20;1532;1532;2024-03-04 00:00:00,000;2024-03-07 00:00:00,000;5234;2024-04-04 00:00:00,000
5266;2024-03-01 00:00:00,000;"L003";"S10032";75;56;56;2024-03-04 00:00:00,000;2024-03-08 00:00:00,000;5254;2024-04-04 00:00:00,000
5284;2024-03-04 00:00:00,000;"L003";"S10032";20;59;59;2024-03-06 00:00:00,000;2024-03-11 00:00:00,000;5277;2024-04-11 00:00:00,000
5285;2024-03-04 00:00:00,000;"L003";"S10035";20;154;154;2024-03-05 00:00:00,000;2024-03-11 00:00:00,000;5278;2024-04-11 00:00:00,000
5290;2024-03-04 00:00:00,000;"L003";"S10045";100;147;147;2024-03-08 00:00:00,000;2024-03-12 00:00:00,000;5293;2024-04-11 00:00:00,000
5298;2024-03-05 00:00:00,000;"L003";"A10025";30;159;159;2024-03-07 00:00:00,000;2024-03-12 00:00:00,000;5295;2024-04-11 00:00:00,000
5308;2024-03-06 00:00:00,000;"L003";"S10032";30;55;55;2024-03-11 00:00:00,000;2024-03-14 00:00:00,000;5315;2024-04-11 00:00:00,000
5311;2024-03-06 00:00:00,000;"L003";"S10045";60;163;163;2024-03-11 00:00:00,000;2024-03-15 00:00:00,000;5321;2024-04-11 00:00:00,000
5322;2024-03-07 00:00:00,000;"L003";"A10025";20;182;182;2024-03-11 00:00:00,000;2024-03-15 00:00:00,000;5325;2024-04-11 00:00:00,000
5338;2024-03-08 00:00:00,000;"L003";"A10030";100;427;427;2024-03-12 00:00:00,000;2024-03-18 00:00:00,000;5338;2024-04-18 00:00:00,000
5350;2024-03-11 00:00:00,000;"L003";"A10021";25;282;282;2024-03-14 00:00:00,000;2024-03-18 00:00:00,000;5347;2024-04-18 00:00:00,000
5352;2024-03-11 00:00:00,000;"L003";"A10025";50;171;171;2024-03-18 00:00:00,000;2024-03-21 00:00:00,000;5396;2024-04-18 00:00:00,000
5357;2024-03-11 00:00:00,000;"L003";"S10045";25;147;147;2024-03-13 00:00:00,000;2024-03-19 00:00:00,000;5361;2024-04-18 00:00:00,000
5373;2024-03-12 00:00:00,000;"L003";"S10032";70;56;56;2024-03-18 00:00:00,000;2024-03-21 00:00:00,000;5400;2024-04-18 00:00:00,000
5394;2024-03-13 00:00:00,000;"L003";"A10025";80;143;143;2024-03-18 00:00:00,000;2024-03-21 00:00:00,000;5405;2024-04-18 00:00:00,000
5397;2024-03-13 00:00:00,000;"L003";"S10032";10;51;51;2024-03-18 00:00:00,000;2024-03-25 00:00:00,000;5433;2024-04-25 00:00:00,000
5406;2024-03-13 00:00:00,000;"L003";"S10052";10;1748;1748;2024-03-15 00:00:00,000;2024-03-20 00:00:00,000;5389;2024-04-18 00:00:00,000
5439;2024-03-15 00:00:00,000;"L003";"S10035";15;145;145;2024-03-18 00:00:00,000;2024-03-22 00:00:00,000;5427;2024-04-18 00:00:00,000
5442;2024-03-15 00:00:00,000;"L003";"S10045";20;172;172;2024-03-18 00:00:00,000;2024-03-25 00:00:00,000;5445;2024-04-25 00:00:00,000
5446;2024-03-15 00:00:00,000;"L003";"S10052";80;1747;1747;2024-03-18 00:00:00,000;2024-03-19 00:00:00,000;5374;2024-04-18 00:00:00,000
5457;2024-03-18 00:00:00,000;"L003";"A10025";25;149;149;2024-03-20 00:00:00,000;2024-03-25 00:00:00,000;5452;2024-04-25 00:00:00,000
5458;2024-03-18 00:00:00,000;"L003";"A10030";35;454;454;2024-03-20 00:00:00,000;2024-03-25 00:00:00,000;5453;2024-04-25 00:00:00,000
5487;2024-03-20 00:00:00,000;"L003";"A10021";35;302;302;2024-03-25 00:00:00,000;2024-04-02 00:00:00,000;5520;2024-05-02 00:00:00,000
5490;2024-03-20 00:00:00,000;"L003";"A10025";15;161;161;2024-03-25 00:00:00,000;2024-04-02 00:00:00,000;5521;2024-05-02 00:00:00,000
5528;2024-03-22 00:00:00,000;"L003";"A10030";20;42;42;2024-03-27 00:00:00,000;2024-04-02 00:00:00,000;5535;2024-05-02 00:00:00,000
5549;2024-03-25 00:00:00,000;"L003";"S10032";55;52;52;2024-03-26 00:00:00,000;2024-04-02 00:00:00,000;5549;2024-05-02 00:00:00,000
5567;2024-03-26 00:00:00,000;"L003";"S10045";20;143;143;2024-03-28 00:00:00,000;2024-04-02 00:00:00,000;5562;2024-05-02 00:00:00,000
5583;2024-03-27 00:00:00,000;"L003";"A10030";55;418;418;2024-03-28 00:00:00,000;2024-04-03 00:00:00,000;5587;2024-05-02 00:00:00,000
5584;2024-03-27 00:00:00,000;"L003";"S10032";60;59;59;2024-04-02 00:00:00,000;2024-04-08 00:00:00,000;5628;2024-05-16 00:00:00,000
5610;2024-03-28 00:00:00,000;"L003";"A10025";15;159;159;2024-04-02 00:00:00,000;2024-04-02 00:00:00,000;5577;2024-05-02 00:00:00,000
5612;2024-03-28 00:00:00,000;"L003";"S10035";75;151;151;2024-03-29 00:00:00,000;2024-04-02 00:00:00,000;5578;2024-05-02 00:00:00,000
5618;2024-03-28 00:00:00,000;"L003";"S10045";80;158;158;2024-03-29 00:00:00,000;2024-04-05 00:00:00,000;5617;2024-05-02 00:00:00,000
5646;2024-03-29 00:00:00,000;"L003";"A10030";95;483;483;2024-04-02 00:00:00,000;2024-04-08 00:00:00,000;5647;2024-05-16 00:00:00,000
5647;2024-03-29 00:00:00,000;"L003";"S10032";20;48;48;2024-04-02 00:00:00,000;2024-04-04 00:00:00,000;5613;2024-05-02 00:00:00,000
5734;2024-04-09 00:00:00,000;"L003";"S10045";20;147;147;2024-04-11 00:00:00,000;2024-04-15 00:00:00,000;5715;2024-05-16 00:00:00,000
5739;2024-04-09 00:00:00,000;"L003";"S10052";10;1515;1515;2024-04-15 00:00:00,000;2024-04-18 00:00:00,000;5762;2024-05-16 00:00:00,000
5758;2024-04-10 00:00:00,000;"L003";"S10045";10;142;142;2024-04-12 00:00:00,000;2024-04-17 00:00:00,000;5754;2024-05-16 00:00:00,000
5780;2024-04-11 00:00:00,000;"L003";"S10045";10;139;139;2024-04-15 00:00:00,000;2024-04-19 00:00:00,000;5777;2024-05-16 00:00:00,000
5794;2024-04-12 00:00:00,000;"L003";"A10021";15;323;323;2024-04-16 00:00:00,000;2024-04-22 00:00:00,000;5798;2024-05-23 00:00:00,000
5798;2024-04-12 00:00:00,000;"L003";"S10032";10;53;53;2024-04-15 00:00:00,000;2024-04-19 00:00:00,000;5781;2024-05-16 00:00:00,000
5838;2024-04-17 00:00:00,000;"L003";"S10052";30;1845;1845;2024-04-19 00:00:00,000;2024-04-25 00:00:00,000;5840;2024-05-23 00:00:00,000
5850;2024-04-18 00:00:00,000;"L003";"S10032";60;53;53;2024-04-22 00:00:00,000;2024-04-29 00:00:00,000;5864;2024-05-30 00:00:00,000
5869;2024-04-19 00:00:00,000;"L003";"S10045";55;155;155;2024-04-22 00:00:00,000;2024-04-29 00:00:00,000;5872;2024-05-30 00:00:00,000
5886;2024-04-22 00:00:00,000;"L003";"A10025";45;156;156;2024-04-29 00:00:00,000;2024-04-29 00:00:00,000;5878;2024-05-30 00:00:00,000
5895;2024-04-22 00:00:00,000;"L003";"S10045";55;148;148;2024-04-24 00:00:00,000;2024-04-30 00:00:00,000;5899;2024-05-30 00:00:00,000
5906;2024-04-23 00:00:00,000;"L003";"A10025";70;163;163;2024-04-24 00:00:00,000;2024-04-29 00:00:00,000;5885;2024-05-30 00:00:00,000
5926;2024-04-24 00:00:00,000;"L003";"A10030";20;421;421;2024-04-26 00:00:00,000;2024-05-01 00:00:00,000;5918;2024-05-30 00:00:00,000
5927;2024-04-24 00:00:00,000;"L003";"S10032";130;53;53;2024-04-29 00:00:00,000;2024-05-03 00:00:00,000;5954;2024-05-30 00:00:00,000
5970;2024-04-26 00:00:00,000;"L003";"A10025";60;141;141;2024-04-29 00:00:00,000;2024-05-06 00:00:00,000;5978;2024-06-06 00:00:00,000
5989;2024-04-29 00:00:00,000;"L003";"A10030";15;447;447;2024-05-06 00:00:00,000;2024-05-10 00:00:00,000;6025;2024-06-06 00:00:00,000
5994;2024-04-29 00:00:00,000;"L003";"S10045";95;173;173;2024-05-03 00:00:00,000;2024-05-06 00:00:00,000;5984;2024-06-06 00:00:00,000
6006;2024-04-30 00:00:00,000;"L003";"S10045";60;156;156;2024-05-02 00:00:00,000;2024-05-08 00:00:00,000;6010;2024-06-06 00:00:00,000
6009;2024-04-30 00:00:00,000;"L003";"S10052";40;1634;1634;2024-05-02 00:00:00,000;2024-05-10 00:00:00,000;6032;2024-06-06 00:00:00,000
6046;2024-05-02 00:00:00,000;"L003";"A10030";30;408;408;2024-05-03 00:00:00,000;2024-05-08 00:00:00,000;6020;2024-06-06 00:00:00,000
6047;2024-05-02 00:00:00,000;"L003";"S10032";10;49;49;2024-05-06 00:00:00,000;2024-05-08 00:00:00,000;6021;2024-06-06 00:00:00,000
6053;2024-05-02 00:00:00,000;"L003";"S10045";75;134;134;2024-05-03 00:00:00,000;2024-05-08 00:00:00,000;6023;2024-06-06 00:00:00,000
6057;2024-05-02 00:00:00,000;"L003";"S10052";35;1945;1945;2024-05-06 00:00:00,000;2024-05-10 00:00:00,000;6046;2024-06-06 00:00:00,000
6080;2024-05-07 00:00:00,000;"L003";"S10045";80;136;136;2024-05-13 00:00:00,000;2024-05-16 00:00:00,000;6093;2024-06-13 00:00:00,000
6096;2024-05-08 00:00:00,000;"L003";"S10032";35;49;49;2024-05-13 00:00:00,000;2024-05-15 00:00:00,000;6089;2024-06-13 00:00:00,000
6099;2024-05-08 00:00:00,000;"L003";"S10045";35;148;148;2024-05-13 00:00:00,000;2024-05-21 00:00:00,000;6119;2024-06-20 00:00:00,000
6117;2024-05-10 00:00:00,000;"L003";"A10025";35;174;174;2024-05-13 00:00:00,000;2024-05-17 00:00:00,000;6109;2024-06-13 00:00:00,000
6119;2024-05-10 00:00:00,000;"L003";"A10030";125;459;459;2024-05-13 00:00:00,000;2024-05-21 00:00:00,000;6125;2024-06-20 00:00:00,000
6120;2024-05-10 00:00:00,000;"L003";"S10032";20;51;51;2024-05-14 00:00:00,000;2024-05-21 00:00:00,000;6126;2024-06-20 00:00:00,000
6133;2024-05-13 00:00:00,000;"L003";"A10014";100;355;355;2024-05-17 00:00:00,000;2024-05-21 00:00:00,000;6133;2024-06-20 00:00:00,000
6143;2024-05-13 00:00:00,000;"L003";"S10045";15;16;16;2024-05-15 00:00:00,000;2024-05-21 00:00:00,000;6141;2024-06-20 00:00:00,000
6188;2024-05-16 00:00:00,000;"L003";"A10014";95;354;354;2024-05-21 00:00:00,000;2024-05-27 00:00:00,000;6199;2024-06-27 00:00:00,000
6204;2024-05-17 00:00:00,000;"L003";"A10021";25;294;294;2024-05-21 00:00:00,000;2024-05-27 00:00:00,000;6206;2024-06-27 00:00:00,000
6205;2024-05-17 00:00:00,000;"L003";"A10030";15;426;426;2024-05-21 00:00:00,000;2024-05-24 00:00:00,000;6194;2024-06-20 00:00:00,000
6233;2024-05-22 00:00:00,000;"L003";"S10032";30;55;55;2024-05-27 00:00:00,000;2024-05-31 00:00:00,000;6260;2024-06-27 00:00:00,000
6260;2024-05-23 00:00:00,000;"L003";"S10045";45;155;155;2024-05-28 00:00:00,000;2024-06-03 00:00:00,000;6279;2024-07-04 00:00:00,000
6279;2024-05-24 00:00:00,000;"L003";"A10030";25;489;489;2024-05-27 00:00:00,000;2024-05-30 00:00:00,000;6254;2024-06-27 00:00:00,000
6280;2024-05-24 00:00:00,000;"L003";"S10032";25;47;47;2024-05-27 00:00:00,000;2024-05-30 00:00:00,000;6255;2024-06-27 00:00:00,000
6338;2024-05-29 00:00:00,000;"L003";"A10030";90;412;412;2024-05-30 00:00:00,000;2024-06-03 00:00:00,000;6308;2024-07-04 00:00:00,000
6360;2024-05-30 00:00:00,000;"L003";"S10045";65;167;167;2024-06-03 00:00:00,000;2024-06-06 00:00:00,000;6347;2024-07-04 00:00:00,000
6371;2024-05-31 00:00:00,000;"L003";"A10030";20;395;395;2024-06-04 00:00:00,000;2024-06-10 00:00:00,000;6374;2024-07-11 00:00:00,000
6411;2024-06-05 00:00:00,000;"L003";"S10045";40;157;157;2024-06-06 00:00:00,000;2024-06-11 00:00:00,000;6392;2024-07-11 00:00:00,000
6439;2024-06-10 00:00:00,000;"L003";"S10032";20;53;53;2024-06-17 00:00:00,000;2024-06-21 00:00:00,000;6501;2024-07-18 00:00:00,000
6443;2024-06-10 00:00:00,000;"L003";"S10045";70;146;146;2024-06-11 00:00:00,000;2024-06-17 00:00:00,000;6436;2024-07-18 00:00:00,000
6455;2024-06-11 00:00:00,000;"L003";"A10030";40;454;454;2024-06-13 00:00:00,000;2024-06-17 00:00:00,000;6441;2024-07-18 00:00:00,000
6476;2024-06-12 00:00:00,000;"L003";"S10032";40;57;57;2024-06-14 00:00:00,000;2024-06-20 00:00:00,000;6487;2024-07-18 00:00:00,000
6484;2024-06-12 00:00:00,000;"L003";"S10045";20;154;154;2024-06-17 00:00:00,000;2024-06-24 00:00:00,000;6514;2024-07-25 00:00:00,000
6489;2024-06-12 00:00:00,000;"L003";"S10052";30;1653;1653;2024-06-17 00:00:00,000;2024-06-20 00:00:00,000;6490;2024-07-18 00:00:00,000
6517;2024-06-14 00:00:00,000;"L003";"S10032";95;51;51;2024-06-17 00:00:00,000;2024-06-24 00:00:00,000;6525;2024-07-25 00:00:00,000
6525;2024-06-14 00:00:00,000;"L003";"S10045";80;158;158;2024-06-17 00:00:00,000;2024-06-24 00:00:00,000;6526;2024-07-25 00:00:00,000
6580;2024-06-19 00:00:00,000;"L003";"A10030";35;405;405;2024-06-24 00:00:00,000;2024-06-26 00:00:00,000;6576;2024-07-25 00:00:00,000
6582;2024-06-19 00:00:00,000;"L003";"S10032";75;55;55;2024-06-21 00:00:00,000;2024-06-24 00:00:00,000;6547;2024-07-25 00:00:00,000
6588;2024-06-19 00:00:00,000;"L003";"S10045";70;134;134;2024-06-21 00:00:00,000;2024-06-26 00:00:00,000;6578;2024-07-25 00:00:00,000
6602;2024-06-20 00:00:00,000;"L003";"S10032";65;53;53;2024-06-24 00:00:00,000;2024-06-27 00:00:00,000;6594;2024-07-25 00:00:00,000
6605;2024-06-20 00:00:00,000;"L003";"S10035";30;146;146;2024-06-21 00:00:00,000;2024-06-24 00:00:00,000;6551;2024-07-25 00:00:00,000
6622;2024-06-21 00:00:00,000;"L003";"A10021";85;323;323;2024-06-26 00:00:00,000;2024-07-02 00:00:00,000;6651;2024-08-01 00:00:00,000
6625;2024-06-21 00:00:00,000;"L003";"A10025";100;189;189;2024-06-24 00:00:00,000;2024-06-28 00:00:00,000;6614;2024-07-25 00:00:00,000
6669;2024-06-25 00:00:00,000;"L003";"A10030";70;465;465;2024-06-27 00:00:00,000;2024-07-01 00:00:00,000;6648;2024-08-01 00:00:00,000
6672;2024-06-25 00:00:00,000;"L003";"S10045";95;162;162;2024-07-01 00:00:00,000;2024-07-02 00:00:00,000;6660;2024-08-01 00:00:00,000
6689;2024-06-26 00:00:00,000;"L003";"A10030";95;473;473;2024-06-28 00:00:00,000;2024-07-04 00:00:00,000;6698;2024-08-01 00:00:00,000
6690;2024-06-26 00:00:00,000;"L003";"S10032";200;52;52;2024-06-27 00:00:00,000;2024-07-01 00:00:00,000;6649;2024-08-01 00:00:00,000
6699;2024-06-26 00:00:00,000;"L003";"S10052";90;1853;1853;2024-07-01 00:00:00,000;2024-07-05 00:00:00,000;6709;2024-08-01 00:00:00,000
6705;2024-06-27 00:00:00,000;"L003";"A10014";40;41;41;2024-07-02 00:00:00,000;2024-07-08 00:00:00,000;6724;2024-08-08 00:00:00,000
6725;2024-06-28 00:00:00,000;"L003";"S10035";55;132;132;2024-07-01 00:00:00,000;2024-07-03 00:00:00,000;6689;2024-08-01 00:00:00,000
6741;2024-07-01 00:00:00,000;"L003";"A10014";25;359;359;2024-07-05 00:00:00,000;2024-07-11 00:00:00,000;6777;2024-08-08 00:00:00,000
6748;2024-07-01 00:00:00,000;"L003";"A10025";90;147;147;2024-07-03 00:00:00,000;2024-07-08 00:00:00,000;6739;2024-08-08 00:00:00,000
6752;2024-07-01 00:00:00,000;"L003";"A10030";125;423;423;2024-07-04 00:00:00,000;2024-07-08 00:00:00,000;6742;2024-08-08 00:00:00,000
6754;2024-07-01 00:00:00,000;"L003";"S10032";105;47;47;2024-07-03 00:00:00,000;2024-07-08 00:00:00,000;6744;2024-08-08 00:00:00,000
6757;2024-07-01 00:00:00,000;"L003";"S10035";40;145;145;2024-07-03 00:00:00,000;2024-07-08 00:00:00,000;6745;2024-08-08 00:00:00,000
6766;2024-07-01 00:00:00,000;"L003";"S10045";170;136;136;2024-07-05 00:00:00,000;2024-07-10 00:00:00,000;6766;2024-08-08 00:00:00,000
6772;2024-07-01 00:00:00,000;"L003";"S10052";10;1653;1653;2024-07-05 00:00:00,000;2024-07-11 00:00:00,000;6781;2024-08-08 00:00:00,000
6798;2024-07-04 00:00:00,000;"L003";"A10025";15;178;178;2024-07-08 00:00:00,000;2024-07-15 00:00:00,000;6807;2024-08-15 00:00:00,000
6799;2024-07-04 00:00:00,000;"L003";"S10032";15;51;51;2024-07-08 00:00:00,000;2024-07-11 00:00:00,000;6789;2024-08-08 00:00:00,000
6811;2024-07-05 00:00:00,000;"L003";"A10025";40;163;163;2024-07-08 00:00:00,000;2024-07-15 00:00:00,000;6812;2024-08-15 00:00:00,000
6822;2024-07-08 00:00:00,000;"L003";"A10030";45;428;428;2024-07-11 00:00:00,000;2024-07-16 00:00:00,000;6840;2024-08-15 00:00:00,000
6838;2024-07-09 00:00:00,000;"L003";"A10025";15;16;16;2024-07-12 00:00:00,000;2024-07-18 00:00:00,000;6861;2024-08-15 00:00:00,000
6842;2024-07-09 00:00:00,000;"L003";"S10032";60;47;47;2024-07-11 00:00:00,000;2024-07-17 00:00:00,000;6853;2024-08-15 00:00:00,000
6848;2024-07-09 00:00:00,000;"L003";"S10045";65;161;161;2024-07-11 00:00:00,000;2024-07-16 00:00:00,000;6845;2024-08-15 00:00:00,000
6862;2024-07-10 00:00:00,000;"L003";"A10030";185;418;418;2024-07-15 00:00:00,000;2024-07-22 00:00:00,000;6898;2024-08-22 00:00:00,000
6863;2024-07-10 00:00:00,000;"L003";"S10032";20;52;52;2024-07-12 00:00:00,000;2024-07-17 00:00:00,000;6857;2024-08-15 00:00:00,000
6875;2024-07-11 00:00:00,000;"L003";"A10014";70;393;393;2024-07-16 00:00:00,000;2024-07-22 00:00:00,000;6902;2024-08-22 00:00:00,000
6884;2024-07-11 00:00:00,000;"L003";"A10030";10;416;416;2024-07-15 00:00:00,000;2024-07-22 00:00:00,000;6905;2024-08-22 00:00:00,000
6886;2024-07-11 00:00:00,000;"L003";"S10032";100;53;53;2024-07-15 00:00:00,000;2024-07-19 00:00:00,000;6884;2024-08-15 00:00:00,000
6888;2024-07-11 00:00:00,000;"L003";"S10035";20;138;138;2024-07-16 00:00:00,000;2024-07-22 00:00:00,000;6907;2024-08-22 00:00:00,000
6910;2024-07-12 00:00:00,000;"L003";"A10025";25;174;174;2024-07-15 00:00:00,000;2024-07-19 00:00:00,000;6891;2024-08-15 00:00:00,000
6919;2024-07-12 00:00:00,000;"L003";"S10045";40;162;162;2024-07-15 00:00:00,000;2024-07-17 00:00:00,000;6859;2024-08-15 00:00:00,000
6932;2024-07-15 00:00:00,000;"L003";"A10014";65;401;401;2024-07-22 00:00:00,000;2024-07-26 00:00:00,000;7009;2024-08-22 00:00:00,000
6937;2024-07-15 00:00:00,000;"L003";"A10025";30;148;148;2024-07-17 00:00:00,000;2024-07-23 00:00:00,000;6950;2024-08-22 00:00:00,000
6942;2024-07-15 00:00:00,000;"L003";"S10032";60;5;5;2024-07-16 00:00:00,000;2024-07-22 00:00:00,000;6930;2024-08-22 00:00:00,000
6969;2024-07-16 00:00:00,000;"L003";"A10025";15;177;177;2024-07-17 00:00:00,000;2024-07-22 00:00:00,000;6937;2024-08-22 00:00:00,000
6973;2024-07-16 00:00:00,000;"L003";"A10030";90;447;447;2024-07-18 00:00:00,000;2024-07-22 00:00:00,000;6940;2024-08-22 00:00:00,000
6979;2024-07-16 00:00:00,000;"L003";"S10045";45;141;141;2024-07-17 00:00:00,000;2024-07-22 00:00:00,000;6941;2024-08-22 00:00:00,000
7017;2024-07-18 00:00:00,000;"L003";"S10045";30;14;14;2024-07-19 00:00:00,000;2024-07-24 00:00:00,000;6982;2024-08-22 00:00:00,000
7036;2024-07-19 00:00:00,000;"L003";"S10045";80;142;142;2024-07-22 00:00:00,000;2024-07-29 00:00:00,000;7040;2024-08-29 00:00:00,000
7050;2024-07-22 00:00:00,000;"L003";"S10032";60;56;56;2024-07-24 00:00:00,000;2024-07-29 00:00:00,000;7046;2024-08-29 00:00:00,000
7053;2024-07-22 00:00:00,000;"L003";"S10045";15;146;146;2024-07-23 00:00:00,000;2024-07-29 00:00:00,000;7048;2024-08-29 00:00:00,000
7066;2024-07-23 00:00:00,000;"L003";"A10030";15;473;473;2024-07-26 00:00:00,000;2024-08-01 00:00:00,000;7088;2024-08-29 00:00:00,000
7067;2024-07-23 00:00:00,000;"L003";"S10032";30;5;5;2024-07-25 00:00:00,000;2024-07-30 00:00:00,000;7065;2024-08-29 00:00:00,000
7083;2024-07-24 00:00:00,000;"L003";"A10025";85;19;19;2024-07-29 00:00:00,000;2024-08-02 00:00:00,000;7108;2024-08-29 00:00:00,000
7088;2024-07-24 00:00:00,000;"L003";"S10035";90;154;154;2024-07-25 00:00:00,000;2024-07-29 00:00:00,000;7058;2024-08-29 00:00:00,000
7091;2024-07-24 00:00:00,000;"L003";"S10045";55;13;13;2024-07-29 00:00:00,000;2024-08-02 00:00:00,000;7109;2024-08-29 00:00:00,000
7111;2024-07-25 00:00:00,000;"L003";"S10032";20;61;61;2024-07-29 00:00:00,000;2024-08-05 00:00:00,000;7124;2024-09-05 00:00:00,000
7138;2024-07-29 00:00:00,000;"L003";"A10014";10;375;375;2024-07-30 00:00:00,000;2024-08-01 00:00:00,000;7106;2024-08-29 00:00:00,000
7163;2024-07-30 00:00:00,000;"L003";"S10032";65;51;51;2024-08-01 00:00:00,000;2024-08-06 00:00:00,000;7159;2024-09-05 00:00:00,000
7189;2024-08-01 00:00:00,000;"L003";"A10014";15;375;375;2024-08-06 00:00:00,000;2024-08-12 00:00:00,000;7209;2024-09-12 00:00:00,000
7198;2024-08-01 00:00:00,000;"L003";"S10032";120;57;57;2024-08-02 00:00:00,000;2024-08-08 00:00:00,000;7192;2024-09-05 00:00:00,000
7200;2024-08-01 00:00:00,000;"L003";"S10035";20;16;16;2024-08-05 00:00:00,000;2024-08-09 00:00:00,000;7202;2024-09-05 00:00:00,000
7260;2024-08-07 00:00:00,000;"L003";"A10021";25;297;297;2024-08-09 00:00:00,000;2024-08-12 00:00:00,000;7226;2024-09-12 00:00:00,000
7264;2024-08-07 00:00:00,000;"L003";"A10030";60;434;434;2024-08-09 00:00:00,000;2024-08-14 00:00:00,000;7249;2024-09-12 00:00:00,000
7266;2024-08-07 00:00:00,000;"L003";"S10032";30;55;55;2024-08-12 00:00:00,000;2024-08-15 00:00:00,000;7264;2024-09-12 00:00:00,000
7268;2024-08-07 00:00:00,000;"L003";"S10035";30;174;174;2024-08-09 00:00:00,000;2024-08-14 00:00:00,000;7251;2024-09-12 00:00:00,000
7276;2024-08-07 00:00:00,000;"L003";"S10052";70;1818;1818;2024-08-12 00:00:00,000;2024-08-15 00:00:00,000;7265;2024-09-12 00:00:00,000
7299;2024-08-09 00:00:00,000;"L003";"A10025";25;168;168;2024-08-12 00:00:00,000;2024-08-16 00:00:00,000;7284;2024-09-12 00:00:00,000
7301;2024-08-09 00:00:00,000;"L003";"S10032";20;53;53;2024-08-14 00:00:00,000;2024-08-19 00:00:00,000;7304;2024-09-19 00:00:00,000
7315;2024-08-12 00:00:00,000;"L003";"A10025";20;187;187;2024-08-19 00:00:00,000;2024-08-23 00:00:00,000;7353;2024-09-19 00:00:00,000
7320;2024-08-12 00:00:00,000;"L003";"S10052";65;1658;1658;2024-08-14 00:00:00,000;2024-08-19 00:00:00,000;7317;2024-09-19 00:00:00,000
7347;2024-08-14 00:00:00,000;"L003";"A10025";120;19;19;2024-08-15 00:00:00,000;2024-08-19 00:00:00,000;7325;2024-09-19 00:00:00,000
7373;2024-08-15 00:00:00,000;"L003";"S10045";65;17;17;2024-08-16 00:00:00,000;2024-08-22 00:00:00,000;7352;2024-09-19 00:00:00,000
7382;2024-08-16 00:00:00,000;"L003";"A10030";10;418;418;2024-08-21 00:00:00,000;2024-08-26 00:00:00,000;7384;2024-09-26 00:00:00,000
7410;2024-08-20 00:00:00,000;"L003";"S10045";100;167;167;2024-08-23 00:00:00,000;2024-08-28 00:00:00,000;7419;2024-09-26 00:00:00,000
7438;2024-08-22 00:00:00,000;"L003";"S10045";80;143;143;2024-08-23 00:00:00,000;2024-08-27 00:00:00,000;7412;2024-09-26 00:00:00,000
7452;2024-08-23 00:00:00,000;"L003";"A10025";80;168;168;2024-08-27 00:00:00,000;2024-09-02 00:00:00,000;7458;2024-10-03 00:00:00,000
7454;2024-08-23 00:00:00,000;"L003";"A10030";65;427;427;2024-08-26 00:00:00,000;2024-08-28 00:00:00,000;7427;2024-09-26 00:00:00,000
7458;2024-08-23 00:00:00,000;"L003";"S10045";35;177;177;2024-08-26 00:00:00,000;2024-08-27 00:00:00,000;7416;2024-09-26 00:00:00,000
7479;2024-08-27 00:00:00,000;"L003";"A10025";65;176;176;2024-09-02 00:00:00,000;2024-09-09 00:00:00,000;7533;2024-10-10 00:00:00,000
7482;2024-08-27 00:00:00,000;"L003";"S10035";90;171;171;2024-08-28 00:00:00,000;2024-09-02 00:00:00,000;7467;2024-10-03 00:00:00,000
7484;2024-08-27 00:00:00,000;"L003";"S10045";30;16;16;2024-08-29 00:00:00,000;2024-09-04 00:00:00,000;7492;2024-10-03 00:00:00,000
7502;2024-08-28 00:00:00,000;"L003";"A10030";15;442;442;2024-09-02 00:00:00,000;2024-09-04 00:00:00,000;7499;2024-10-03 00:00:00,000
7503;2024-08-28 00:00:00,000;"L003";"S10032";30;55;55;2024-08-29 00:00:00,000;2024-09-02 00:00:00,000;7469;2024-10-03 00:00:00,000
7528;2024-08-29 00:00:00,000;"L003";"S10032";120;54;54;2024-09-02 00:00:00,000;2024-09-06 00:00:00,000;7525;2024-10-03 00:00:00,000
7539;2024-08-30 00:00:00,000;"L003";"S10032";55;61;61;2024-09-03 00:00:00,000;2024-09-09 00:00:00,000;7544;2024-10-10 00:00:00,000
7578;2024-09-04 00:00:00,000;"L003";"A10025";45;185;185;2024-09-09 00:00:00,000;2024-09-16 00:00:00,000;7607;2024-10-17 00:00:00,000
7662;2024-09-11 00:00:00,000;"L003";"S10032";55;55;55;2024-09-12 00:00:00,000;2024-09-18 00:00:00,000;7651;2024-10-17 00:00:00,000
7663;2024-09-11 00:00:00,000;"L003";"S10035";20;165;165;2024-09-16 00:00:00,000;2024-09-18 00:00:00,000;7652;2024-10-17 00:00:00,000
7687;2024-09-13 00:00:00,000;"L003";"A10030";75;424;424;2024-09-16 00:00:00,000;2024-09-19 00:00:00,000;7662;2024-10-17 00:00:00,000
7696;2024-09-16 00:00:00,000;"L003";"A10025";20;153;153;2024-09-18 00:00:00,000;2024-09-23 00:00:00,000;7692;2024-10-24 00:00:00,000
7705;2024-09-17 00:00:00,000;"L003";"S10032";10;54;54;2024-09-19 00:00:00,000;2024-09-25 00:00:00,000;7716;2024-10-24 00:00:00,000
7723;2024-09-18 00:00:00,000;"L003";"A10021";25;335;335;2024-09-23 00:00:00,000;2024-09-26 00:00:00,000;7734;2024-10-24 00:00:00,000
7725;2024-09-18 00:00:00,000;"L003";"A10025";15;156;156;2024-09-20 00:00:00,000;2024-09-23 00:00:00,000;7696;2024-10-24 00:00:00,000
7751;2024-09-19 00:00:00,000;"L003";"S10035";15;152;152;2024-09-23 00:00:00,000;2024-09-25 00:00:00,000;7724;2024-10-24 00:00:00,000
7754;2024-09-19 00:00:00,000;"L003";"S10045";50;144;144;2024-09-23 00:00:00,000;2024-09-26 00:00:00,000;7741;2024-10-24 00:00:00,000
7763;2024-09-20 00:00:00,000;"L003";"A10025";15;183;183;2024-09-23 00:00:00,000;2024-09-30 00:00:00,000;7772;2024-10-31 00:00:00,000
7782;2024-09-23 00:00:00,000;"L003";"A10025";135;182;182;2024-09-25 00:00:00,000;2024-09-27 00:00:00,000;7756;2024-10-24 00:00:00,000
7786;2024-09-23 00:00:00,000;"L003";"A10030";80;465;465;2024-09-24 00:00:00,000;2024-09-30 00:00:00,000;7784;2024-10-31 00:00:00,000
7816;2024-09-24 00:00:00,000;"L003";"S10045";15;171;171;2024-09-27 00:00:00,000;2024-10-02 00:00:00,000;7818;2024-10-31 00:00:00,000
7840;2024-09-25 00:00:00,000;"L003";"S10045";10;164;164;2024-09-30 00:00:00,000;2024-10-07 00:00:00,000;7865;2024-11-07 00:00:00,000
7852;2024-09-26 00:00:00,000;"L003";"A10030";15;494;494;2024-09-30 00:00:00,000;2024-10-03 00:00:00,000;7840;2024-10-31 00:00:00,000
7876;2024-09-30 00:00:00,000;"L003";"S10032";65;51;51;2024-10-04 00:00:00,000;2024-10-08 00:00:00,000;7890;2024-11-07 00:00:00,000
7894;2024-10-01 00:00:00,000;"L003";"A10025";40;19;19;2024-10-02 00:00:00,000;2024-10-07 00:00:00,000;7877;2024-11-07 00:00:00,000
7905;2024-10-01 00:00:00,000;"L003";"S10045";15;163;163;2024-10-03 00:00:00,000;2024-10-07 00:00:00,000;7880;2024-11-07 00:00:00,000
7922;2024-10-02 00:00:00,000;"L003";"A10025";30;176;176;2024-10-07 00:00:00,000;2024-10-10 00:00:00,000;7919;2024-11-07 00:00:00,000
7925;2024-10-02 00:00:00,000;"L003";"S10032";100;52;52;2024-10-03 00:00:00,000;2024-10-09 00:00:00,000;7904;2024-11-07 00:00:00,000
7947;2024-10-03 00:00:00,000;"L003";"S10052";15;1803;1803;2024-10-07 00:00:00,000;2024-10-09 00:00:00,000;7910;2024-11-07 00:00:00,000
7999;2024-10-10 00:00:00,000;"L003";"S10032";10;54;54;2024-10-14 00:00:00,000;2024-10-14 00:00:00,000;7968;2024-11-14 00:00:00,000
8001;2024-10-10 00:00:00,000;"L003";"S10035";60;175;175;2024-10-14 00:00:00,000;2024-10-18 00:00:00,000;8004;2024-11-14 00:00:00,000
8033;2024-10-14 00:00:00,000;"L003";"S10032";15;58;58;2024-10-16 00:00:00,000;2024-10-23 00:00:00,000;8064;2024-11-21 00:00:00,000
8045;2024-10-15 00:00:00,000;"L003";"S10032";50;59;59;2024-10-16 00:00:00,000;2024-10-21 00:00:00,000;8032;2024-11-21 00:00:00,000
8066;2024-10-16 00:00:00,000;"L003";"A10025";130;197;197;2024-10-21 00:00:00,000;2024-10-21 00:00:00,000;8036;2024-11-21 00:00:00,000
8093;2024-10-17 00:00:00,000;"L003";"A10025";35;18;18;2024-10-21 00:00:00,000;2024-10-24 00:00:00,000;8087;2024-11-21 00:00:00,000
8116;2024-10-18 00:00:00,000;"L003";"A10025";60;18;18;2024-10-21 00:00:00,000;2024-10-28 00:00:00,000;8126;2024-11-28 00:00:00,000
8120;2024-10-18 00:00:00,000;"L003";"S10032";135;54;54;2024-10-21 00:00:00,000;2024-10-21 00:00:00,000;8043;2024-11-21 00:00:00,000
8123;2024-10-18 00:00:00,000;"L003";"S10035";30;158;158;2024-10-21 00:00:00,000;2024-10-25 00:00:00,000;8110;2024-11-21 00:00:00,000
8159;2024-10-22 00:00:00,000;"L003";"S10045";30;161;161;2024-10-28 00:00:00,000;2024-10-31 00:00:00,000;8174;2024-11-28 00:00:00,000
8169;2024-10-23 00:00:00,000;"L003";"A10030";55;4;4;2024-10-25 00:00:00,000;2024-10-28 00:00:00,000;8141;2024-11-28 00:00:00,000
8213;2024-10-28 00:00:00,000;"L003";"S10045";135;17;17;2024-10-30 00:00:00,000;2024-11-05 00:00:00,000;8214;2024-12-05 00:00:00,000
8234;2024-10-30 00:00:00,000;"L003";"A10025";15;181;181;2024-11-01 00:00:00,000;2024-11-07 00:00:00,000;8239;2024-12-05 00:00:00,000
8237;2024-10-30 00:00:00,000;"L003";"S10032";75;52;52;2024-11-04 00:00:00,000;2024-11-06 00:00:00,000;8228;2024-12-05 00:00:00,000
8243;2024-10-30 00:00:00,000;"L003";"S10045";10;135;135;2024-11-01 00:00:00,000;2024-11-07 00:00:00,000;8244;2024-12-05 00:00:00,000
8253;2024-10-31 00:00:00,000;"L003";"A10030";75;462;462;2024-11-04 00:00:00,000;2024-11-08 00:00:00,000;8255;2024-12-05 00:00:00,000
8256;2024-10-31 00:00:00,000;"L003";"S10045";50;135;135;2024-11-04 00:00:00,000;2024-11-11 00:00:00,000;8265;2024-12-12 00:00:00,000
8291;2024-11-05 00:00:00,000;"L003";"A10025";15;152;152;2024-11-06 00:00:00,000;2024-11-11 00:00:00,000;8280;2024-12-12 00:00:00,000
8295;2024-11-05 00:00:00,000;"L003";"A10030";30;431;431;2024-11-06 00:00:00,000;2024-11-08 00:00:00,000;8260;2024-12-05 00:00:00,000
8302;2024-11-05 00:00:00,000;"L003";"S10045";35;162;162;2024-11-07 00:00:00,000;2024-11-12 00:00:00,000;8291;2024-12-12 00:00:00,000
8341;2024-11-08 00:00:00,000;"L003";"A10025";15;152;152;2024-11-11 00:00:00,000;2024-11-14 00:00:00,000;8321;2024-12-12 00:00:00,000
8343;2024-11-08 00:00:00,000;"L003";"A10030";10;436;436;2024-11-11 00:00:00,000;2024-11-14 00:00:00,000;8323;2024-12-12 00:00:00,000
8380;2024-11-12 00:00:00,000;"L003";"S10045";85;152;152;2024-11-15 00:00:00,000;2024-11-20 00:00:00,000;8390;2024-12-19 00:00:00,000
8395;2024-11-13 00:00:00,000;"L003";"S10035";15;16;16;2024-11-18 00:00:00,000;2024-11-20 00:00:00,000;8394;2024-12-19 00:00:00,000
8420;2024-11-15 00:00:00,000;"L003";"S10032";20;58;58;2024-11-18 00:00:00,000;2024-11-19 00:00:00,000;8384;2024-12-19 00:00:00,000
8393;2024-11-13 00:00:00,000;"L003";"A10028";120;333;333;2024-11-18 00:00:00,000;2024-11-25 00:00:00,000;8416;1900-01-01 00:00:00,000
8394;2024-11-13 00:00:00,000;"L003";"S10032";65;55;55;2024-11-18 00:00:00,000;2024-11-25 00:00:00,000;8417;1900-01-01 00:00:00,000
8419;2024-11-15 00:00:00,000;"L003";"A10018";25;579;579;2024-11-20 00:00:00,000;2024-11-25 00:00:00,000;8421;1900-01-01 00:00:00,000
8425;2024-11-18 00:00:00,000;"L003";"A10008";15;361;361;2024-11-22 00:00:00,000;2024-11-27 00:00:00,000;8452;1900-01-01 00:00:00,000
8429;2024-11-18 00:00:00,000;"L003";"A10018";80;616;616;2024-11-22 00:00:00,000;2024-11-28 00:00:00,000;8465;1900-01-01 00:00:00,000
8430;2024-11-18 00:00:00,000;"L003";"A10022";25;206;206;2024-11-20 00:00:00,000;2024-11-26 00:00:00,000;8438;1900-01-01 00:00:00,000
8431;2024-11-18 00:00:00,000;"L003";"A10025";50;168;168;2024-11-22 00:00:00,000;2024-11-26 00:00:00,000;8439;1900-01-01 00:00:00,000
8437;2024-11-19 00:00:00,000;"L003";"A10008";100;34;34;2024-11-21 00:00:00,000;2024-11-25 00:00:00,000;8427;1900-01-01 00:00:00,000
8441;2024-11-19 00:00:00,000;"L003";"A10022";155;204;204;2024-11-20 00:00:00,000;2024-11-26 00:00:00,000;8440;1900-01-01 00:00:00,000
8448;2024-11-19 00:00:00,000;"L003";"S10051";100;1097;1097;2024-11-22 00:00:00,000;2024-11-28 00:00:00,000;8470;1900-01-01 00:00:00,000
8449;2024-11-20 00:00:00,000;"L003";"A10001";25;61;61;2024-11-21 00:00:00,000;2024-11-27 00:00:00,000;8456;1900-01-01 00:00:00,000
8453;2024-11-20 00:00:00,000;"L003";"A10008";145;361;361;2024-11-22 00:00:00,000;2024-11-25 00:00:00,000;8432;1900-01-01 00:00:00,000
8456;2024-11-20 00:00:00,000;"L003";"A10017";45;321;321;2024-11-22 00:00:00,000;2024-11-25 00:00:00,000;8433;1900-01-01 00:00:00,000
8457;2024-11-20 00:00:00,000;"L003";"A10018";75;564;564;2024-11-25 00:00:00,000;2024-11-29 00:00:00,000;8478;1900-01-01 00:00:00,000
8460;2024-11-20 00:00:00,000;"L003";"A10022";65;24;24;2024-11-25 00:00:00,000;2024-12-02 00:00:00,000;8497;1900-01-01 00:00:00,000
8464;2024-11-20 00:00:00,000;"L003";"S10045";55;138;138;2024-11-21 00:00:00,000;2024-11-27 00:00:00,000;8459;1900-01-01 00:00:00,000
8468;2024-11-20 00:00:00,000;"L003";"S10051";50;1018;1018;2024-11-21 00:00:00,000;2024-11-25 00:00:00,000;8434;1900-01-01 00:00:00,000
8469;2024-11-21 00:00:00,000;"L003";"A10001";200;65;65;2024-11-26 00:00:00,000;2024-12-02 00:00:00,000;8499;1900-01-01 00:00:00,000
8473;2024-11-21 00:00:00,000;"L003";"A10008";110;358;358;2024-11-26 00:00:00,000;2024-12-02 00:00:00,000;8500;1900-01-01 00:00:00,000
8477;2024-11-21 00:00:00,000;"L003";"A10018";65;609;609;2024-11-25 00:00:00,000;2024-11-28 00:00:00,000;8472;1900-01-01 00:00:00,000
8479;2024-11-21 00:00:00,000;"L003";"A10022";270;233;233;2024-11-25 00:00:00,000;2024-11-28 00:00:00,000;8473;1900-01-01 00:00:00,000
8481;2024-11-21 00:00:00,000;"L003";"A10025";80;177;177;2024-11-25 00:00:00,000;2024-11-27 00:00:00,000;8463;1900-01-01 00:00:00,000
8483;2024-11-21 00:00:00,000;"L003";"A10028";15;305;305;2024-11-22 00:00:00,000;2024-11-26 00:00:00,000;8449;1900-01-01 00:00:00,000
8484;2024-11-21 00:00:00,000;"L003";"S10032";10;5;5;2024-11-25 00:00:00,000;2024-11-29 00:00:00,000;8482;1900-01-01 00:00:00,000
8491;2024-11-21 00:00:00,000;"L003";"S10045";70;159;159;2024-11-25 00:00:00,000;2024-11-29 00:00:00,000;8485;1900-01-01 00:00:00,000
8494;2024-11-22 00:00:00,000;"L003";"A10001";125;5;5;2024-11-25 00:00:00,000;2024-11-26 00:00:00,000;8451;1900-01-01 00:00:00,000
8498;2024-11-22 00:00:00,000;"L003";"A10008";15;379;379;2024-11-25 00:00:00,000;2024-12-02 00:00:00,000;8504;1900-01-01 00:00:00,000
8501;2024-11-22 00:00:00,000;"L003";"A10018";25;676;676;2024-11-27 00:00:00,000;2024-12-02 00:00:00,000;8506;1900-01-01 00:00:00,000
8504;2024-11-22 00:00:00,000;"L003";"A10022";100;219;219;2024-11-25 00:00:00,000;2024-12-02 00:00:00,000;8508;1900-01-01 00:00:00,000
8505;2024-11-22 00:00:00,000;"L003";"A10025";10;16;16;2024-11-25 00:00:00,000;2024-12-02 00:00:00,000;8509;1900-01-01 00:00:00,000
8514;2024-11-22 00:00:00,000;"L003";"S10051";45;974;974;2024-11-25 00:00:00,000;2024-12-02 00:00:00,000;8514;1900-01-01 00:00:00,000
8515;2024-11-25 00:00:00,000;"L003";"A10001";20;49;49;2024-11-26 00:00:00,000;2024-12-02 00:00:00,000;8515;1900-01-01 00:00:00,000
8519;2024-11-25 00:00:00,000;"L003";"A10008";55;313;313;2024-12-02 00:00:00,000;2024-12-06 00:00:00,000;8582;1900-01-01 00:00:00,000
8522;2024-11-25 00:00:00,000;"L003";"A10017";35;302;302;2024-11-28 00:00:00,000;2024-12-04 00:00:00,000;8553;1900-01-01 00:00:00,000
8523;2024-11-25 00:00:00,000;"L003";"A10018";50;631;631;2024-11-28 00:00:00,000;2024-12-05 00:00:00,000;8564;1900-01-01 00:00:00,000
8524;2024-11-25 00:00:00,000;"L003";"A10022";105;225;225;2024-11-29 00:00:00,000;2024-12-02 00:00:00,000;8518;1900-01-01 00:00:00,000
8526;2024-11-25 00:00:00,000;"L003";"A10028";35;272;272;2024-11-28 00:00:00,000;2024-12-02 00:00:00,000;8520;1900-01-01 00:00:00,000
8528;2024-11-25 00:00:00,000;"L003";"S10034";80;116;116;2024-11-27 00:00:00,000;2024-12-03 00:00:00,000;8537;1900-01-01 00:00:00,000
8535;2024-11-26 00:00:00,000;"L003";"A10008";30;316;316;2024-11-27 00:00:00,000;2024-12-02 00:00:00,000;8522;1900-01-01 00:00:00,000
8541;2024-11-26 00:00:00,000;"L003";"A10017";15;303;303;2024-11-27 00:00:00,000;2024-12-04 00:00:00,000;8554;1900-01-01 00:00:00,000
8542;2024-11-26 00:00:00,000;"L003";"A10018";60;618;618;2024-11-28 00:00:00,000;2024-12-03 00:00:00,000;8543;1900-01-01 00:00:00,000
8544;2024-11-26 00:00:00,000;"L003";"A10022";160;222;222;2024-11-28 00:00:00,000;2024-12-03 00:00:00,000;8544;1900-01-01 00:00:00,000
8546;2024-11-26 00:00:00,000;"L003";"A10025";15;182;182;2024-11-28 00:00:00,000;2024-12-02 00:00:00,000;8525;1900-01-01 00:00:00,000
8548;2024-11-26 00:00:00,000;"L003";"A10028";150;311;311;2024-12-02 00:00:00,000;2024-12-04 00:00:00,000;8555;1900-01-01 00:00:00,000
8549;2024-11-26 00:00:00,000;"L003";"A10030";35;421;421;2024-12-02 00:00:00,000;2024-12-05 00:00:00,000;8568;1900-01-01 00:00:00,000
8551;2024-11-26 00:00:00,000;"L003";"S10032";85;63;63;2024-12-02 00:00:00,000;2024-12-05 00:00:00,000;8569;1900-01-01 00:00:00,000
8552;2024-11-26 00:00:00,000;"L003";"S10034";55;129;129;2024-11-27 00:00:00,000;2024-12-03 00:00:00,000;8546;1900-01-01 00:00:00,000
8560;2024-11-26 00:00:00,000;"L003";"S10051";100;981;981;2024-12-02 00:00:00,000;2024-12-02 00:00:00,000;8529;1900-01-01 00:00:00,000
8561;2024-11-27 00:00:00,000;"L003";"A10001";45;62;62;2024-12-02 00:00:00,000;2024-12-05 00:00:00,000;8570;1900-01-01 00:00:00,000
8567;2024-11-27 00:00:00,000;"L003";"A10017";20;308;308;2024-11-28 00:00:00,000;2024-12-03 00:00:00,000;8550;1900-01-01 00:00:00,000
8568;2024-11-27 00:00:00,000;"L003";"A10018";15;578;578;2024-12-02 00:00:00,000;2024-12-09 00:00:00,000;8600;1900-01-01 00:00:00,000
8570;2024-11-27 00:00:00,000;"L003";"A10022";100;256;256;2024-12-02 00:00:00,000;2024-12-05 00:00:00,000;8572;1900-01-01 00:00:00,000
8573;2024-11-27 00:00:00,000;"L003";"S10034";40;128;128;2024-11-29 00:00:00,000;2024-12-04 00:00:00,000;8558;1900-01-01 00:00:00,000
8579;2024-11-28 00:00:00,000;"L003";"A10001";40;5;5;2024-12-02 00:00:00,000;2024-12-09 00:00:00,000;8601;1900-01-01 00:00:00,000
8583;2024-11-28 00:00:00,000;"L003";"A10008";75;329;329;2024-12-02 00:00:00,000;2024-12-09 00:00:00,000;8602;1900-01-01 00:00:00,000
8584;2024-11-28 00:00:00,000;"L003";"A10009";80;128;128;2024-12-02 00:00:00,000;2024-12-05 00:00:00,000;8574;1900-01-01 00:00:00,000
8588;2024-11-28 00:00:00,000;"L003";"A10017";90;374;374;2024-12-02 00:00:00,000;2024-12-05 00:00:00,000;8577;1900-01-01 00:00:00,000
8589;2024-11-28 00:00:00,000;"L003";"A10018";350;656;656;2024-11-29 00:00:00,000;2024-12-05 00:00:00,000;8578;1900-01-01 00:00:00,000
8591;2024-11-28 00:00:00,000;"L003";"A10022";85;22;22;2024-12-02 00:00:00,000;2024-12-06 00:00:00,000;8591;1900-01-01 00:00:00,000
8593;2024-11-28 00:00:00,000;"L003";"A10025";10;178;178;2024-11-29 00:00:00,000;2024-12-05 00:00:00,000;8579;1900-01-01 00:00:00,000
8596;2024-11-28 00:00:00,000;"L003";"S10032";40;58;58;2024-12-02 00:00:00,000;2024-12-09 00:00:00,000;8606;1900-01-01 00:00:00,000
8600;2024-11-28 00:00:00,000;"L003";"S10051";10;1058;1058;2024-11-29 00:00:00,000;2024-12-04 00:00:00,000;8563;1900-01-01 00:00:00,000
8601;2024-11-29 00:00:00,000;"L003";"A10001";35;55;55;2024-12-02 00:00:00,000;2024-12-05 00:00:00,000;8580;1900-01-01 00:00:00,000
8603;2024-11-29 00:00:00,000;"L003";"A10018";115;63;63;2024-12-03 00:00:00,000;2024-12-09 00:00:00,000;8608;1900-01-01 00:00:00,000
8604;2024-11-29 00:00:00,000;"L003";"A10025";15;159;159;2024-12-02 00:00:00,000;2024-12-06 00:00:00,000;8595;1900-01-01 00:00:00,000
8610;2024-11-29 00:00:00,000;"L003";"S10051";40;931;931;2024-12-04 00:00:00,000;2024-12-06 00:00:00,000;8597;1900-01-01 00:00:00,000
8613;2024-12-02 00:00:00,000;"L003";"A10008";75;333;333;2024-12-04 00:00:00,000;2024-12-09 00:00:00,000;8613;1900-01-01 00:00:00,000
8617;2024-12-02 00:00:00,000;"L003";"S10032";35;55;55;2024-12-06 00:00:00,000;2024-12-12 00:00:00,000;8662;1900-01-01 00:00:00,000
8618;2024-12-02 00:00:00,000;"L003";"S10034";35;106;106;2024-12-04 00:00:00,000;2024-12-09 00:00:00,000;8617;1900-01-01 00:00:00,000
8624;2024-12-03 00:00:00,000;"L003";"A10008";40;367;367;2024-12-06 00:00:00,000;2024-12-11 00:00:00,000;8649;1900-01-01 00:00:00,000
8625;2024-12-03 00:00:00,000;"L003";"A10009";35;142;142;2024-12-04 00:00:00,000;2024-12-06 00:00:00,000;8598;1900-01-01 00:00:00,000
8629;2024-12-03 00:00:00,000;"L003";"A10017";95;34;34;2024-12-05 00:00:00,000;2024-12-11 00:00:00,000;8650;1900-01-01 00:00:00,000
8631;2024-12-03 00:00:00,000;"L003";"A10022";75;22;22;2024-12-06 00:00:00,000;2024-12-10 00:00:00,000;8640;1900-01-01 00:00:00,000
8632;2024-12-03 00:00:00,000;"L003";"A10025";15;186;186;2024-12-04 00:00:00,000;2024-12-09 00:00:00,000;8621;1900-01-01 00:00:00,000
8634;2024-12-03 00:00:00,000;"L003";"A10028";115;329;329;2024-12-09 00:00:00,000;2024-12-09 00:00:00,000;8623;1900-01-01 00:00:00,000
8635;2024-12-03 00:00:00,000;"L003";"A10030";45;413;413;2024-12-05 00:00:00,000;2024-12-10 00:00:00,000;8641;1900-01-01 00:00:00,000
8637;2024-12-03 00:00:00,000;"L003";"S10034";25;112;112;2024-12-06 00:00:00,000;2024-12-09 00:00:00,000;8625;1900-01-01 00:00:00,000
8638;2024-12-03 00:00:00,000;"L003";"S10035";10;162;162;2024-12-09 00:00:00,000;2024-12-12 00:00:00,000;8666;1900-01-01 00:00:00,000
8644;2024-12-03 00:00:00,000;"L003";"S10051";25;923;923;2024-12-09 00:00:00,000;2024-12-09 00:00:00,000;8627;1900-01-01 00:00:00,000
8645;2024-12-03 00:00:00,000;"L003";"S10052";30;1989;1989;2024-12-04 00:00:00,000;2024-12-11 00:00:00,000;8652;1900-01-01 00:00:00,000
8646;2024-12-04 00:00:00,000;"L003";"A10001";30;54;54;2024-12-06 00:00:00,000;2024-12-11 00:00:00,000;8653;1900-01-01 00:00:00,000
8650;2024-12-04 00:00:00,000;"L003";"A10008";15;345;345;2024-12-09 00:00:00,000;2024-12-11 00:00:00,000;8655;1900-01-01 00:00:00,000
8654;2024-12-04 00:00:00,000;"L003";"A10018";15;632;632;2024-12-05 00:00:00,000;2024-12-10 00:00:00,000;8644;1900-01-01 00:00:00,000
8655;2024-12-04 00:00:00,000;"L003";"A10022";15;26;26;2024-12-06 00:00:00,000;2024-12-13 00:00:00,000;8680;1900-01-01 00:00:00,000
8658;2024-12-04 00:00:00,000;"L003";"A10028";10;335;335;2024-12-09 00:00:00,000;2024-12-09 00:00:00,000;8629;1900-01-01 00:00:00,000
8664;2024-12-04 00:00:00,000;"L003";"S10052";25;1973;1973;2024-12-09 00:00:00,000;2024-12-12 00:00:00,000;8671;1900-01-01 00:00:00,000
8667;2024-12-05 00:00:00,000;"L003";"A10008";60;322;322;2024-12-09 00:00:00,000;2024-12-13 00:00:00,000;8682;1900-01-01 00:00:00,000
8671;2024-12-05 00:00:00,000;"L003";"A10017";95;293;293;2024-12-09 00:00:00,000;2024-12-13 00:00:00,000;8685;1900-01-01 00:00:00,000
8672;2024-12-05 00:00:00,000;"L003";"A10018";15;627;627;2024-12-09 00:00:00,000;2024-12-12 00:00:00,000;8672;1900-01-01 00:00:00,000
8673;2024-12-05 00:00:00,000;"L003";"A10022";65;223;223;2024-12-06 00:00:00,000;2024-12-09 00:00:00,000;8632;1900-01-01 00:00:00,000
8677;2024-12-05 00:00:00,000;"L003";"A10028";30;286;286;2024-12-09 00:00:00,000;2024-12-11 00:00:00,000;8659;1900-01-01 00:00:00,000
8682;2024-12-05 00:00:00,000;"L003";"S10051";65;1074;1074;2024-12-06 00:00:00,000;2024-12-12 00:00:00,000;8674;1900-01-01 00:00:00,000
8683;2024-12-06 00:00:00,000;"L003";"A10001";100;65;65;2024-12-10 00:00:00,000;2024-12-16 00:00:00,000;8693;1900-01-01 00:00:00,000
8690;2024-12-06 00:00:00,000;"L003";"A10018";120;63;63;2024-12-09 00:00:00,000;2024-12-16 00:00:00,000;8699;1900-01-01 00:00:00,000
8692;2024-12-06 00:00:00,000;"L003";"A10022";160;259;259;2024-12-09 00:00:00,000;2024-12-12 00:00:00,000;8675;1900-01-01 00:00:00,000
8697;2024-12-06 00:00:00,000;"L003";"A10030";45;493;493;2024-12-11 00:00:00,000;2024-12-17 00:00:00,000;8722;1900-01-01 00:00:00,000
8698;2024-12-06 00:00:00,000;"L003";"S10034";15;123;123;2024-12-10 00:00:00,000;2024-12-16 00:00:00,000;8703;1900-01-01 00:00:00,000
8708;2024-12-09 00:00:00,000;"L003";"A10017";70;321;321;2024-12-16 00:00:00,000;2024-12-19 00:00:00,000;8742;1900-01-01 00:00:00,000
8709;2024-12-09 00:00:00,000;"L003";"A10018";50;561;561;2024-12-11 00:00:00,000;2024-12-13 00:00:00,000;8689;1900-01-01 00:00:00,000
8710;2024-12-09 00:00:00,000;"L003";"A10022";45;263;263;2024-12-16 00:00:00,000;2024-12-19 00:00:00,000;8743;1900-01-01 00:00:00,000
8718;2024-12-09 00:00:00,000;"L003";"S10051";135;914;914;2024-12-12 00:00:00,000;2024-12-16 00:00:00,000;8713;1900-01-01 00:00:00,000
8719;2024-12-10 00:00:00,000;"L003";"A10001";100;55;55;2024-12-11 00:00:00,000;2024-12-16 00:00:00,000;8714;1900-01-01 00:00:00,000
8723;2024-12-10 00:00:00,000;"L003";"A10009";95;129;129;2024-12-16 00:00:00,000;2024-12-20 00:00:00,000;8759;1900-01-01 00:00:00,000
8726;2024-12-10 00:00:00,000;"L003";"A10018";10;715;715;2024-12-11 00:00:00,000;2024-12-13 00:00:00,000;8690;1900-01-01 00:00:00,000
8729;2024-12-10 00:00:00,000;"L003";"A10030";115;4;4;2024-12-11 00:00:00,000;2024-12-18 00:00:00,000;8737;1900-01-01 00:00:00,000
8731;2024-12-10 00:00:00,000;"L003";"S10034";125;116;116;2024-12-16 00:00:00,000;2024-12-20 00:00:00,000;8761;1900-01-01 00:00:00,000
8736;2024-12-11 00:00:00,000;"L003";"A10008";80;359;359;2024-12-16 00:00:00,000;2024-12-23 00:00:00,000;8785;1900-01-01 00:00:00,000
8737;2024-12-11 00:00:00,000;"L003";"A10009";65;117;117;2024-12-13 00:00:00,000;2024-12-17 00:00:00,000;8729;1900-01-01 00:00:00,000
8739;2024-12-11 00:00:00,000;"L003";"A10017";20;358;358;2024-12-16 00:00:00,000;2024-12-23 00:00:00,000;8786;1900-01-01 00:00:00,000
8740;2024-12-11 00:00:00,000;"L003";"A10018";15;585;585;2024-12-12 00:00:00,000;2024-12-17 00:00:00,000;8730;1900-01-01 00:00:00,000
8741;2024-12-11 00:00:00,000;"L003";"A10022";70;233;233;2024-12-16 00:00:00,000;2024-12-20 00:00:00,000;8762;1900-01-01 00:00:00,000
8743;2024-12-11 00:00:00,000;"L003";"S10032";30;58;58;2024-12-16 00:00:00,000;2024-12-19 00:00:00,000;8747;1900-01-01 00:00:00,000
8748;2024-12-11 00:00:00,000;"L003";"S10045";10;161;161;2024-12-16 00:00:00,000;2024-12-20 00:00:00,000;8763;1900-01-01 00:00:00,000
8750;2024-12-11 00:00:00,000;"L003";"S10051";75;883;883;2024-12-13 00:00:00,000;2024-12-17 00:00:00,000;8732;1900-01-01 00:00:00,000
8751;2024-12-12 00:00:00,000;"L003";"A10001";90;65;65;2024-12-16 00:00:00,000;2024-12-19 00:00:00,000;8750;1900-01-01 00:00:00,000
8755;2024-12-12 00:00:00,000;"L003";"A10008";35;388;388;2024-12-13 00:00:00,000;2024-12-16 00:00:00,000;8719;1900-01-01 00:00:00,000
8756;2024-12-12 00:00:00,000;"L003";"A10009";40;144;144;2024-12-16 00:00:00,000;2024-12-20 00:00:00,000;8767;1900-01-01 00:00:00,000
8761;2024-12-12 00:00:00,000;"L003";"A10018";75;692;692;2024-12-16 00:00:00,000;2024-12-23 00:00:00,000;8787;1900-01-01 00:00:00,000
8762;2024-12-12 00:00:00,000;"L003";"A10022";100;235;235;2024-12-16 00:00:00,000;2024-12-19 00:00:00,000;8752;1900-01-01 00:00:00,000
8766;2024-12-12 00:00:00,000;"L003";"S10032";15;55;55;2024-12-13 00:00:00,000;2024-12-16 00:00:00,000;8721;1900-01-01 00:00:00,000
8767;2024-12-12 00:00:00,000;"L003";"S10034";145;111;111;2024-12-16 00:00:00,000;2024-12-23 00:00:00,000;8789;1900-01-01 00:00:00,000
8773;2024-12-12 00:00:00,000;"L003";"S10051";75;872;872;2024-12-16 00:00:00,000;2024-12-20 00:00:00,000;8771;1900-01-01 00:00:00,000
8777;2024-12-13 00:00:00,000;"L003";"A10008";30;361;361;2024-12-16 00:00:00,000;2024-12-20 00:00:00,000;8774;1900-01-01 00:00:00,000
8778;2024-12-13 00:00:00,000;"L003";"A10009";15;12;12;2024-12-16 00:00:00,000;2024-12-20 00:00:00,000;8775;1900-01-01 00:00:00,000
8781;2024-12-13 00:00:00,000;"L003";"A10017";30;316;316;2024-12-16 00:00:00,000;2024-12-23 00:00:00,000;8795;1900-01-01 00:00:00,000
8782;2024-12-13 00:00:00,000;"L003";"A10018";15;636;636;2024-12-16 00:00:00,000;2024-12-20 00:00:00,000;8776;1900-01-01 00:00:00,000
8783;2024-12-13 00:00:00,000;"L003";"A10022";55;225;225;2024-12-16 00:00:00,000;2024-12-20 00:00:00,000;8777;1900-01-01 00:00:00,000
8785;2024-12-13 00:00:00,000;"L003";"A10025";35;176;176;2024-12-16 00:00:00,000;2024-12-20 00:00:00,000;8778;1900-01-01 00:00:00,000
8788;2024-12-13 00:00:00,000;"L003";"A10028";10;283;283;2024-12-17 00:00:00,000;2024-12-24 00:00:00,000;8814;1900-01-01 00:00:00,000
8790;2024-12-13 00:00:00,000;"L003";"S10034";20;134;134;2024-12-16 00:00:00,000;2024-12-23 00:00:00,000;8798;1900-01-01 00:00:00,000
8798;2024-12-13 00:00:00,000;"L003";"S10051";30;1017;1017;2024-12-16 00:00:00,000;2024-12-19 00:00:00,000;8757;1900-01-01 00:00:00,000
8799;2024-12-16 00:00:00,000;"L003";"A10001";30;58;58;2024-12-20 00:00:00,000;2024-12-24 00:00:00,000;8815;1900-01-01 00:00:00,000
8803;2024-12-16 00:00:00,000;"L003";"A10009";65;132;132;2024-12-20 00:00:00,000;2024-12-24 00:00:00,000;8817;1900-01-01 00:00:00,000
8806;2024-12-16 00:00:00,000;"L003";"A10017";105;32;32;2024-12-19 00:00:00,000;2024-12-24 00:00:00,000;8820;1900-01-01 00:00:00,000
8807;2024-12-16 00:00:00,000;"L003";"A10018";150;609;609;2024-12-17 00:00:00,000;2024-12-23 00:00:00,000;8800;1900-01-01 00:00:00,000
8808;2024-12-16 00:00:00,000;"L003";"A10022";50;221;221;2024-12-18 00:00:00,000;2024-12-23 00:00:00,000;8801;1900-01-01 00:00:00,000
8809;2024-12-16 00:00:00,000;"L003";"S10034";45;123;123;2024-12-18 00:00:00,000;2024-12-24 00:00:00,000;8821;1900-01-01 00:00:00,000
8819;2024-12-17 00:00:00,000;"L003";"A10008";60;32;32;2024-12-19 00:00:00,000;2024-12-27 00:00:00,000;8839;1900-01-01 00:00:00,000
8823;2024-12-17 00:00:00,000;"L003";"A10017";30;334;334;2024-12-23 00:00:00,000;2024-12-27 00:00:00,000;8841;1900-01-01 00:00:00,000
8825;2024-12-17 00:00:00,000;"L003";"A10022";65;239;239;2024-12-19 00:00:00,000;2024-12-24 00:00:00,000;8825;1900-01-01 00:00:00,000
8827;2024-12-17 00:00:00,000;"L003";"A10025";75;155;155;2024-12-18 00:00:00,000;2024-12-23 00:00:00,000;8804;1900-01-01 00:00:00,000
8830;2024-12-17 00:00:00,000;"L003";"A10028";120;35;35;2024-12-19 00:00:00,000;2024-12-23 00:00:00,000;8806;1900-01-01 00:00:00,000
8831;2024-12-17 00:00:00,000;"L003";"S10032";35;64;64;2024-12-19 00:00:00,000;2024-12-23 00:00:00,000;8807;1900-01-01 00:00:00,000
8839;2024-12-17 00:00:00,000;"L003";"S10051";60;1047;1047;2024-12-19 00:00:00,000;2024-12-24 00:00:00,000;8829;1900-01-01 00:00:00,000
8843;2024-12-18 00:00:00,000;"L003";"A10008";75;405;405;2024-12-23 00:00:00,000;2024-12-27 00:00:00,000;8844;1900-01-01 00:00:00,000
8845;2024-12-18 00:00:00,000;"L003";"A10017";55;362;362;2024-12-23 00:00:00,000;2024-12-30 00:00:00,000;8874;1900-01-01 00:00:00,000
8847;2024-12-18 00:00:00,000;"L003";"A10022";45;248;248;2024-12-20 00:00:00,000;2024-12-27 00:00:00,000;8845;1900-01-01 00:00:00,000
8848;2024-12-18 00:00:00,000;"L003";"A10028";10;339;339;2024-12-20 00:00:00,000;2024-12-27 00:00:00,000;8846;1900-01-01 00:00:00,000
8849;2024-12-18 00:00:00,000;"L003";"S10034";45;115;115;2024-12-20 00:00:00,000;2024-12-27 00:00:00,000;8847;1900-01-01 00:00:00,000
8856;2024-12-19 00:00:00,000;"L003";"A10008";100;402;402;2024-12-20 00:00:00,000;2024-12-27 00:00:00,000;8851;1900-01-01 00:00:00,000
8858;2024-12-19 00:00:00,000;"L003";"A10017";40;301;301;2024-12-23 00:00:00,000;2024-12-30 00:00:00,000;8878;1900-01-01 00:00:00,000
8859;2024-12-19 00:00:00,000;"L003";"A10018";25;601;601;2024-12-20 00:00:00,000;2024-12-27 00:00:00,000;8853;1900-01-01 00:00:00,000
8860;2024-12-19 00:00:00,000;"L003";"A10022";70;239;239;2024-12-23 00:00:00,000;2024-12-27 00:00:00,000;8854;1900-01-01 00:00:00,000
8862;2024-12-19 00:00:00,000;"L003";"A10030";35;467;467;2024-12-23 00:00:00,000;2024-12-27 00:00:00,000;8855;1900-01-01 00:00:00,000
8865;2024-12-19 00:00:00,000;"L003";"S10045";40;166;166;2024-12-23 00:00:00,000;2024-12-30 00:00:00,000;8880;1900-01-01 00:00:00,000
8868;2024-12-19 00:00:00,000;"L003";"S10051";85;967;967;2024-12-20 00:00:00,000;2024-12-27 00:00:00,000;8860;1900-01-01 00:00:00,000
8869;2024-12-20 00:00:00,000;"L003";"A10001";70;56;56;2024-12-23 00:00:00,000;2024-12-30 00:00:00,000;8881;1900-01-01 00:00:00,000
8873;2024-12-20 00:00:00,000;"L003";"A10008";210;375;375;2024-12-23 00:00:00,000;2024-12-30 00:00:00,000;8884;1900-01-01 00:00:00,000
8878;2024-12-20 00:00:00,000;"L003";"A10017";120;314;314;2024-12-23 00:00:00,000;2024-12-27 00:00:00,000;8864;1900-01-01 00:00:00,000
8879;2024-12-20 00:00:00,000;"L003";"A10018";170;657;657;2024-12-23 00:00:00,000;2024-12-27 00:00:00,000;8865;1900-01-01 00:00:00,000
8880;2024-12-20 00:00:00,000;"L003";"A10021";45;341;341;2024-12-27 00:00:00,000;2024-12-30 00:00:00,000;8887;1900-01-01 00:00:00,000
8881;2024-12-20 00:00:00,000;"L003";"A10022";445;206;206;2024-12-24 00:00:00,000;2024-12-30 00:00:00,000;8888;1900-01-01 00:00:00,000
8884;2024-12-20 00:00:00,000;"L003";"S10032";95;54;54;2024-12-23 00:00:00,000;2024-12-30 00:00:00,000;8890;1900-01-01 00:00:00,000
8885;2024-12-20 00:00:00,000;"L003";"S10034";40;127;127;2024-12-23 00:00:00,000;2024-12-27 00:00:00,000;8867;1900-01-01 00:00:00,000
8892;2024-12-23 00:00:00,000;"L003";"A10001";75;58;58;2024-12-24 00:00:00,000;2024-12-27 00:00:00,000;8872;1900-01-01 00:00:00,000
8896;2024-12-23 00:00:00,000;"L003";"A10018";15;658;658;2024-12-27 00:00:00,000;2024-12-30 00:00:00,000;8894;1900-01-01 00:00:00,000
8897;2024-12-23 00:00:00,000;"L003";"A10022";145;22;22;2024-12-27 00:00:00,000;2024-12-31 00:00:00,000;8909;1900-01-01 00:00:00,000
8898;2024-12-23 00:00:00,000;"L003";"S10032";35;57;57;2024-12-24 00:00:00,000;2024-12-30 00:00:00,000;8895;1900-01-01 00:00:00,000
8900;2024-12-23 00:00:00,000;"L003";"S10034";75;125;0;2024-12-27 00:00:00,000;1900-01-01 00:00:00,000;0;1900-01-01 00:00:00,000
8903;2024-12-24 00:00:00,000;"L003";"A10001";95;52;52;2024-12-30 00:00:00,000;2024-12-31 00:00:00,000;8910;1900-01-01 00:00:00,000
8907;2024-12-24 00:00:00,000;"L003";"A10008";190;346;0;2024-12-27 00:00:00,000;1900-01-01 00:00:00,000;0;1900-01-01 00:00:00,000
8908;2024-12-24 00:00:00,000;"L003";"A10009";80;139;0;2024-12-30 00:00:00,000;1900-01-01 00:00:00,000;0;1900-01-01 00:00:00,000
8913;2024-12-24 00:00:00,000;"L003";"A10017";150;354;0;2024-12-30 00:00:00,000;1900-01-01 00:00:00,000;0;1900-01-01 00:00:00,000
8914;2024-12-24 00:00:00,000;"L003";"A10018";120;662;0;2024-12-27 00:00:00,000;1900-01-01 00:00:00,000;0;1900-01-01 00:00:00,000
8917;2024-12-24 00:00:00,000;"L003";"A10022";30;22;0;2024-12-27 00:00:00,000;1900-01-01 00:00:00,000;0;1900-01-01 00:00:00,000
8921;2024-12-24 00:00:00,000;"L003";"S10035";65;147;147;2024-12-27 00:00:00,000;2024-12-30 00:00:00,000;8903;1900-01-01 00:00:00,000
8925;2024-12-24 00:00:00,000;"L003";"S10045";15;154;154;2024-12-27 00:00:00,000;2024-12-30 00:00:00,000;8906;1900-01-01 00:00:00,000
8929;2024-12-24 00:00:00,000;"L003";"S10051";135;1026;1026;2024-12-27 00:00:00,000;2024-12-30 00:00:00,000;8907;1900-01-01 00:00:00,000
8930;2024-12-27 00:00:00,000;"L003";"A10001";85;55;55;2024-12-30 00:00:00,000;2024-12-31 00:00:00,000;8915;1900-01-01 00:00:00,000
8934;2024-12-27 00:00:00,000;"L003";"A10008";10;326;0;2024-12-30 00:00:00,000;1900-01-01 00:00:00,000;0;1900-01-01 00:00:00,000
8935;2024-12-27 00:00:00,000;"L003";"A10009";85;132;0;2024-12-30 00:00:00,000;1900-01-01 00:00:00,000;0;1900-01-01 00:00:00,000
8940;2024-12-27 00:00:00,000;"L003";"A10018";130;658;0;2024-12-30 00:00:00,000;1900-01-01 00:00:00,000;0;1900-01-01 00:00:00,000
8944;2024-12-27 00:00:00,000;"L003";"A10028";55;295;0;2024-12-30 00:00:00,000;1900-01-01 00:00:00,000;0;1900-01-01 00:00:00,000
8945;2024-12-27 00:00:00,000;"L003";"S10032";15;59;0;1900-01-01 00:00:00,000;1900-01-01 00:00:00,000;0;1900-01-01 00:00:00,000
8947;2024-12-27 00:00:00,000;"L003";"S10034";20;111;0;2024-12-30 00:00:00,000;1900-01-01 00:00:00,000;0;1900-01-01 00:00:00,000
8948;2024-12-27 00:00:00,000;"L003";"S10035";85;158;0;2024-12-30 00:00:00,000;1900-01-01 00:00:00,000;0;1900-01-01 00:00:00,000
8954;2024-12-27 00:00:00,000;"L003";"S10051";55;974;0;2024-12-31 00:00:00,000;1900-01-01 00:00:00,000;0;1900-01-01 00:00:00,000
8955;2024-12-30 00:00:00,000;"L003";"A10001";60;49;0;1900-01-01 00:00:00,000;1900-01-01 00:00:00,000;0;1900-01-01 00:00:00,000
8959;2024-12-30 00:00:00,000;"L003";"A10008";40;334;0;1900-01-01 00:00:00,000;1900-01-01 00:00:00,000;0;1900-01-01 00:00:00,000
8963;2024-12-30 00:00:00,000;"L003";"A10017";85;296;0;2024-12-31 00:00:00,000;1900-01-01 00:00:00,000;0;1900-01-01 00:00:00,000
8964;2024-12-30 00:00:00,000;"L003";"A10018";60;604;0;1900-01-01 00:00:00,000;1900-01-01 00:00:00,000;0;1900-01-01 00:00:00,000
8966;2024-12-30 00:00:00,000;"L003";"A10022";100;237;0;1900-01-01 00:00:00,000;1900-01-01 00:00:00,000;0;1900-01-01 00:00:00,000
8970;2024-12-30 00:00:00,000;"L003";"A10028";100;334;0;1900-01-01 00:00:00,000;1900-01-01 00:00:00,000;0;1900-01-01 00:00:00,000
8971;2024-12-30 00:00:00,000;"L003";"S10034";60;115;0;1900-01-01 00:00:00,000;1900-01-01 00:00:00,000;0;1900-01-01 00:00:00,000
8975;2024-12-30 00:00:00,000;"L003";"S10051";45;1144;0;1900-01-01 00:00:00,000;1900-01-01 00:00:00,000;0;1900-01-01 00:00:00,000
8980;2024-12-31 00:00:00,000;"L003";"A10017";180;338;0;1900-01-01 00:00:00,000;1900-01-01 00:00:00,000;0;1900-01-01 00:00:00,000
8983;2024-12-31 00:00:00,000;"L003";"S10035";120;139;0;1900-01-01 00:00:00,000;1900-01-01 00:00:00,000;0;1900-01-01 00:00:00,000
4109;2023-11-24 00:00:00,000;"L001";"S10042";30;39;39;2023-11-27 00:00:00,000;2023-12-04 00:00:00,000;4113;2024-01-04 00:00:00,000
4149;2023-11-28 00:00:00,000;"L001";"S10039";35;408;408;2023-11-30 00:00:00,000;2023-12-04 00:00:00,000;4128;2024-01-04 00:00:00,000
4195;2023-12-01 00:00:00,000;"L001";"A10004";45;144;144;2023-12-04 00:00:00,000;2023-12-05 00:00:00,000;4149;2024-01-04 00:00:00,000
4258;2023-12-06 00:00:00,000;"L001";"A10004";35;141;141;2023-12-11 00:00:00,000;2023-12-14 00:00:00,000;4269;2024-01-11 00:00:00,000
4268;2023-12-06 00:00:00,000;"L001";"A10024";30;573;573;2023-12-07 00:00:00,000;2023-12-12 00:00:00,000;4245;2024-01-11 00:00:00,000
4375;2023-12-18 00:00:00,000;"L001";"A10004";30;144;144;2023-12-20 00:00:00,000;2023-12-27 00:00:00,000;4376;2024-01-25 00:00:00,000
4641;2024-01-10 00:00:00,000;"L001";"S10042";85;37;37;2024-01-12 00:00:00,000;2024-01-16 00:00:00,000;4605;2024-02-15 00:00:00,000
4788;2024-01-23 00:00:00,000;"L001";"S10042";50;4;4;2024-01-26 00:00:00,000;2024-01-31 00:00:00,000;4792;2024-02-29 00:00:00,000
4822;2024-01-25 00:00:00,000;"L001";"S10046";90;204;204;2024-01-29 00:00:00,000;2024-02-05 00:00:00,000;4829;2024-03-07 00:00:00,000
4844;2024-01-29 00:00:00,000;"L001";"A10004";45;137;137;2024-01-31 00:00:00,000;2024-02-06 00:00:00,000;4862;2024-03-07 00:00:00,000
4887;2024-01-31 00:00:00,000;"L001";"S10042";25;32;32;2024-02-05 00:00:00,000;2024-02-08 00:00:00,000;4890;2024-03-07 00:00:00,000
4900;2024-02-01 00:00:00,000;"L001";"S10042";75;42;42;2024-02-05 00:00:00,000;2024-02-06 00:00:00,000;4872;2024-03-07 00:00:00,000
4931;2024-02-05 00:00:00,000;"L001";"S10042";15;39;39;2024-02-08 00:00:00,000;2024-02-13 00:00:00,000;4937;2024-03-14 00:00:00,000
5018;2024-02-12 00:00:00,000;"L001";"S10042";25;37;37;2024-02-13 00:00:00,000;2024-02-19 00:00:00,000;5010;2024-03-21 00:00:00,000
5205;2024-02-27 00:00:00,000;"L001";"S10042";25;39;39;2024-02-29 00:00:00,000;2024-03-06 00:00:00,000;5213;2024-04-04 00:00:00,000
5254;2024-03-01 00:00:00,000;"L001";"A10004";30;13;13;2024-03-04 00:00:00,000;2024-03-07 00:00:00,000;5239;2024-04-04 00:00:00,000
5287;2024-03-04 00:00:00,000;"L001";"S10039";50;437;437;2024-03-05 00:00:00,000;2024-03-11 00:00:00,000;5280;2024-04-11 00:00:00,000
5289;2024-03-04 00:00:00,000;"L001";"S10042";40;4;4;2024-03-06 00:00:00,000;2024-03-12 00:00:00,000;5292;2024-04-11 00:00:00,000
5363;2024-03-12 00:00:00,000;"L001";"A10004";60;145;145;2024-03-14 00:00:00,000;2024-03-20 00:00:00,000;5378;2024-04-18 00:00:00,000
5383;2024-03-13 00:00:00,000;"L001";"A10004";40;147;147;2024-03-15 00:00:00,000;2024-03-19 00:00:00,000;5366;2024-04-18 00:00:00,000
5456;2024-03-18 00:00:00,000;"L001";"A10024";10;477;477;2024-03-21 00:00:00,000;2024-03-25 00:00:00,000;5451;2024-04-25 00:00:00,000
5526;2024-03-22 00:00:00,000;"L001";"A10024";15;468;468;2024-03-25 00:00:00,000;2024-03-28 00:00:00,000;5506;2024-04-25 00:00:00,000
5535;2024-03-25 00:00:00,000;"L001";"A10004";25;133;133;2024-03-29 00:00:00,000;2024-04-04 00:00:00,000;5599;2024-05-02 00:00:00,000
5554;2024-03-25 00:00:00,000;"L001";"S10042";85;34;34;2024-03-29 00:00:00,000;2024-04-03 00:00:00,000;5582;2024-05-02 00:00:00,000
5609;2024-03-28 00:00:00,000;"L001";"A10024";15;523;523;2024-04-02 00:00:00,000;2024-04-03 00:00:00,000;5591;2024-05-02 00:00:00,000
5627;2024-03-29 00:00:00,000;"L001";"A10004";60;15;15;2024-04-02 00:00:00,000;2024-04-08 00:00:00,000;5637;2024-05-16 00:00:00,000
5650;2024-03-29 00:00:00,000;"L001";"S10039";35;433;433;2024-04-02 00:00:00,000;2024-04-08 00:00:00,000;5650;2024-05-16 00:00:00,000
5742;2024-04-10 00:00:00,000;"L001";"A10004";30;145;145;2024-04-12 00:00:00,000;2024-04-15 00:00:00,000;5719;2024-05-16 00:00:00,000
5764;2024-04-11 00:00:00,000;"L001";"A10004";15;128;128;2024-04-15 00:00:00,000;2024-04-22 00:00:00,000;5786;2024-05-23 00:00:00,000
5905;2024-04-23 00:00:00,000;"L001";"A10024";10;566;566;2024-04-29 00:00:00,000;2024-05-02 00:00:00,000;5929;2024-05-30 00:00:00,000
5930;2024-04-24 00:00:00,000;"L001";"S10039";10;406;406;2024-04-29 00:00:00,000;2024-05-02 00:00:00,000;5936;2024-05-30 00:00:00,000
5960;2024-04-25 00:00:00,000;"L001";"S10039";50;454;454;2024-04-26 00:00:00,000;2024-04-30 00:00:00,000;5907;2024-05-30 00:00:00,000
6105;2024-05-10 00:00:00,000;"L001";"A10004";15;147;147;2024-05-14 00:00:00,000;2024-05-21 00:00:00,000;6121;2024-06-20 00:00:00,000
6184;2024-05-16 00:00:00,000;"L001";"A10004";35;137;137;2024-05-21 00:00:00,000;2024-05-24 00:00:00,000;6191;2024-06-20 00:00:00,000
6275;2024-05-24 00:00:00,000;"L001";"A10024";25;621;621;2024-05-28 00:00:00,000;2024-06-03 00:00:00,000;6284;2024-07-04 00:00:00,000
6283;2024-05-24 00:00:00,000;"L001";"S10042";90;36;36;2024-05-27 00:00:00,000;2024-05-28 00:00:00,000;6226;2024-06-27 00:00:00,000
6305;2024-05-27 00:00:00,000;"L001";"S10046";10;218;218;2024-05-30 00:00:00,000;2024-06-04 00:00:00,000;6314;2024-07-04 00:00:00,000
6330;2024-05-29 00:00:00,000;"L001";"A10004";60;146;146;2024-05-31 00:00:00,000;2024-06-03 00:00:00,000;6305;2024-07-04 00:00:00,000
6345;2024-05-30 00:00:00,000;"L001";"A10004";10;138;138;2024-06-03 00:00:00,000;2024-06-05 00:00:00,000;6336;2024-07-04 00:00:00,000
6376;2024-06-03 00:00:00,000;"L001";"A10004";90;145;145;2024-06-07 00:00:00,000;2024-06-12 00:00:00,000;6393;2024-07-11 00:00:00,000
6459;2024-06-12 00:00:00,000;"L001";"A10004";15;145;145;2024-06-17 00:00:00,000;2024-06-24 00:00:00,000;6510;2024-07-25 00:00:00,000
6481;2024-06-12 00:00:00,000;"L001";"S10039";55;449;449;2024-06-17 00:00:00,000;2024-06-24 00:00:00,000;6513;2024-07-25 00:00:00,000
6501;2024-06-14 00:00:00,000;"L001";"A10004";10;158;158;2024-06-19 00:00:00,000;2024-06-26 00:00:00,000;6570;2024-07-25 00:00:00,000
6513;2024-06-14 00:00:00,000;"L001";"A10024";25;536;536;2024-06-19 00:00:00,000;2024-06-24 00:00:00,000;6523;2024-07-25 00:00:00,000
6601;2024-06-20 00:00:00,000;"L001";"A10024";55;534;534;2024-06-25 00:00:00,000;2024-07-01 00:00:00,000;6625;2024-08-01 00:00:00,000
6632;2024-06-21 00:00:00,000;"L001";"S10039";25;423;423;2024-06-24 00:00:00,000;2024-07-01 00:00:00,000;6635;2024-08-01 00:00:00,000
6652;2024-06-24 00:00:00,000;"L001";"S10046";35;231;231;2024-06-27 00:00:00,000;2024-07-01 00:00:00,000;6642;2024-08-01 00:00:00,000
6670;2024-06-25 00:00:00,000;"L001";"S10039";15;416;416;2024-06-28 00:00:00,000;2024-07-03 00:00:00,000;6677;2024-08-01 00:00:00,000
6708;2024-06-27 00:00:00,000;"L001";"A10024";25;534;534;2024-07-01 00:00:00,000;2024-07-03 00:00:00,000;6684;2024-08-01 00:00:00,000
6728;2024-06-28 00:00:00,000;"L001";"S10046";90;227;227;2024-07-01 00:00:00,000;2024-07-08 00:00:00,000;6732;2024-08-08 00:00:00,000
6747;2024-07-01 00:00:00,000;"L001";"A10024";10;518;518;2024-07-03 00:00:00,000;2024-07-05 00:00:00,000;6718;2024-08-01 00:00:00,000
6760;2024-07-01 00:00:00,000;"L001";"S10039";5;44;44;2024-07-05 00:00:00,000;2024-07-08 00:00:00,000;6747;2024-08-08 00:00:00,000
6763;2024-07-01 00:00:00,000;"L001";"S10042";40;39;39;2024-07-02 00:00:00,000;2024-07-08 00:00:00,000;6749;2024-08-08 00:00:00,000
6767;2024-07-01 00:00:00,000;"L001";"S10046";20;239;239;2024-07-05 00:00:00,000;2024-07-10 00:00:00,000;6767;2024-08-08 00:00:00,000
6947;2024-07-15 00:00:00,000;"L001";"S10039";60;39;39;2024-07-17 00:00:00,000;2024-07-23 00:00:00,000;6953;2024-08-22 00:00:00,000
6949;2024-07-15 00:00:00,000;"L001";"S10042";50;37;37;2024-07-19 00:00:00,000;2024-07-24 00:00:00,000;6972;2024-08-22 00:00:00,000
7114;2024-07-25 00:00:00,000;"L001";"S10039";15;418;418;2024-07-29 00:00:00,000;2024-08-05 00:00:00,000;7125;2024-09-05 00:00:00,000
7144;2024-07-29 00:00:00,000;"L001";"A10024";15;53;53;2024-08-01 00:00:00,000;2024-08-06 00:00:00,000;7154;2024-09-05 00:00:00,000
7147;2024-07-29 00:00:00,000;"L001";"S10046";70;236;236;2024-08-01 00:00:00,000;2024-08-07 00:00:00,000;7168;2024-09-05 00:00:00,000
7177;2024-07-31 00:00:00,000;"L001";"S10039";65;37;37;2024-08-05 00:00:00,000;2024-08-08 00:00:00,000;7187;2024-09-05 00:00:00,000
7183;2024-08-01 00:00:00,000;"L001";"A10004";10;137;137;2024-08-05 00:00:00,000;2024-08-07 00:00:00,000;7175;2024-09-05 00:00:00,000
7226;2024-08-05 00:00:00,000;"L001";"S10039";30;391;391;2024-08-09 00:00:00,000;2024-08-13 00:00:00,000;7228;2024-09-12 00:00:00,000
7232;2024-08-06 00:00:00,000;"L001";"A10004";30;135;135;2024-08-08 00:00:00,000;2024-08-12 00:00:00,000;7222;2024-09-12 00:00:00,000
7244;2024-08-06 00:00:00,000;"L001";"S10042";55;39;39;2024-08-12 00:00:00,000;2024-08-19 00:00:00,000;7289;2024-09-19 00:00:00,000
7250;2024-08-07 00:00:00,000;"L001";"A10004";35;146;146;2024-08-12 00:00:00,000;2024-08-19 00:00:00,000;7290;2024-09-19 00:00:00,000
7288;2024-08-09 00:00:00,000;"L001";"A10004";40;136;136;2024-08-13 00:00:00,000;2024-08-19 00:00:00,000;7299;2024-09-19 00:00:00,000
7346;2024-08-14 00:00:00,000;"L001";"A10024";10;583;583;2024-08-19 00:00:00,000;2024-08-23 00:00:00,000;7359;2024-09-19 00:00:00,000
7352;2024-08-14 00:00:00,000;"L001";"S10042";40;34;34;2024-08-15 00:00:00,000;2024-08-19 00:00:00,000;7328;2024-09-19 00:00:00,000
7409;2024-08-20 00:00:00,000;"L001";"S10042";50;32;32;2024-08-23 00:00:00,000;2024-08-30 00:00:00,000;7442;2024-09-26 00:00:00,000
7509;2024-08-28 00:00:00,000;"L001";"S10046";15;193;193;2024-08-29 00:00:00,000;2024-09-04 00:00:00,000;7501;2024-10-03 00:00:00,000
7562;2024-09-03 00:00:00,000;"L001";"S10042";55;4;4;2024-09-09 00:00:00,000;2024-09-11 00:00:00,000;7567;2024-10-10 00:00:00,000
7686;2024-09-13 00:00:00,000;"L001";"A10024";25;585;585;2024-09-17 00:00:00,000;2024-09-20 00:00:00,000;7673;2024-10-17 00:00:00,000
7712;2024-09-18 00:00:00,000;"L001";"A10004";85;155;155;2024-09-23 00:00:00,000;2024-09-24 00:00:00,000;7706;2024-10-24 00:00:00,000
7731;2024-09-18 00:00:00,000;"L001";"S10039";45;392;392;2024-09-20 00:00:00,000;2024-09-25 00:00:00,000;7722;2024-10-24 00:00:00,000
7814;2024-09-24 00:00:00,000;"L001";"S10042";40;39;39;2024-09-25 00:00:00,000;2024-10-02 00:00:00,000;7817;2024-10-31 00:00:00,000
7817;2024-09-24 00:00:00,000;"L001";"S10046";10;248;248;2024-09-26 00:00:00,000;2024-09-30 00:00:00,000;7795;2024-10-31 00:00:00,000
7860;2024-09-27 00:00:00,000;"L001";"A10004";35;155;155;2024-09-30 00:00:00,000;2024-10-04 00:00:00,000;7855;2024-10-31 00:00:00,000
8073;2024-10-16 00:00:00,000;"L001";"S10042";40;39;39;2024-10-17 00:00:00,000;2024-10-22 00:00:00,000;8058;2024-11-21 00:00:00,000
8200;2024-10-25 00:00:00,000;"L001";"S10042";35;37;37;2024-10-28 00:00:00,000;2024-11-04 00:00:00,000;8205;2024-12-05 00:00:00,000
8273;2024-11-04 00:00:00,000;"L001";"S10046";100;239;239;2024-11-07 00:00:00,000;2024-11-14 00:00:00,000;8311;2024-12-12 00:00:00,000
8278;2024-11-05 00:00:00,000;"L001";"A10004";75;16;16;2024-11-06 00:00:00,000;2024-11-12 00:00:00,000;8285;2024-12-12 00:00:00,000
8299;2024-11-05 00:00:00,000;"L001";"S10039";25;421;421;2024-11-11 00:00:00,000;2024-11-15 00:00:00,000;8326;2024-12-12 00:00:00,000
8314;2024-11-06 00:00:00,000;"L001";"S10042";10;39;39;2024-11-11 00:00:00,000;2024-11-14 00:00:00,000;8315;2024-12-12 00:00:00,000
8327;2024-11-07 00:00:00,000;"L001";"S10042";15;32;32;2024-11-08 00:00:00,000;2024-11-11 00:00:00,000;8284;2024-12-12 00:00:00,000
8364;2024-11-11 00:00:00,000;"L001";"S10042";30;37;37;2024-11-12 00:00:00,000;2024-11-14 00:00:00,000;8325;2024-12-12 00:00:00,000
8487;2024-11-21 00:00:00,000;"L001";"S10039";55;409;409;2024-11-25 00:00:00,000;2024-11-28 00:00:00,000;8474;1900-01-01 00:00:00,000
8511;2024-11-22 00:00:00,000;"L001";"S10046";40;191;191;2024-11-25 00:00:00,000;2024-12-02 00:00:00,000;8513;1900-01-01 00:00:00,000
8592;2024-11-28 00:00:00,000;"L001";"A10024";20;56;56;2024-12-02 00:00:00,000;2024-12-09 00:00:00,000;8604;1900-01-01 00:00:00,000
8746;2024-12-11 00:00:00,000;"L001";"S10042";35;37;37;2024-12-16 00:00:00,000;2024-12-19 00:00:00,000;8749;1900-01-01 00:00:00,000
8816;2024-12-17 00:00:00,000;"L001";"A10004";25;151;151;2024-12-23 00:00:00,000;2024-12-27 00:00:00,000;8836;1900-01-01 00:00:00,000
8919;2024-12-24 00:00:00,000;"L001";"A10024";35;558;558;2024-12-27 00:00:00,000;2024-12-30 00:00:00,000;8902;1900-01-01 00:00:00,000
8926;2024-12-24 00:00:00,000;"L001";"S10046";105;199;0;2024-12-27 00:00:00,000;1900-01-01 00:00:00,000;0;1900-01-01 00:00:00,000
8950;2024-12-27 00:00:00,000;"L001";"S10046";10;25;0;2024-12-30 00:00:00,000;1900-01-01 00:00:00,000;0;1900-01-01 00:00:00,000
4151;2023-11-28 00:00:00,000;"L001";"S10043";10;67;67;2023-12-04 00:00:00,000;2023-12-08 00:00:00,000;4188;2024-01-04 00:00:00,000
4170;2023-11-29 00:00:00,000;"L001";"S10043";105;68;68;2023-12-01 00:00:00,000;2023-12-06 00:00:00,000;4164;2024-01-04 00:00:00,000
4216;2023-12-01 00:00:00,000;"L001";"S10043";35;68;68;2023-12-04 00:00:00,000;2023-12-05 00:00:00,000;4151;2024-01-04 00:00:00,000
4274;2023-12-06 00:00:00,000;"L001";"S10043";50;71;71;2023-12-11 00:00:00,000;2023-12-13 00:00:00,000;4261;2024-01-11 00:00:00,000
4311;2023-12-11 00:00:00,000;"L001";"S10043";30;73;73;2023-12-13 00:00:00,000;2023-12-18 00:00:00,000;4303;2024-01-18 00:00:00,000
4358;2023-12-14 00:00:00,000;"L001";"S10043";10;73;73;2023-12-15 00:00:00,000;2023-12-21 00:00:00,000;4343;2024-01-18 00:00:00,000
4431;2023-12-20 00:00:00,000;"L001";"S10043";45;73;73;2023-12-27 00:00:00,000;2024-01-02 00:00:00,000;4451;2024-02-01 00:00:00,000
4483;2023-12-27 00:00:00,000;"L001";"S10043";35;71;71;2023-12-28 00:00:00,000;2024-01-03 00:00:00,000;4481;2024-02-01 00:00:00,000
4611;2024-01-09 00:00:00,000;"L001";"S10043";20;66;66;2024-01-15 00:00:00,000;2024-01-19 00:00:00,000;4650;2024-02-15 00:00:00,000
4642;2024-01-10 00:00:00,000;"L001";"S10043";30;71;71;2024-01-11 00:00:00,000;2024-01-16 00:00:00,000;4606;2024-02-15 00:00:00,000
4663;2024-01-11 00:00:00,000;"L001";"S10043";55;63;63;2024-01-16 00:00:00,000;2024-01-22 00:00:00,000;4677;2024-02-22 00:00:00,000
4722;2024-01-17 00:00:00,000;"L001";"S10043";15;74;74;2024-01-22 00:00:00,000;2024-01-24 00:00:00,000;4718;2024-02-22 00:00:00,000
4769;2024-01-22 00:00:00,000;"L001";"S10043";50;72;72;2024-01-24 00:00:00,000;2024-01-29 00:00:00,000;4763;2024-02-29 00:00:00,000
4820;2024-01-25 00:00:00,000;"L001";"S10043";15;69;69;2024-01-30 00:00:00,000;2024-02-05 00:00:00,000;4827;2024-03-07 00:00:00,000
4861;2024-01-29 00:00:00,000;"L001";"S10043";45;71;71;2024-01-31 00:00:00,000;2024-02-05 00:00:00,000;4848;2024-03-07 00:00:00,000
4932;2024-02-05 00:00:00,000;"L001";"S10043";95;74;74;2024-02-07 00:00:00,000;2024-02-12 00:00:00,000;4925;2024-03-14 00:00:00,000
5019;2024-02-12 00:00:00,000;"L001";"S10043";15;73;73;2024-02-15 00:00:00,000;2024-02-20 00:00:00,000;5024;2024-03-21 00:00:00,000
5058;2024-02-14 00:00:00,000;"L001";"S10043";50;63;63;2024-02-19 00:00:00,000;2024-02-22 00:00:00,000;5054;2024-03-21 00:00:00,000
5074;2024-02-16 00:00:00,000;"L001";"S10043";15;74;74;2024-02-19 00:00:00,000;2024-02-22 00:00:00,000;5056;2024-03-21 00:00:00,000
5098;2024-02-19 00:00:00,000;"L001";"S10043";15;8;8;2024-02-21 00:00:00,000;2024-02-26 00:00:00,000;5084;2024-03-28 00:00:00,000
5172;2024-02-22 00:00:00,000;"L001";"S10043";35;68;68;2024-02-26 00:00:00,000;2024-03-01 00:00:00,000;5169;2024-03-28 00:00:00,000
5340;2024-03-08 00:00:00,000;"L001";"S10043";50;63;63;2024-03-11 00:00:00,000;2024-03-18 00:00:00,000;5340;2024-04-18 00:00:00,000
5402;2024-03-13 00:00:00,000;"L001";"S10043";55;8;8;2024-03-14 00:00:00,000;2024-03-20 00:00:00,000;5387;2024-04-18 00:00:00,000
5423;2024-03-14 00:00:00,000;"L001";"S10043";45;71;71;2024-03-18 00:00:00,000;2024-03-25 00:00:00,000;5439;2024-04-25 00:00:00,000
5497;2024-03-20 00:00:00,000;"L001";"S10043";85;69;69;2024-03-22 00:00:00,000;2024-03-27 00:00:00,000;5489;2024-04-25 00:00:00,000
5530;2024-03-22 00:00:00,000;"L001";"S10043";80;71;71;2024-03-25 00:00:00,000;2024-03-29 00:00:00,000;5513;2024-04-25 00:00:00,000
5555;2024-03-25 00:00:00,000;"L001";"S10043";35;61;61;2024-03-27 00:00:00,000;2024-04-02 00:00:00,000;5553;2024-05-02 00:00:00,000
5589;2024-03-27 00:00:00,000;"L001";"S10043";55;69;69;2024-03-28 00:00:00,000;2024-04-04 00:00:00,000;5602;2024-05-02 00:00:00,000
5617;2024-03-28 00:00:00,000;"L001";"S10043";150;63;63;2024-04-02 00:00:00,000;2024-04-04 00:00:00,000;5608;2024-05-02 00:00:00,000
5711;2024-04-08 00:00:00,000;"L001";"S10043";10;74;74;2024-04-12 00:00:00,000;2024-04-16 00:00:00,000;5728;2024-05-16 00:00:00,000
5733;2024-04-09 00:00:00,000;"L001";"S10043";50;75;75;2024-04-12 00:00:00,000;2024-04-15 00:00:00,000;5714;2024-05-16 00:00:00,000
5815;2024-04-15 00:00:00,000;"L001";"S10043";20;73;73;2024-04-16 00:00:00,000;2024-04-22 00:00:00,000;5806;2024-05-23 00:00:00,000
5932;2024-04-24 00:00:00,000;"L001";"S10043";90;68;68;2024-04-29 00:00:00,000;2024-05-06 00:00:00,000;5968;2024-06-06 00:00:00,000
5962;2024-04-25 00:00:00,000;"L001";"S10043";30;67;67;2024-04-29 00:00:00,000;2024-05-06 00:00:00,000;5975;2024-06-06 00:00:00,000
6052;2024-05-02 00:00:00,000;"L001";"S10043";120;72;72;2024-05-03 00:00:00,000;2024-05-10 00:00:00,000;6043;2024-06-06 00:00:00,000
6124;2024-05-10 00:00:00,000;"L001";"S10043";85;79;79;2024-05-15 00:00:00,000;2024-05-21 00:00:00,000;6127;2024-06-20 00:00:00,000
6142;2024-05-13 00:00:00,000;"L001";"S10043";70;74;74;2024-05-17 00:00:00,000;2024-05-21 00:00:00,000;6140;2024-06-20 00:00:00,000
6178;2024-05-15 00:00:00,000;"L001";"S10043";20;68;68;2024-05-16 00:00:00,000;2024-05-21 00:00:00,000;6155;2024-06-20 00:00:00,000
6224;2024-05-21 00:00:00,000;"L001";"S10043";45;72;72;2024-05-23 00:00:00,000;2024-05-27 00:00:00,000;6214;2024-06-27 00:00:00,000
6258;2024-05-23 00:00:00,000;"L001";"S10043";45;72;72;2024-05-24 00:00:00,000;2024-05-29 00:00:00,000;6236;2024-06-27 00:00:00,000
6341;2024-05-29 00:00:00,000;"L001";"S10043";45;72;72;2024-06-03 00:00:00,000;2024-06-10 00:00:00,000;6364;2024-07-11 00:00:00,000
6374;2024-05-31 00:00:00,000;"L001";"S10043";75;68;68;2024-06-03 00:00:00,000;2024-06-06 00:00:00,000;6350;2024-07-04 00:00:00,000
6431;2024-06-07 00:00:00,000;"L001";"S10043";45;68;68;2024-06-10 00:00:00,000;2024-06-17 00:00:00,000;6430;2024-07-18 00:00:00,000
6442;2024-06-10 00:00:00,000;"L001";"S10043";110;74;74;2024-06-12 00:00:00,000;2024-06-17 00:00:00,000;6435;2024-07-18 00:00:00,000
6545;2024-06-17 00:00:00,000;"L001";"S10043";25;67;67;2024-06-19 00:00:00,000;2024-06-25 00:00:00,000;6557;2024-07-25 00:00:00,000
6560;2024-06-18 00:00:00,000;"L001";"S10043";80;75;75;2024-06-24 00:00:00,000;2024-06-26 00:00:00,000;6574;2024-07-25 00:00:00,000
6587;2024-06-19 00:00:00,000;"L001";"S10043";55;71;71;2024-06-21 00:00:00,000;2024-06-24 00:00:00,000;6549;2024-07-25 00:00:00,000
6634;2024-06-21 00:00:00,000;"L001";"S10043";15;73;73;2024-06-24 00:00:00,000;2024-06-27 00:00:00,000;6602;2024-07-25 00:00:00,000
6651;2024-06-24 00:00:00,000;"L001";"S10043";60;65;65;2024-06-25 00:00:00,000;2024-06-28 00:00:00,000;6618;2024-07-25 00:00:00,000
6764;2024-07-01 00:00:00,000;"L001";"S10043";175;76;76;2024-07-08 00:00:00,000;2024-07-08 00:00:00,000;6750;2024-08-08 00:00:00,000
6787;2024-07-03 00:00:00,000;"L001";"S10043";45;68;68;2024-07-05 00:00:00,000;2024-07-11 00:00:00,000;6785;2024-08-08 00:00:00,000
6847;2024-07-09 00:00:00,000;"L001";"S10043";95;8;8;2024-07-10 00:00:00,000;2024-07-15 00:00:00,000;6828;2024-08-15 00:00:00,000
6864;2024-07-10 00:00:00,000;"L001";"S10043";10;68;68;2024-07-15 00:00:00,000;2024-07-22 00:00:00,000;6899;2024-08-22 00:00:00,000
6950;2024-07-15 00:00:00,000;"L001";"S10043";65;64;64;2024-07-18 00:00:00,000;2024-07-23 00:00:00,000;6954;2024-08-22 00:00:00,000
6978;2024-07-16 00:00:00,000;"L001";"S10043";15;79;79;2024-07-18 00:00:00,000;2024-07-23 00:00:00,000;6962;2024-08-22 00:00:00,000
7035;2024-07-19 00:00:00,000;"L001";"S10043";65;63;63;2024-07-22 00:00:00,000;2024-07-25 00:00:00,000;7006;2024-08-22 00:00:00,000
7215;2024-08-02 00:00:00,000;"L001";"S10043";20;67;67;2024-08-05 00:00:00,000;2024-08-09 00:00:00,000;7204;2024-09-05 00:00:00,000
7318;2024-08-12 00:00:00,000;"L001";"S10043";80;66;66;2024-08-14 00:00:00,000;2024-08-19 00:00:00,000;7315;2024-09-19 00:00:00,000
7394;2024-08-19 00:00:00,000;"L001";"S10043";70;64;64;2024-08-20 00:00:00,000;2024-08-26 00:00:00,000;7393;2024-09-26 00:00:00,000
7437;2024-08-22 00:00:00,000;"L001";"S10043";40;65;65;2024-08-23 00:00:00,000;2024-08-29 00:00:00,000;7436;2024-09-26 00:00:00,000
7508;2024-08-28 00:00:00,000;"L001";"S10043";55;76;76;2024-09-02 00:00:00,000;2024-09-06 00:00:00,000;7521;2024-10-03 00:00:00,000
7540;2024-08-30 00:00:00,000;"L001";"S10043";40;66;66;2024-09-03 00:00:00,000;2024-09-06 00:00:00,000;7527;2024-10-03 00:00:00,000
7608;2024-09-05 00:00:00,000;"L001";"S10043";50;67;67;2024-09-09 00:00:00,000;2024-09-16 00:00:00,000;7618;2024-10-17 00:00:00,000
7649;2024-09-10 00:00:00,000;"L001";"S10043";35;68;68;2024-09-12 00:00:00,000;2024-09-19 00:00:00,000;7656;2024-10-17 00:00:00,000
7792;2024-09-23 00:00:00,000;"L001";"S10043";55;69;69;2024-09-25 00:00:00,000;2024-09-30 00:00:00,000;7788;2024-10-31 00:00:00,000
7815;2024-09-24 00:00:00,000;"L001";"S10043";25;66;66;2024-09-30 00:00:00,000;2024-10-04 00:00:00,000;7847;2024-10-31 00:00:00,000
7839;2024-09-25 00:00:00,000;"L001";"S10043";50;67;67;2024-09-27 00:00:00,000;2024-10-03 00:00:00,000;7837;2024-10-31 00:00:00,000
8004;2024-10-10 00:00:00,000;"L001";"S10043";35;63;63;2024-10-14 00:00:00,000;2024-10-16 00:00:00,000;7989;2024-11-14 00:00:00,000
8074;2024-10-16 00:00:00,000;"L001";"S10043";65;75;75;2024-10-21 00:00:00,000;2024-10-28 00:00:00,000;8116;2024-11-28 00:00:00,000
8241;2024-10-30 00:00:00,000;"L001";"S10043";55;63;63;2024-11-04 00:00:00,000;2024-11-06 00:00:00,000;8230;2024-12-05 00:00:00,000
8266;2024-11-01 00:00:00,000;"L001";"S10043";25;67;67;2024-11-04 00:00:00,000;2024-11-04 00:00:00,000;8211;2024-12-05 00:00:00,000
8301;2024-11-05 00:00:00,000;"L001";"S10043";10;65;65;2024-11-06 00:00:00,000;2024-11-08 00:00:00,000;8261;2024-12-05 00:00:00,000
8398;2024-11-13 00:00:00,000;"L001";"S10043";15;73;73;2024-11-14 00:00:00,000;2024-11-19 00:00:00,000;8380;2024-12-19 00:00:00,000
8489;2024-11-21 00:00:00,000;"L001";"S10043";30;67;67;2024-11-25 00:00:00,000;2024-12-02 00:00:00,000;8503;1900-01-01 00:00:00,000
8510;2024-11-22 00:00:00,000;"L001";"S10043";30;63;63;2024-11-27 00:00:00,000;2024-11-29 00:00:00,000;8491;1900-01-01 00:00:00,000
8700;2024-12-06 00:00:00,000;"L001";"S10043";90;73;73;2024-12-09 00:00:00,000;2024-12-11 00:00:00,000;8661;1900-01-01 00:00:00,000
8747;2024-12-11 00:00:00,000;"L001";"S10043";55;71;71;2024-12-12 00:00:00,000;2024-12-18 00:00:00,000;8738;1900-01-01 00:00:00,000
8769;2024-12-12 00:00:00,000;"L001";"S10043";70;72;72;2024-12-16 00:00:00,000;2024-12-23 00:00:00,000;8791;1900-01-01 00:00:00,000
8924;2024-12-24 00:00:00,000;"L001";"S10043";85;71;0;2024-12-27 00:00:00,000;1900-01-01 00:00:00,000;0;1900-01-01 00:00:00,000
4173;2023-11-29 00:00:00,000;"L001";"S10050";85;594;594;2023-12-04 00:00:00,000;2023-12-08 00:00:00,000;4191;2024-01-04 00:00:00,000
4191;2023-11-30 00:00:00,000;"L001";"S10050";80;633;633;2023-12-01 00:00:00,000;2023-12-07 00:00:00,000;4179;2024-01-04 00:00:00,000
4219;2023-12-01 00:00:00,000;"L001";"S10050";15;583;583;2023-12-04 00:00:00,000;2023-12-08 00:00:00,000;4201;2024-01-04 00:00:00,000
4254;2023-12-05 00:00:00,000;"L001";"S10050";30;593;593;2023-12-07 00:00:00,000;2023-12-13 00:00:00,000;4255;2024-01-11 00:00:00,000
4314;2023-12-11 00:00:00,000;"L001";"S10050";25;63;63;2023-12-18 00:00:00,000;2023-12-27 00:00:00,000;4366;2024-01-25 00:00:00,000
4487;2023-12-27 00:00:00,000;"L001";"S10050";30;603;603;2023-12-29 00:00:00,000;2024-01-02 00:00:00,000;4471;2024-02-01 00:00:00,000
4534;2024-01-02 00:00:00,000;"L001";"S10050";20;539;539;2024-01-08 00:00:00,000;2024-01-10 00:00:00,000;4544;2024-02-08 00:00:00,000
4544;2024-01-03 00:00:00,000;"L001";"S10050";65;611;611;2024-01-08 00:00:00,000;2024-01-11 00:00:00,000;4556;2024-02-08 00:00:00,000
4616;2024-01-09 00:00:00,000;"L001";"S10050";20;612;612;2024-01-11 00:00:00,000;2024-01-17 00:00:00,000;4621;2024-02-15 00:00:00,000
4646;2024-01-10 00:00:00,000;"L001";"S10050";10;65;65;2024-01-15 00:00:00,000;2024-01-22 00:00:00,000;4670;2024-02-22 00:00:00,000
4703;2024-01-15 00:00:00,000;"L001";"S10050";25;586;586;2024-01-22 00:00:00,000;2024-01-24 00:00:00,000;4711;2024-02-22 00:00:00,000
4791;2024-01-23 00:00:00,000;"L001";"S10050";60;584;584;2024-01-25 00:00:00,000;2024-01-30 00:00:00,000;4781;2024-02-29 00:00:00,000
4839;2024-01-26 00:00:00,000;"L001";"S10050";75;575;575;2024-01-30 00:00:00,000;2024-02-05 00:00:00,000;4839;2024-03-07 00:00:00,000
4864;2024-01-29 00:00:00,000;"L001";"S10050";70;609;609;2024-02-02 00:00:00,000;2024-02-05 00:00:00,000;4851;2024-03-07 00:00:00,000
4876;2024-01-30 00:00:00,000;"L001";"S10050";65;572;572;2024-02-05 00:00:00,000;2024-02-08 00:00:00,000;4886;2024-03-07 00:00:00,000
4913;2024-02-02 00:00:00,000;"L001";"S10050";85;658;658;2024-02-05 00:00:00,000;2024-02-09 00:00:00,000;4908;2024-03-07 00:00:00,000
4936;2024-02-05 00:00:00,000;"L001";"S10050";60;632;632;2024-02-07 00:00:00,000;2024-02-13 00:00:00,000;4938;2024-03-14 00:00:00,000
5022;2024-02-12 00:00:00,000;"L001";"S10050";60;68;68;2024-02-15 00:00:00,000;2024-02-21 00:00:00,000;5040;2024-03-21 00:00:00,000
5042;2024-02-13 00:00:00,000;"L001";"S10050";20;678;678;2024-02-19 00:00:00,000;2024-02-23 00:00:00,000;5061;2024-03-21 00:00:00,000
5069;2024-02-15 00:00:00,000;"L001";"S10050";30;641;641;2024-02-19 00:00:00,000;2024-02-23 00:00:00,000;5066;2024-03-21 00:00:00,000
5129;2024-02-20 00:00:00,000;"L001";"S10050";15;627;627;2024-02-23 00:00:00,000;2024-02-28 00:00:00,000;5129;2024-03-28 00:00:00,000
5175;2024-02-22 00:00:00,000;"L001";"S10050";55;682;682;2024-02-26 00:00:00,000;2024-03-01 00:00:00,000;5170;2024-03-28 00:00:00,000
5558;2024-03-25 00:00:00,000;"L001";"S10050";65;663;663;2024-03-26 00:00:00,000;2024-04-02 00:00:00,000;5555;2024-05-02 00:00:00,000
5570;2024-03-26 00:00:00,000;"L001";"S10050";10;584;584;2024-03-28 00:00:00,000;2024-04-03 00:00:00,000;5583;2024-05-02 00:00:00,000
5593;2024-03-27 00:00:00,000;"L001";"S10050";45;675;675;2024-03-29 00:00:00,000;2024-04-04 00:00:00,000;5603;2024-05-02 00:00:00,000
5622;2024-03-28 00:00:00,000;"L001";"S10050";85;642;642;2024-04-02 00:00:00,000;2024-04-03 00:00:00,000;5596;2024-05-02 00:00:00,000
5654;2024-03-29 00:00:00,000;"L001";"S10050";30;668;668;2024-04-02 00:00:00,000;2024-04-05 00:00:00,000;5623;2024-05-02 00:00:00,000
5691;2024-04-04 00:00:00,000;"L001";"S10050";10;583;583;2024-04-08 00:00:00,000;2024-04-11 00:00:00,000;5681;2024-05-16 00:00:00,000
5714;2024-04-08 00:00:00,000;"L001";"S10050";50;624;624;2024-04-09 00:00:00,000;2024-04-15 00:00:00,000;5706;2024-05-16 00:00:00,000
5761;2024-04-10 00:00:00,000;"L001";"S10050";55;664;664;2024-04-12 00:00:00,000;2024-04-15 00:00:00,000;5724;2024-05-16 00:00:00,000
5899;2024-04-22 00:00:00,000;"L001";"S10050";45;582;582;2024-04-26 00:00:00,000;2024-04-29 00:00:00,000;5883;2024-05-30 00:00:00,000
5913;2024-04-23 00:00:00,000;"L001";"S10050";75;638;638;2024-04-24 00:00:00,000;2024-04-29 00:00:00,000;5887;2024-05-30 00:00:00,000
5935;2024-04-24 00:00:00,000;"L001";"S10050";10;587;587;2024-04-29 00:00:00,000;2024-05-06 00:00:00,000;5969;2024-06-06 00:00:00,000
5965;2024-04-25 00:00:00,000;"L001";"S10050";20;579;579;2024-04-29 00:00:00,000;2024-05-02 00:00:00,000;5946;2024-05-30 00:00:00,000
6028;2024-05-01 00:00:00,000;"L001";"S10050";30;616;616;2024-05-03 00:00:00,000;2024-05-06 00:00:00,000;5993;2024-06-06 00:00:00,000
6101;2024-05-08 00:00:00,000;"L001";"S10050";50;561;561;2024-05-10 00:00:00,000;2024-05-17 00:00:00,000;6105;2024-06-13 00:00:00,000
6146;2024-05-13 00:00:00,000;"L001";"S10050";25;669;669;2024-05-14 00:00:00,000;2024-05-21 00:00:00,000;6143;2024-06-20 00:00:00,000
6166;2024-05-14 00:00:00,000;"L001";"S10050";35;534;534;2024-05-17 00:00:00,000;2024-05-23 00:00:00,000;6173;2024-06-20 00:00:00,000
6227;2024-05-21 00:00:00,000;"L001";"S10050";35;59;59;2024-05-27 00:00:00,000;2024-05-29 00:00:00,000;6231;2024-06-27 00:00:00,000
6263;2024-05-23 00:00:00,000;"L001";"S10050";30;665;665;2024-05-27 00:00:00,000;2024-05-31 00:00:00,000;6264;2024-06-27 00:00:00,000
6385;2024-06-03 00:00:00,000;"L001";"S10050";30;635;635;2024-06-04 00:00:00,000;2024-06-10 00:00:00,000;6379;2024-07-11 00:00:00,000
6422;2024-06-06 00:00:00,000;"L001";"S10050";45;653;653;2024-06-10 00:00:00,000;2024-06-13 00:00:00,000;6411;2024-07-11 00:00:00,000
6446;2024-06-10 00:00:00,000;"L001";"S10050";100;645;645;2024-06-17 00:00:00,000;2024-06-17 00:00:00,000;6439;2024-07-18 00:00:00,000
6487;2024-06-12 00:00:00,000;"L001";"S10050";65;62;62;2024-06-14 00:00:00,000;2024-06-19 00:00:00,000;6471;2024-07-18 00:00:00,000
6563;2024-06-18 00:00:00,000;"L001";"S10050";55;613;613;2024-06-19 00:00:00,000;2024-06-25 00:00:00,000;6561;2024-07-25 00:00:00,000
6609;2024-06-20 00:00:00,000;"L001";"S10050";100;65;65;2024-06-24 00:00:00,000;2024-07-01 00:00:00,000;6627;2024-08-01 00:00:00,000
6637;2024-06-21 00:00:00,000;"L001";"S10050";60;509;509;2024-06-25 00:00:00,000;2024-07-01 00:00:00,000;6637;2024-08-01 00:00:00,000
6771;2024-07-01 00:00:00,000;"L001";"S10050";225;585;585;2024-07-03 00:00:00,000;2024-07-08 00:00:00,000;6752;2024-08-08 00:00:00,000
6790;2024-07-03 00:00:00,000;"L001";"S10050";20;651;651;2024-07-08 00:00:00,000;2024-07-12 00:00:00,000;6799;2024-08-08 00:00:00,000
6923;2024-07-12 00:00:00,000;"L001";"S10050";45;566;566;2024-07-15 00:00:00,000;2024-07-19 00:00:00,000;6894;2024-08-15 00:00:00,000
6953;2024-07-15 00:00:00,000;"L001";"S10050";30;528;528;2024-07-19 00:00:00,000;2024-07-23 00:00:00,000;6955;2024-08-22 00:00:00,000
7020;2024-07-18 00:00:00,000;"L001";"S10050";100;608;608;2024-07-19 00:00:00,000;2024-07-22 00:00:00,000;6946;2024-08-22 00:00:00,000
7204;2024-08-01 00:00:00,000;"L001";"S10050";85;659;659;2024-08-05 00:00:00,000;2024-08-05 00:00:00,000;7149;2024-09-05 00:00:00,000
7274;2024-08-07 00:00:00,000;"L001";"S10050";70;689;689;2024-08-09 00:00:00,000;2024-08-14 00:00:00,000;7254;2024-09-12 00:00:00,000
7335;2024-08-13 00:00:00,000;"L001";"S10050";20;59;59;2024-08-15 00:00:00,000;2024-08-20 00:00:00,000;7333;2024-09-19 00:00:00,000
7487;2024-08-27 00:00:00,000;"L001";"S10050";30;573;573;2024-09-02 00:00:00,000;2024-09-09 00:00:00,000;7534;2024-10-10 00:00:00,000
7534;2024-08-29 00:00:00,000;"L001";"S10050";30;672;672;2024-08-30 00:00:00,000;2024-09-02 00:00:00,000;7474;2024-10-03 00:00:00,000
7587;2024-09-04 00:00:00,000;"L001";"S10050";85;588;588;2024-09-06 00:00:00,000;2024-09-09 00:00:00,000;7552;2024-10-10 00:00:00,000
7611;2024-09-05 00:00:00,000;"L001";"S10050";135;584;584;2024-09-10 00:00:00,000;2024-09-16 00:00:00,000;7620;2024-10-17 00:00:00,000
7691;2024-09-13 00:00:00,000;"L001";"S10050";20;613;613;2024-09-16 00:00:00,000;2024-09-19 00:00:00,000;7663;2024-10-17 00:00:00,000
7796;2024-09-23 00:00:00,000;"L001";"S10050";105;519;519;2024-09-25 00:00:00,000;2024-09-27 00:00:00,000;7759;2024-10-24 00:00:00,000
7967;2024-10-07 00:00:00,000;"L001";"S10050";55;614;614;2024-10-11 00:00:00,000;2024-10-15 00:00:00,000;7972;2024-11-14 00:00:00,000
8007;2024-10-10 00:00:00,000;"L001";"S10050";15;575;575;2024-10-14 00:00:00,000;2024-10-21 00:00:00,000;8015;2024-11-21 00:00:00,000
8103;2024-10-17 00:00:00,000;"L001";"S10050";40;616;616;2024-10-21 00:00:00,000;2024-10-24 00:00:00,000;8090;2024-11-21 00:00:00,000
8129;2024-10-18 00:00:00,000;"L001";"S10050";80;628;628;2024-10-21 00:00:00,000;2024-10-28 00:00:00,000;8129;2024-11-28 00:00:00,000
8204;2024-10-25 00:00:00,000;"L001";"S10050";35;61;61;2024-10-28 00:00:00,000;2024-10-31 00:00:00,000;8178;2024-11-28 00:00:00,000
8245;2024-10-30 00:00:00,000;"L001";"S10050";25;62;62;2024-11-01 00:00:00,000;2024-11-06 00:00:00,000;8231;2024-12-05 00:00:00,000
8275;2024-11-04 00:00:00,000;"L001";"S10050";30;539;539;2024-11-06 00:00:00,000;2024-11-11 00:00:00,000;8274;2024-12-12 00:00:00,000
8305;2024-11-05 00:00:00,000;"L001";"S10050";45;562;562;2024-11-06 00:00:00,000;2024-11-13 00:00:00,000;8304;2024-12-12 00:00:00,000
8317;2024-11-06 00:00:00,000;"L001";"S10050";45;609;609;2024-11-11 00:00:00,000;2024-11-18 00:00:00,000;8338;2024-12-19 00:00:00,000
8367;2024-11-11 00:00:00,000;"L001";"S10050";50;66;66;2024-11-13 00:00:00,000;2024-11-19 00:00:00,000;8375;2024-12-19 00:00:00,000
8383;2024-11-12 00:00:00,000;"L001";"S10050";45;59;59;2024-11-18 00:00:00,000;2024-11-19 00:00:00,000;8376;2024-12-19 00:00:00,000
8467;2024-11-20 00:00:00,000;"L001";"S10050";35;674;674;2024-11-25 00:00:00,000;2024-11-27 00:00:00,000;8461;1900-01-01 00:00:00,000
8532;2024-11-25 00:00:00,000;"L001";"S10050";65;625;625;2024-11-27 00:00:00,000;2024-12-03 00:00:00,000;8539;1900-01-01 00:00:00,000
8559;2024-11-26 00:00:00,000;"L001";"S10050";105;585;585;2024-11-27 00:00:00,000;2024-11-29 00:00:00,000;8494;1900-01-01 00:00:00,000
8681;2024-12-05 00:00:00,000;"L001";"S10050";80;63;63;2024-12-09 00:00:00,000;2024-12-09 00:00:00,000;8634;1900-01-01 00:00:00,000
8772;2024-12-12 00:00:00,000;"L001";"S10050";65;61;61;2024-12-16 00:00:00,000;2024-12-23 00:00:00,000;8793;1900-01-01 00:00:00,000
8797;2024-12-13 00:00:00,000;"L001";"S10050";30;563;563;2024-12-16 00:00:00,000;2024-12-19 00:00:00,000;8756;1900-01-01 00:00:00,000
8838;2024-12-17 00:00:00,000;"L001";"S10050";30;636;636;2024-12-20 00:00:00,000;2024-12-24 00:00:00,000;8828;1900-01-01 00:00:00,000
8891;2024-12-20 00:00:00,000;"L001";"S10050";70;547;547;2024-12-23 00:00:00,000;2024-12-27 00:00:00,000;8871;1900-01-01 00:00:00,000
8953;2024-12-27 00:00:00,000;"L001";"S10050";90;618;0;2024-12-30 00:00:00,000;1900-01-01 00:00:00,000;0;1900-01-01 00:00:00,000
4092;2023-11-23 00:00:00,000;"L001";"S10037";135;302;302;2023-11-28 00:00:00,000;2023-12-04 00:00:00,000;4106;2024-01-04 00:00:00,000
4250;2023-12-05 00:00:00,000;"L001";"S10037";30;294;294;2023-12-11 00:00:00,000;2023-12-14 00:00:00,000;4267;2024-01-11 00:00:00,000
4309;2023-12-11 00:00:00,000;"L001";"S10037";20;306;306;2023-12-13 00:00:00,000;2023-12-19 00:00:00,000;4316;2024-01-18 00:00:00,000
4390;2023-12-18 00:00:00,000;"L001";"S10037";25;294;294;2023-12-19 00:00:00,000;2023-12-22 00:00:00,000;4364;2024-01-18 00:00:00,000
4409;2023-12-19 00:00:00,000;"L001";"S10037";35;313;313;2023-12-21 00:00:00,000;2023-12-27 00:00:00,000;4400;2024-01-25 00:00:00,000
4453;2023-12-21 00:00:00,000;"L001";"S10037";115;306;306;2023-12-27 00:00:00,000;2024-01-02 00:00:00,000;4458;2024-02-01 00:00:00,000
4481;2023-12-27 00:00:00,000;"L001";"S10037";10;305;305;2024-01-02 00:00:00,000;2024-01-02 00:00:00,000;4470;2024-02-01 00:00:00,000
4582;2024-01-05 00:00:00,000;"L001";"S10037";10;331;331;2024-01-08 00:00:00,000;2024-01-08 00:00:00,000;4523;2024-02-08 00:00:00,000
4639;2024-01-10 00:00:00,000;"L001";"S10037";95;289;289;2024-01-12 00:00:00,000;2024-01-18 00:00:00,000;4639;2024-02-15 00:00:00,000
4661;2024-01-11 00:00:00,000;"L001";"S10037";35;303;303;2024-01-12 00:00:00,000;2024-01-16 00:00:00,000;4611;2024-02-15 00:00:00,000
4697;2024-01-15 00:00:00,000;"L001";"S10037";35;315;315;2024-01-18 00:00:00,000;2024-01-24 00:00:00,000;4710;2024-02-22 00:00:00,000
4767;2024-01-22 00:00:00,000;"L001";"S10037";30;315;315;2024-01-23 00:00:00,000;2024-01-29 00:00:00,000;4761;2024-02-29 00:00:00,000
4836;2024-01-26 00:00:00,000;"L001";"S10037";15;304;304;2024-01-29 00:00:00,000;2024-01-29 00:00:00,000;4774;2024-02-29 00:00:00,000
4859;2024-01-29 00:00:00,000;"L001";"S10037";15;341;341;2024-02-01 00:00:00,000;2024-02-06 00:00:00,000;4866;2024-03-07 00:00:00,000
4928;2024-02-05 00:00:00,000;"L001";"S10037";145;32;32;2024-02-06 00:00:00,000;2024-02-12 00:00:00,000;4923;2024-03-14 00:00:00,000
4963;2024-02-07 00:00:00,000;"L001";"S10037";80;318;318;2024-02-08 00:00:00,000;2024-02-15 00:00:00,000;4968;2024-03-14 00:00:00,000
4991;2024-02-09 00:00:00,000;"L001";"S10037";75;29;29;2024-02-12 00:00:00,000;2024-02-16 00:00:00,000;4978;2024-03-14 00:00:00,000
5016;2024-02-12 00:00:00,000;"L001";"S10037";30;328;328;2024-02-14 00:00:00,000;2024-02-19 00:00:00,000;5009;2024-03-21 00:00:00,000
5038;2024-02-13 00:00:00,000;"L001";"S10037";20;304;304;2024-02-14 00:00:00,000;2024-02-19 00:00:00,000;5015;2024-03-21 00:00:00,000
5095;2024-02-19 00:00:00,000;"L001";"S10037";25;303;303;2024-02-22 00:00:00,000;2024-02-27 00:00:00,000;5111;2024-03-28 00:00:00,000
5124;2024-02-20 00:00:00,000;"L001";"S10037";135;267;267;2024-02-26 00:00:00,000;2024-02-29 00:00:00,000;5147;2024-03-28 00:00:00,000
5154;2024-02-21 00:00:00,000;"L001";"S10037";55;302;302;2024-02-26 00:00:00,000;2024-03-04 00:00:00,000;5173;2024-04-04 00:00:00,000
5170;2024-02-22 00:00:00,000;"L001";"S10037";60;318;318;2024-02-23 00:00:00,000;2024-02-28 00:00:00,000;5139;2024-03-28 00:00:00,000
5227;2024-02-28 00:00:00,000;"L001";"S10037";155;296;296;2024-03-04 00:00:00,000;2024-03-07 00:00:00,000;5231;2024-04-04 00:00:00,000
5247;2024-02-29 00:00:00,000;"L001";"S10037";45;304;304;2024-03-04 00:00:00,000;2024-03-08 00:00:00,000;5249;2024-04-04 00:00:00,000
5324;2024-03-07 00:00:00,000;"L001";"S10037";10;29;29;2024-03-08 00:00:00,000;2024-03-11 00:00:00,000;5286;2024-04-11 00:00:00,000
5355;2024-03-11 00:00:00,000;"L001";"S10037";60;318;318;2024-03-14 00:00:00,000;2024-03-19 00:00:00,000;5360;2024-04-18 00:00:00,000
5399;2024-03-13 00:00:00,000;"L001";"S10037";10;303;303;2024-03-15 00:00:00,000;2024-03-19 00:00:00,000;5369;2024-04-18 00:00:00,000
5551;2024-03-25 00:00:00,000;"L001";"S10037";90;304;304;2024-03-26 00:00:00,000;2024-04-02 00:00:00,000;5551;2024-05-02 00:00:00,000
5613;2024-03-28 00:00:00,000;"L001";"S10037";85;325;325;2024-03-29 00:00:00,000;2024-04-02 00:00:00,000;5579;2024-05-02 00:00:00,000
5648;2024-03-29 00:00:00,000;"L001";"S10037";50;341;341;2024-04-03 00:00:00,000;2024-04-08 00:00:00,000;5648;2024-05-16 00:00:00,000
5673;2024-04-03 00:00:00,000;"L001";"S10037";40;303;303;2024-04-08 00:00:00,000;2024-04-12 00:00:00,000;5684;2024-05-16 00:00:00,000
5731;2024-04-09 00:00:00,000;"L001";"S10037";195;284;284;2024-04-12 00:00:00,000;2024-04-15 00:00:00,000;5713;2024-05-16 00:00:00,000
5929;2024-04-24 00:00:00,000;"L001";"S10037";40;272;272;2024-04-29 00:00:00,000;2024-05-02 00:00:00,000;5935;2024-05-30 00:00:00,000
5958;2024-04-25 00:00:00,000;"L001";"S10037";15;305;305;2024-04-29 00:00:00,000;2024-04-30 00:00:00,000;5906;2024-05-30 00:00:00,000
5992;2024-04-29 00:00:00,000;"L001";"S10037";105;328;328;2024-05-01 00:00:00,000;2024-05-08 00:00:00,000;6008;2024-06-06 00:00:00,000
6025;2024-05-01 00:00:00,000;"L001";"S10037";40;349;349;2024-05-06 00:00:00,000;2024-05-13 00:00:00,000;6053;2024-06-13 00:00:00,000
6050;2024-05-02 00:00:00,000;"L001";"S10037";45;297;297;2024-05-06 00:00:00,000;2024-05-10 00:00:00,000;6042;2024-06-06 00:00:00,000
6140;2024-05-13 00:00:00,000;"L001";"S10037";30;342;342;2024-05-17 00:00:00,000;2024-05-21 00:00:00,000;6138;2024-06-20 00:00:00,000
6161;2024-05-14 00:00:00,000;"L001";"S10037";60;332;332;2024-05-21 00:00:00,000;2024-05-21 00:00:00,000;6150;2024-06-20 00:00:00,000
6255;2024-05-23 00:00:00,000;"L001";"S10037";90;322;322;2024-05-24 00:00:00,000;2024-05-28 00:00:00,000;6224;2024-06-27 00:00:00,000
6302;2024-05-27 00:00:00,000;"L001";"S10037";35;35;35;2024-05-30 00:00:00,000;2024-06-03 00:00:00,000;6297;2024-07-04 00:00:00,000
6324;2024-05-28 00:00:00,000;"L001";"S10037";160;316;316;2024-05-29 00:00:00,000;2024-05-31 00:00:00,000;6269;2024-06-27 00:00:00,000
6339;2024-05-29 00:00:00,000;"L001";"S10037";60;266;266;2024-05-30 00:00:00,000;2024-06-06 00:00:00,000;6344;2024-07-04 00:00:00,000
6409;2024-06-05 00:00:00,000;"L001";"S10037";10;34;34;2024-06-10 00:00:00,000;2024-06-12 00:00:00,000;6401;2024-07-11 00:00:00,000
6479;2024-06-12 00:00:00,000;"L001";"S10037";80;301;301;2024-06-14 00:00:00,000;2024-06-20 00:00:00,000;6488;2024-07-18 00:00:00,000
6520;2024-06-14 00:00:00,000;"L001";"S10037";25;265;265;2024-06-17 00:00:00,000;2024-06-18 00:00:00,000;6463;2024-07-18 00:00:00,000
6543;2024-06-17 00:00:00,000;"L001";"S10037";75;305;305;2024-06-19 00:00:00,000;2024-06-26 00:00:00,000;6572;2024-07-25 00:00:00,000
6585;2024-06-19 00:00:00,000;"L001";"S10037";85;321;321;2024-06-21 00:00:00,000;2024-06-27 00:00:00,000;6590;2024-07-25 00:00:00,000
6631;2024-06-21 00:00:00,000;"L001";"S10037";205;287;287;2024-06-25 00:00:00,000;2024-06-28 00:00:00,000;6616;2024-07-25 00:00:00,000
6709;2024-06-27 00:00:00,000;"L001";"S10037";55;274;274;2024-06-28 00:00:00,000;2024-07-03 00:00:00,000;6685;2024-08-01 00:00:00,000
6758;2024-07-01 00:00:00,000;"L001";"S10037";375;315;315;2024-07-04 00:00:00,000;2024-07-08 00:00:00,000;6746;2024-08-08 00:00:00,000
6800;2024-07-04 00:00:00,000;"L001";"S10037";75;285;285;2024-07-08 00:00:00,000;2024-07-12 00:00:00,000;6802;2024-08-08 00:00:00,000
6844;2024-07-09 00:00:00,000;"L001";"S10037";145;344;344;2024-07-11 00:00:00,000;2024-07-15 00:00:00,000;6826;2024-08-15 00:00:00,000
6889;2024-07-11 00:00:00,000;"L001";"S10037";15;27;27;2024-07-15 00:00:00,000;2024-07-22 00:00:00,000;6908;2024-08-22 00:00:00,000
6915;2024-07-12 00:00:00,000;"L001";"S10037";40;278;278;2024-07-17 00:00:00,000;2024-07-22 00:00:00,000;6919;2024-08-22 00:00:00,000
6945;2024-07-15 00:00:00,000;"L001";"S10037";40;339;339;2024-07-17 00:00:00,000;2024-07-22 00:00:00,000;6931;2024-08-22 00:00:00,000
6975;2024-07-16 00:00:00,000;"L001";"S10037";70;286;286;2024-07-19 00:00:00,000;2024-07-24 00:00:00,000;6976;2024-08-22 00:00:00,000
6991;2024-07-17 00:00:00,000;"L001";"S10037";15;322;322;2024-07-19 00:00:00,000;2024-07-26 00:00:00,000;7013;2024-08-22 00:00:00,000
7013;2024-07-18 00:00:00,000;"L001";"S10037";30;319;319;2024-07-22 00:00:00,000;2024-07-22 00:00:00,000;6945;2024-08-22 00:00:00,000
7032;2024-07-19 00:00:00,000;"L001";"S10037";50;304;304;2024-07-22 00:00:00,000;2024-07-29 00:00:00,000;7037;2024-08-29 00:00:00,000
7089;2024-07-24 00:00:00,000;"L001";"S10037";15;32;32;2024-07-25 00:00:00,000;2024-07-31 00:00:00,000;7078;2024-08-29 00:00:00,000
7113;2024-07-25 00:00:00,000;"L001";"S10037";60;304;304;2024-07-29 00:00:00,000;2024-08-01 00:00:00,000;7101;2024-08-29 00:00:00,000
7131;2024-07-26 00:00:00,000;"L001";"S10037";90;315;315;2024-07-30 00:00:00,000;2024-08-05 00:00:00,000;7133;2024-09-05 00:00:00,000
7213;2024-08-02 00:00:00,000;"L001";"S10037";125;305;305;2024-08-05 00:00:00,000;2024-08-12 00:00:00,000;7215;2024-09-12 00:00:00,000
7242;2024-08-06 00:00:00,000;"L001";"S10037";70;333;333;2024-08-12 00:00:00,000;2024-08-14 00:00:00,000;7245;2024-09-12 00:00:00,000
7269;2024-08-07 00:00:00,000;"L001";"S10037";275;29;29;2024-08-12 00:00:00,000;2024-08-14 00:00:00,000;7252;2024-09-12 00:00:00,000
7350;2024-08-14 00:00:00,000;"L001";"S10037";145;305;305;2024-08-15 00:00:00,000;2024-08-19 00:00:00,000;7327;2024-09-19 00:00:00,000
7370;2024-08-15 00:00:00,000;"L001";"S10037";10;303;303;2024-08-19 00:00:00,000;2024-08-21 00:00:00,000;7342;2024-09-19 00:00:00,000
7434;2024-08-22 00:00:00,000;"L001";"S10037";35;301;301;2024-08-26 00:00:00,000;2024-09-02 00:00:00,000;7451;2024-10-03 00:00:00,000
7455;2024-08-23 00:00:00,000;"L001";"S10037";10;288;288;2024-08-27 00:00:00,000;2024-08-29 00:00:00,000;7440;2024-09-26 00:00:00,000
7559;2024-09-03 00:00:00,000;"L001";"S10037";60;293;293;2024-09-06 00:00:00,000;2024-09-12 00:00:00,000;7578;2024-10-10 00:00:00,000
7582;2024-09-04 00:00:00,000;"L001";"S10037";225;265;265;2024-09-09 00:00:00,000;2024-09-16 00:00:00,000;7608;2024-10-17 00:00:00,000
7606;2024-09-05 00:00:00,000;"L001";"S10037";25;3;3;2024-09-06 00:00:00,000;2024-09-09 00:00:00,000;7553;2024-10-10 00:00:00,000
7647;2024-09-10 00:00:00,000;"L001";"S10037";25;304;304;2024-09-16 00:00:00,000;2024-09-23 00:00:00,000;7677;2024-10-24 00:00:00,000
7676;2024-09-12 00:00:00,000;"L001";"S10037";25;288;288;2024-09-16 00:00:00,000;2024-09-23 00:00:00,000;7685;2024-10-24 00:00:00,000
7752;2024-09-19 00:00:00,000;"L001";"S10037";80;291;291;2024-09-23 00:00:00,000;2024-09-23 00:00:00,000;7700;2024-10-24 00:00:00,000
7789;2024-09-23 00:00:00,000;"L001";"S10037";10;34;34;2024-09-24 00:00:00,000;2024-10-01 00:00:00,000;7803;2024-10-31 00:00:00,000
7812;2024-09-24 00:00:00,000;"L001";"S10037";30;299;299;2024-09-30 00:00:00,000;2024-10-03 00:00:00,000;7834;2024-10-31 00:00:00,000
7902;2024-10-01 00:00:00,000;"L001";"S10037";120;304;304;2024-10-07 00:00:00,000;2024-10-11 00:00:00,000;7928;2024-11-07 00:00:00,000
7928;2024-10-02 00:00:00,000;"L001";"S10037";55;334;334;2024-10-03 00:00:00,000;2024-10-07 00:00:00,000;7886;2024-11-07 00:00:00,000
7953;2024-10-04 00:00:00,000;"L001";"S10037";25;328;328;2024-10-07 00:00:00,000;2024-10-14 00:00:00,000;7953;2024-11-14 00:00:00,000
8097;2024-10-17 00:00:00,000;"L001";"S10037";30;286;286;2024-10-21 00:00:00,000;2024-10-24 00:00:00,000;8088;2024-11-21 00:00:00,000
8124;2024-10-18 00:00:00,000;"L001";"S10037";80;332;332;2024-10-21 00:00:00,000;2024-10-23 00:00:00,000;8076;2024-11-21 00:00:00,000
8141;2024-10-21 00:00:00,000;"L001";"S10037";15;304;304;2024-10-25 00:00:00,000;2024-10-30 00:00:00,000;8157;2024-11-28 00:00:00,000
8185;2024-10-24 00:00:00,000;"L001";"S10037";60;316;316;2024-10-28 00:00:00,000;2024-10-31 00:00:00,000;8177;2024-11-28 00:00:00,000
8264;2024-11-01 00:00:00,000;"L001";"S10037";65;323;323;2024-11-05 00:00:00,000;2024-11-11 00:00:00,000;8268;2024-12-12 00:00:00,000
8297;2024-11-05 00:00:00,000;"L001";"S10037";70;318;318;2024-11-08 00:00:00,000;2024-11-13 00:00:00,000;8302;2024-12-12 00:00:00,000
8361;2024-11-11 00:00:00,000;"L001";"S10037";50;32;32;2024-11-14 00:00:00,000;2024-11-18 00:00:00,000;8355;2024-12-19 00:00:00,000
8396;2024-11-13 00:00:00,000;"L001";"S10037";15;304;304;2024-11-18 00:00:00,000;2024-11-21 00:00:00,000;8402;2024-12-19 00:00:00,000
8412;2024-11-14 00:00:00,000;"L001";"S10037";25;287;287;2024-11-15 00:00:00,000;2024-11-18 00:00:00,000;8368;2024-12-19 00:00:00,000
8421;2024-11-15 00:00:00,000;"L001";"S10037";30;316;316;2024-11-19 00:00:00,000;2024-11-21 00:00:00,000;8408;2024-12-19 00:00:00,000
8444;2024-11-19 00:00:00,000;"L001";"S10037";85;332;332;2024-11-22 00:00:00,000;2024-11-27 00:00:00,000;8455;1900-01-01 00:00:00,000
8486;2024-11-21 00:00:00,000;"L001";"S10037";50;301;301;2024-11-22 00:00:00,000;2024-11-29 00:00:00,000;8483;1900-01-01 00:00:00,000
8508;2024-11-22 00:00:00,000;"L001";"S10037";70;351;351;2024-11-27 00:00:00,000;2024-12-02 00:00:00,000;8511;1900-01-01 00:00:00,000
8529;2024-11-25 00:00:00,000;"L001";"S10037";15;318;318;2024-11-28 00:00:00,000;2024-12-02 00:00:00,000;8521;1900-01-01 00:00:00,000
8553;2024-11-26 00:00:00,000;"L001";"S10037";80;271;271;2024-12-02 00:00:00,000;2024-12-02 00:00:00,000;8527;1900-01-01 00:00:00,000
8574;2024-11-27 00:00:00,000;"L001";"S10037";60;315;315;2024-12-02 00:00:00,000;2024-12-04 00:00:00,000;8559;1900-01-01 00:00:00,000
8659;2024-12-04 00:00:00,000;"L001";"S10037";45;355;355;2024-12-06 00:00:00,000;2024-12-12 00:00:00,000;8669;1900-01-01 00:00:00,000
8744;2024-12-11 00:00:00,000;"L001";"S10037";30;302;302;2024-12-13 00:00:00,000;2024-12-17 00:00:00,000;8731;1900-01-01 00:00:00,000
8792;2024-12-13 00:00:00,000;"L001";"S10037";70;278;278;2024-12-16 00:00:00,000;2024-12-18 00:00:00,000;8739;1900-01-01 00:00:00,000
8834;2024-12-17 00:00:00,000;"L001";"S10037";55;282;282;2024-12-18 00:00:00,000;2024-12-23 00:00:00,000;8809;1900-01-01 00:00:00,000
8850;2024-12-18 00:00:00,000;"L001";"S10037";15;337;337;2024-12-23 00:00:00,000;2024-12-30 00:00:00,000;8875;1900-01-01 00:00:00,000
8863;2024-12-19 00:00:00,000;"L001";"S10037";45;324;324;2024-12-23 00:00:00,000;2024-12-27 00:00:00,000;8856;1900-01-01 00:00:00,000
8922;2024-12-24 00:00:00,000;"L001";"S10037";110;275;275;2024-12-27 00:00:00,000;2024-12-30 00:00:00,000;8904;1900-01-01 00:00:00,000
4141;2023-11-28 00:00:00,000;"L001";"A10019";25;136;136;2023-11-29 00:00:00,000;2023-12-04 00:00:00,000;4126;2024-01-04 00:00:00,000
4163;2023-11-29 00:00:00,000;"L001";"A10019";20;137;137;2023-12-04 00:00:00,000;2023-12-07 00:00:00,000;4175;2024-01-04 00:00:00,000
4206;2023-12-01 00:00:00,000;"L001";"A10019";80;139;139;2023-12-04 00:00:00,000;2023-12-11 00:00:00,000;4216;2024-01-11 00:00:00,000
4228;2023-12-04 00:00:00,000;"L001";"A10019";100;143;143;2023-12-05 00:00:00,000;2023-12-11 00:00:00,000;4225;2024-01-11 00:00:00,000
4245;2023-12-05 00:00:00,000;"L001";"A10019";15;145;145;2023-12-06 00:00:00,000;2023-12-11 00:00:00,000;4233;2024-01-11 00:00:00,000
4303;2023-12-11 00:00:00,000;"L001";"A10019";40;13;13;2023-12-13 00:00:00,000;2023-12-18 00:00:00,000;4299;2024-01-18 00:00:00,000
4353;2023-12-14 00:00:00,000;"L001";"A10019";165;141;141;2023-12-18 00:00:00,000;2023-12-27 00:00:00,000;4369;2024-01-25 00:00:00,000
4474;2023-12-27 00:00:00,000;"L001";"A10019";95;139;139;2023-12-28 00:00:00,000;2024-01-02 00:00:00,000;4467;2024-02-01 00:00:00,000
4555;2024-01-04 00:00:00,000;"L001";"A10019";25;132;132;2024-01-05 00:00:00,000;2024-01-08 00:00:00,000;4519;2024-02-08 00:00:00,000
4575;2024-01-05 00:00:00,000;"L001";"A10019";15;141;141;2024-01-08 00:00:00,000;2024-01-12 00:00:00,000;4572;2024-02-08 00:00:00,000
4629;2024-01-10 00:00:00,000;"L001";"A10019";80;135;135;2024-01-11 00:00:00,000;2024-01-15 00:00:00,000;4595;2024-02-15 00:00:00,000
4675;2024-01-12 00:00:00,000;"L001";"A10019";55;129;129;2024-01-15 00:00:00,000;2024-01-18 00:00:00,000;4645;2024-02-15 00:00:00,000
4689;2024-01-15 00:00:00,000;"L001";"A10019";75;154;154;2024-01-18 00:00:00,000;2024-01-23 00:00:00,000;4701;2024-02-22 00:00:00,000
4805;2024-01-24 00:00:00,000;"L001";"A10019";10;134;134;2024-01-25 00:00:00,000;2024-01-30 00:00:00,000;4783;2024-02-29 00:00:00,000
4816;2024-01-25 00:00:00,000;"L001";"A10019";30;127;127;2024-01-29 00:00:00,000;2024-02-02 00:00:00,000;4814;2024-02-29 00:00:00,000
4832;2024-01-26 00:00:00,000;"L001";"A10019";20;142;142;2024-01-29 00:00:00,000;2024-02-05 00:00:00,000;4836;2024-03-07 00:00:00,000
4872;2024-01-30 00:00:00,000;"L001";"A10019";75;127;127;2024-02-05 00:00:00,000;2024-02-07 00:00:00,000;4877;2024-03-07 00:00:00,000
4896;2024-02-01 00:00:00,000;"L001";"A10019";10;136;136;2024-02-02 00:00:00,000;2024-02-06 00:00:00,000;4870;2024-03-07 00:00:00,000
4942;2024-02-06 00:00:00,000;"L001";"A10019";30;123;123;2024-02-07 00:00:00,000;2024-02-12 00:00:00,000;4930;2024-03-14 00:00:00,000
4978;2024-02-08 00:00:00,000;"L001";"A10019";85;134;134;2024-02-12 00:00:00,000;2024-02-19 00:00:00,000;4990;2024-03-21 00:00:00,000
5007;2024-02-12 00:00:00,000;"L001";"A10019";35;142;142;2024-02-14 00:00:00,000;2024-02-19 00:00:00,000;5003;2024-03-21 00:00:00,000
5032;2024-02-13 00:00:00,000;"L001";"A10019";20;141;141;2024-02-14 00:00:00,000;2024-02-19 00:00:00,000;5014;2024-03-21 00:00:00,000
5090;2024-02-19 00:00:00,000;"L001";"A10019";220;15;15;2024-02-22 00:00:00,000;2024-02-26 00:00:00,000;5081;2024-03-28 00:00:00,000
5113;2024-02-20 00:00:00,000;"L001";"A10019";45;159;159;2024-02-21 00:00:00,000;2024-02-26 00:00:00,000;5091;2024-03-28 00:00:00,000
5142;2024-02-21 00:00:00,000;"L001";"A10019";95;119;119;2024-02-22 00:00:00,000;2024-02-27 00:00:00,000;5121;2024-03-28 00:00:00,000
5177;2024-02-23 00:00:00,000;"L001";"A10019";90;149;149;2024-02-27 00:00:00,000;2024-03-04 00:00:00,000;5180;2024-04-04 00:00:00,000
5218;2024-02-28 00:00:00,000;"L001";"A10019";60;132;132;2024-03-04 00:00:00,000;2024-03-06 00:00:00,000;5217;2024-04-04 00:00:00,000
5335;2024-03-08 00:00:00,000;"L001";"A10019";30;12;12;2024-03-11 00:00:00,000;2024-03-12 00:00:00,000;5301;2024-04-11 00:00:00,000
5349;2024-03-11 00:00:00,000;"L001";"A10019";20;135;135;2024-03-14 00:00:00,000;2024-03-18 00:00:00,000;5346;2024-04-18 00:00:00,000
5371;2024-03-12 00:00:00,000;"L001";"A10019";80;144;144;2024-03-15 00:00:00,000;2024-03-21 00:00:00,000;5398;2024-04-18 00:00:00,000
5392;2024-03-13 00:00:00,000;"L001";"A10019";105;145;145;2024-03-18 00:00:00,000;2024-03-19 00:00:00,000;5368;2024-04-18 00:00:00,000
5508;2024-03-21 00:00:00,000;"L001";"A10019";20;12;12;2024-03-22 00:00:00,000;2024-03-26 00:00:00,000;5474;2024-04-25 00:00:00,000
5524;2024-03-22 00:00:00,000;"L001";"A10019";35;124;124;2024-03-26 00:00:00,000;2024-04-02 00:00:00,000;5533;2024-05-02 00:00:00,000
5564;2024-03-26 00:00:00,000;"L001";"A10019";20;133;133;2024-03-28 00:00:00,000;2024-04-02 00:00:00,000;5560;2024-05-02 00:00:00,000
5605;2024-03-28 00:00:00,000;"L001";"A10019";35;144;144;2024-04-02 00:00:00,000;2024-04-09 00:00:00,000;5663;2024-05-16 00:00:00,000
5639;2024-03-29 00:00:00,000;"L001";"A10019";55;13;13;2024-04-03 00:00:00,000;2024-04-09 00:00:00,000;5665;2024-05-16 00:00:00,000
5662;2024-04-02 00:00:00,000;"L001";"A10019";95;151;151;2024-04-04 00:00:00,000;2024-04-08 00:00:00,000;5656;2024-05-16 00:00:00,000
5725;2024-04-09 00:00:00,000;"L001";"A10019";60;134;134;2024-04-12 00:00:00,000;2024-04-17 00:00:00,000;5747;2024-05-16 00:00:00,000
5774;2024-04-11 00:00:00,000;"L001";"A10019";70;146;146;2024-04-15 00:00:00,000;2024-04-19 00:00:00,000;5775;2024-05-16 00:00:00,000
5793;2024-04-12 00:00:00,000;"L001";"A10019";10;124;124;2024-04-15 00:00:00,000;2024-04-19 00:00:00,000;5779;2024-05-16 00:00:00,000
5810;2024-04-15 00:00:00,000;"L001";"A10019";55;142;142;2024-04-19 00:00:00,000;2024-04-24 00:00:00,000;5824;2024-05-23 00:00:00,000
5861;2024-04-19 00:00:00,000;"L001";"A10019";70;131;131;2024-04-23 00:00:00,000;2024-04-29 00:00:00,000;5867;2024-05-30 00:00:00,000
5882;2024-04-22 00:00:00,000;"L001";"A10019";165;141;141;2024-04-29 00:00:00,000;2024-05-02 00:00:00,000;5925;2024-05-30 00:00:00,000
5923;2024-04-24 00:00:00,000;"L001";"A10019";90;131;131;2024-04-29 00:00:00,000;2024-05-02 00:00:00,000;5934;2024-05-30 00:00:00,000
5949;2024-04-25 00:00:00,000;"L001";"A10019";90;132;132;2024-04-29 00:00:00,000;2024-05-01 00:00:00,000;5921;2024-05-30 00:00:00,000
5984;2024-04-29 00:00:00,000;"L001";"A10019";90;14;14;2024-04-30 00:00:00,000;2024-05-06 00:00:00,000;5982;2024-06-06 00:00:00,000
6021;2024-05-01 00:00:00,000;"L001";"A10019";80;152;152;2024-05-06 00:00:00,000;2024-05-07 00:00:00,000;6000;2024-06-06 00:00:00,000
6064;2024-05-06 00:00:00,000;"L001";"A10019";45;126;126;2024-05-13 00:00:00,000;2024-05-17 00:00:00,000;6100;2024-06-13 00:00:00,000
6092;2024-05-08 00:00:00,000;"L001";"A10019";55;14;14;2024-05-13 00:00:00,000;2024-05-21 00:00:00,000;6117;2024-06-20 00:00:00,000
6190;2024-05-16 00:00:00,000;"L001";"A10019";20;132;132;2024-05-17 00:00:00,000;2024-05-23 00:00:00,000;6178;2024-06-20 00:00:00,000
6203;2024-05-17 00:00:00,000;"L001";"A10019";35;15;15;2024-05-21 00:00:00,000;2024-05-24 00:00:00,000;6193;2024-06-20 00:00:00,000
6216;2024-05-21 00:00:00,000;"L001";"A10019";15;13;13;2024-05-23 00:00:00,000;2024-05-27 00:00:00,000;6211;2024-06-27 00:00:00,000
6296;2024-05-27 00:00:00,000;"L001";"A10019";60;121;121;2024-05-30 00:00:00,000;2024-06-04 00:00:00,000;6312;2024-07-04 00:00:00,000
6319;2024-05-28 00:00:00,000;"L001";"A10019";95;136;136;2024-05-31 00:00:00,000;2024-06-05 00:00:00,000;6330;2024-07-04 00:00:00,000
6337;2024-05-29 00:00:00,000;"L001";"A10019";15;153;153;2024-05-30 00:00:00,000;2024-06-03 00:00:00,000;6307;2024-07-04 00:00:00,000
6419;2024-06-06 00:00:00,000;"L001";"A10019";30;13;13;2024-06-11 00:00:00,000;2024-06-18 00:00:00,000;6450;2024-07-18 00:00:00,000
6436;2024-06-10 00:00:00,000;"L001";"A10019";90;142;142;2024-06-14 00:00:00,000;2024-06-21 00:00:00,000;6500;2024-07-18 00:00:00,000
6469;2024-06-12 00:00:00,000;"L001";"A10019";55;12;12;2024-06-14 00:00:00,000;2024-06-20 00:00:00,000;6486;2024-07-18 00:00:00,000
6511;2024-06-14 00:00:00,000;"L001";"A10019";20;158;158;2024-06-17 00:00:00,000;2024-06-19 00:00:00,000;6478;2024-07-18 00:00:00,000
6620;2024-06-21 00:00:00,000;"L001";"A10019";250;14;14;2024-06-24 00:00:00,000;2024-06-25 00:00:00,000;6569;2024-07-25 00:00:00,000
6684;2024-06-26 00:00:00,000;"L001";"A10019";20;123;123;2024-06-28 00:00:00,000;2024-07-02 00:00:00,000;6663;2024-08-01 00:00:00,000
6745;2024-07-01 00:00:00,000;"L001";"A10019";145;123;123;2024-07-08 00:00:00,000;2024-07-12 00:00:00,000;6794;2024-08-08 00:00:00,000
6784;2024-07-03 00:00:00,000;"L001";"A10019";30;14;14;2024-07-08 00:00:00,000;2024-07-11 00:00:00,000;6784;2024-08-08 00:00:00,000
6796;2024-07-04 00:00:00,000;"L001";"A10019";15;135;135;2024-07-08 00:00:00,000;2024-07-11 00:00:00,000;6788;2024-08-08 00:00:00,000
6810;2024-07-05 00:00:00,000;"L001";"A10019";25;135;135;2024-07-09 00:00:00,000;2024-07-15 00:00:00,000;6811;2024-08-15 00:00:00,000
6836;2024-07-09 00:00:00,000;"L001";"A10019";15;128;128;2024-07-15 00:00:00,000;2024-07-19 00:00:00,000;6875;2024-08-15 00:00:00,000
6859;2024-07-10 00:00:00,000;"L001";"A10019";15;124;124;2024-07-15 00:00:00,000;2024-07-18 00:00:00,000;6863;2024-08-15 00:00:00,000
6906;2024-07-12 00:00:00,000;"L001";"A10019";95;155;155;2024-07-15 00:00:00,000;2024-07-19 00:00:00,000;6889;2024-08-15 00:00:00,000
6935;2024-07-15 00:00:00,000;"L001";"A10019";25;134;134;2024-07-17 00:00:00,000;2024-07-23 00:00:00,000;6949;2024-08-22 00:00:00,000
7081;2024-07-24 00:00:00,000;"L001";"A10019";30;134;134;2024-07-26 00:00:00,000;2024-07-31 00:00:00,000;7077;2024-08-29 00:00:00,000
7106;2024-07-25 00:00:00,000;"L001";"A10019";10;134;134;2024-07-26 00:00:00,000;2024-07-30 00:00:00,000;7069;2024-08-29 00:00:00,000
7297;2024-08-09 00:00:00,000;"L001";"A10019";20;15;15;2024-08-12 00:00:00,000;2024-08-19 00:00:00,000;7302;2024-09-19 00:00:00,000
7344;2024-08-14 00:00:00,000;"L001";"A10019";15;158;158;2024-08-19 00:00:00,000;2024-08-26 00:00:00,000;7370;2024-09-26 00:00:00,000
7365;2024-08-15 00:00:00,000;"L001";"A10019";15;141;141;2024-08-20 00:00:00,000;2024-08-26 00:00:00,000;7378;2024-09-26 00:00:00,000
7381;2024-08-16 00:00:00,000;"L001";"A10019";90;143;143;2024-08-19 00:00:00,000;2024-08-26 00:00:00,000;7383;2024-09-26 00:00:00,000
7429;2024-08-22 00:00:00,000;"L001";"A10019";60;143;143;2024-08-26 00:00:00,000;2024-09-02 00:00:00,000;7448;2024-10-03 00:00:00,000
7448;2024-08-23 00:00:00,000;"L001";"A10019";100;141;141;2024-08-26 00:00:00,000;2024-08-29 00:00:00,000;7438;2024-09-26 00:00:00,000
7497;2024-08-28 00:00:00,000;"L001";"A10019";35;13;13;2024-08-30 00:00:00,000;2024-09-04 00:00:00,000;7496;2024-10-03 00:00:00,000
7599;2024-09-05 00:00:00,000;"L001";"A10019";15;141;141;2024-09-09 00:00:00,000;2024-09-16 00:00:00,000;7615;2024-10-17 00:00:00,000
7641;2024-09-10 00:00:00,000;"L001";"A10019";35;123;123;2024-09-16 00:00:00,000;2024-09-18 00:00:00,000;7648;2024-10-17 00:00:00,000
7721;2024-09-18 00:00:00,000;"L001";"A10019";40;142;142;2024-09-23 00:00:00,000;2024-09-25 00:00:00,000;7718;2024-10-24 00:00:00,000
7762;2024-09-20 00:00:00,000;"L001";"A10019";15;141;141;2024-09-23 00:00:00,000;2024-09-25 00:00:00,000;7727;2024-10-24 00:00:00,000
7779;2024-09-23 00:00:00,000;"L001";"A10019";115;125;125;2024-09-27 00:00:00,000;2024-09-30 00:00:00,000;7781;2024-10-31 00:00:00,000
7848;2024-09-26 00:00:00,000;"L001";"A10019";10;154;154;2024-10-01 00:00:00,000;2024-10-07 00:00:00,000;7866;2024-11-07 00:00:00,000
7891;2024-10-01 00:00:00,000;"L001";"A10019";95;133;133;2024-10-04 00:00:00,000;2024-10-09 00:00:00,000;7901;2024-11-07 00:00:00,000
7919;2024-10-02 00:00:00,000;"L001";"A10019";165;142;142;2024-10-07 00:00:00,000;2024-10-11 00:00:00,000;7931;2024-11-07 00:00:00,000
7961;2024-10-07 00:00:00,000;"L001";"A10019";40;124;124;2024-10-09 00:00:00,000;2024-10-14 00:00:00,000;7957;2024-11-14 00:00:00,000
8015;2024-10-11 00:00:00,000;"L001";"A10019";60;142;142;2024-10-14 00:00:00,000;2024-10-16 00:00:00,000;7991;2024-11-14 00:00:00,000
8030;2024-10-14 00:00:00,000;"L001";"A10019";95;135;135;2024-10-16 00:00:00,000;2024-10-21 00:00:00,000;8027;2024-11-21 00:00:00,000
8063;2024-10-16 00:00:00,000;"L001";"A10019";95;131;131;2024-10-17 00:00:00,000;2024-10-21 00:00:00,000;8035;2024-11-21 00:00:00,000
8231;2024-10-30 00:00:00,000;"L001";"A10019";25;155;155;2024-11-01 00:00:00,000;2024-11-06 00:00:00,000;8227;2024-12-05 00:00:00,000
8289;2024-11-05 00:00:00,000;"L001";"A10019";100;122;122;2024-11-11 00:00:00,000;2024-11-13 00:00:00,000;8300;2024-12-12 00:00:00,000
8311;2024-11-06 00:00:00,000;"L001";"A10019";35;148;148;2024-11-11 00:00:00,000;2024-11-18 00:00:00,000;8337;2024-12-19 00:00:00,000
8338;2024-11-08 00:00:00,000;"L001";"A10019";55;134;134;2024-11-12 00:00:00,000;2024-11-18 00:00:00,000;8347;2024-12-19 00:00:00,000
8357;2024-11-11 00:00:00,000;"L001";"A10019";45;153;153;2024-11-12 00:00:00,000;2024-11-18 00:00:00,000;8352;2024-12-19 00:00:00,000
8440;2024-11-19 00:00:00,000;"L001";"A10019";140;151;151;2024-11-21 00:00:00,000;2024-11-25 00:00:00,000;8430;1900-01-01 00:00:00,000
8458;2024-11-20 00:00:00,000;"L001";"A10019";50;154;154;2024-11-22 00:00:00,000;2024-11-27 00:00:00,000;8457;1900-01-01 00:00:00,000
8478;2024-11-21 00:00:00,000;"L001";"A10019";10;141;141;2024-11-26 00:00:00,000;2024-12-02 00:00:00,000;8501;1900-01-01 00:00:00,000
8502;2024-11-22 00:00:00,000;"L001";"A10019";90;128;128;2024-11-25 00:00:00,000;2024-11-29 00:00:00,000;8490;1900-01-01 00:00:00,000
8543;2024-11-26 00:00:00,000;"L001";"A10019";30;135;135;2024-12-02 00:00:00,000;2024-12-05 00:00:00,000;8567;1900-01-01 00:00:00,000
8569;2024-11-27 00:00:00,000;"L001";"A10019";30;117;117;2024-12-02 00:00:00,000;2024-12-06 00:00:00,000;8587;1900-01-01 00:00:00,000
8590;2024-11-28 00:00:00,000;"L001";"A10019";100;144;144;2024-12-03 00:00:00,000;2024-12-09 00:00:00,000;8603;1900-01-01 00:00:00,000
8630;2024-12-03 00:00:00,000;"L001";"A10019";25;133;133;2024-12-06 00:00:00,000;2024-12-12 00:00:00,000;8665;1900-01-01 00:00:00,000
8691;2024-12-06 00:00:00,000;"L001";"A10019";25;144;144;2024-12-09 00:00:00,000;2024-12-16 00:00:00,000;8700;1900-01-01 00:00:00,000
8824;2024-12-17 00:00:00,000;"L001";"A10019";70;126;126;2024-12-18 00:00:00,000;2024-12-23 00:00:00,000;8802;1900-01-01 00:00:00,000
8915;2024-12-24 00:00:00,000;"L001";"A10019";165;136;0;2024-12-27 00:00:00,000;1900-01-01 00:00:00,000;0;1900-01-01 00:00:00,000
8941;2024-12-27 00:00:00,000;"L001";"A10019";125;141;0;2024-12-31 00:00:00,000;1900-01-01 00:00:00,000;0;1900-01-01 00:00:00,000
4113;2023-11-27 00:00:00,000;"L001";"A10003";80;82;82;2023-12-04 00:00:00,000;2023-12-06 00:00:00,000;4152;2024-01-04 00:00:00,000
4131;2023-11-28 00:00:00,000;"L001";"A10003";110;84;84;2023-12-04 00:00:00,000;2023-12-08 00:00:00,000;4183;2024-01-04 00:00:00,000
4157;2023-11-29 00:00:00,000;"L001";"A10003";20;84;84;2023-12-04 00:00:00,000;2023-12-05 00:00:00,000;4141;2024-01-04 00:00:00,000
4194;2023-12-01 00:00:00,000;"L001";"A10003";100;82;82;2023-12-04 00:00:00,000;2023-12-11 00:00:00,000;4210;2024-01-11 00:00:00,000
4238;2023-12-05 00:00:00,000;"L001";"A10003";40;85;85;2023-12-11 00:00:00,000;2023-12-18 00:00:00,000;4282;2024-01-18 00:00:00,000
4257;2023-12-06 00:00:00,000;"L001";"A10003";75;84;84;2023-12-07 00:00:00,000;2023-12-12 00:00:00,000;4243;2024-01-11 00:00:00,000
4294;2023-12-11 00:00:00,000;"L001";"A10003";35;84;84;2023-12-12 00:00:00,000;2023-12-18 00:00:00,000;4293;2024-01-18 00:00:00,000
4315;2023-12-12 00:00:00,000;"L001";"A10003";75;8;8;2023-12-14 00:00:00,000;2023-12-19 00:00:00,000;4317;2024-01-18 00:00:00,000
4334;2023-12-13 00:00:00,000;"L001";"A10003";20;79;79;2023-12-15 00:00:00,000;2023-12-21 00:00:00,000;4338;2024-01-18 00:00:00,000
4363;2023-12-15 00:00:00,000;"L001";"A10003";30;81;81;2023-12-19 00:00:00,000;2023-12-27 00:00:00,000;4372;2024-01-25 00:00:00,000
4374;2023-12-18 00:00:00,000;"L001";"A10003";20;82;82;2023-12-21 00:00:00,000;2023-12-27 00:00:00,000;4375;2024-01-25 00:00:00,000
4417;2023-12-20 00:00:00,000;"L001";"A10003";20;84;84;2023-12-27 00:00:00,000;2024-01-02 00:00:00,000;4449;2024-02-01 00:00:00,000
4435;2023-12-21 00:00:00,000;"L001";"A10003";140;84;84;2023-12-22 00:00:00,000;2023-12-28 00:00:00,000;4433;2024-01-25 00:00:00,000
4467;2023-12-27 00:00:00,000;"L001";"A10003";15;78;78;2023-12-29 00:00:00,000;2024-01-03 00:00:00,000;4474;2024-02-01 00:00:00,000
4501;2023-12-29 00:00:00,000;"L001";"A10003";65;89;89;2024-01-02 00:00:00,000;2024-01-03 00:00:00,000;4487;2024-02-01 00:00:00,000
4535;2024-01-03 00:00:00,000;"L001";"A10003";35;77;77;2024-01-05 00:00:00,000;2024-01-09 00:00:00,000;4529;2024-02-08 00:00:00,000
4547;2024-01-04 00:00:00,000;"L001";"A10003";55;8;8;2024-01-08 00:00:00,000;2024-01-15 00:00:00,000;4578;2024-02-15 00:00:00,000
4568;2024-01-05 00:00:00,000;"L001";"A10003";40;89;89;2024-01-08 00:00:00,000;2024-01-15 00:00:00,000;4583;2024-02-15 00:00:00,000
4594;2024-01-09 00:00:00,000;"L001";"A10003";100;71;71;2024-01-12 00:00:00,000;2024-01-15 00:00:00,000;4588;2024-02-15 00:00:00,000
4618;2024-01-10 00:00:00,000;"L001";"A10003";105;82;82;2024-01-15 00:00:00,000;2024-01-16 00:00:00,000;4602;2024-02-15 00:00:00,000
4648;2024-01-11 00:00:00,000;"L001";"A10003";135;9;9;2024-01-15 00:00:00,000;2024-01-19 00:00:00,000;4657;2024-02-15 00:00:00,000
4666;2024-01-12 00:00:00,000;"L001";"A10003";30;81;81;2024-01-15 00:00:00,000;2024-01-18 00:00:00,000;4642;2024-02-15 00:00:00,000
4706;2024-01-16 00:00:00,000;"L001";"A10003";185;9;9;2024-01-17 00:00:00,000;2024-01-22 00:00:00,000;4694;2024-02-22 00:00:00,000
4734;2024-01-19 00:00:00,000;"L001";"A10003";155;87;87;2024-01-22 00:00:00,000;2024-01-29 00:00:00,000;4742;2024-02-29 00:00:00,000
4773;2024-01-23 00:00:00,000;"L001";"A10003";250;84;84;2024-01-29 00:00:00,000;2024-01-31 00:00:00,000;4790;2024-02-29 00:00:00,000
4795;2024-01-24 00:00:00,000;"L001";"A10003";95;72;72;2024-01-29 00:00:00,000;2024-02-02 00:00:00,000;4810;2024-02-29 00:00:00,000
4826;2024-01-26 00:00:00,000;"L001";"A10003";35;91;91;2024-01-29 00:00:00,000;2024-01-31 00:00:00,000;4796;2024-02-29 00:00:00,000
4843;2024-01-29 00:00:00,000;"L001";"A10003";150;8;8;2024-02-02 00:00:00,000;2024-02-09 00:00:00,000;4895;2024-03-07 00:00:00,000
4867;2024-01-30 00:00:00,000;"L001";"A10003";35;92;92;2024-02-05 00:00:00,000;2024-02-12 00:00:00,000;4909;2024-03-14 00:00:00,000
4878;2024-01-31 00:00:00,000;"L001";"A10003";10;86;86;2024-02-01 00:00:00,000;2024-02-05 00:00:00,000;4857;2024-03-07 00:00:00,000
4891;2024-02-01 00:00:00,000;"L001";"A10003";65;85;85;2024-02-05 00:00:00,000;2024-02-09 00:00:00,000;4903;2024-03-07 00:00:00,000
4914;2024-02-05 00:00:00,000;"L001";"A10003";45;81;81;2024-02-07 00:00:00,000;2024-02-12 00:00:00,000;4915;2024-03-14 00:00:00,000
4950;2024-02-07 00:00:00,000;"L001";"A10003";25;85;85;2024-02-12 00:00:00,000;2024-02-19 00:00:00,000;4982;2024-03-21 00:00:00,000
4969;2024-02-08 00:00:00,000;"L001";"A10003";35;73;73;2024-02-12 00:00:00,000;2024-02-13 00:00:00,000;4944;2024-03-14 00:00:00,000
4986;2024-02-09 00:00:00,000;"L001";"A10003";55;71;71;2024-02-13 00:00:00,000;2024-02-19 00:00:00,000;4992;2024-03-21 00:00:00,000
4997;2024-02-12 00:00:00,000;"L001";"A10003";110;77;77;2024-02-14 00:00:00,000;2024-02-19 00:00:00,000;4997;2024-03-21 00:00:00,000
5043;2024-02-14 00:00:00,000;"L001";"A10003";90;87;87;2024-02-16 00:00:00,000;2024-02-21 00:00:00,000;5043;2024-03-21 00:00:00,000
5080;2024-02-19 00:00:00,000;"L001";"A10003";110;81;81;2024-02-20 00:00:00,000;2024-02-26 00:00:00,000;5080;2024-03-28 00:00:00,000
5104;2024-02-20 00:00:00,000;"L001";"A10003";175;81;81;2024-02-21 00:00:00,000;2024-02-27 00:00:00,000;5115;2024-03-28 00:00:00,000
5133;2024-02-21 00:00:00,000;"L001";"A10003";115;89;89;2024-02-23 00:00:00,000;2024-03-01 00:00:00,000;5165;2024-03-28 00:00:00,000
5160;2024-02-22 00:00:00,000;"L001";"A10003";135;81;81;2024-02-26 00:00:00,000;2024-03-04 00:00:00,000;5175;2024-04-04 00:00:00,000
5209;2024-02-28 00:00:00,000;"L001";"A10003";90;85;85;2024-03-01 00:00:00,000;2024-03-06 00:00:00,000;5214;2024-04-04 00:00:00,000
5237;2024-02-29 00:00:00,000;"L001";"A10003";155;71;71;2024-03-05 00:00:00,000;2024-03-11 00:00:00,000;5262;2024-04-11 00:00:00,000
5274;2024-03-04 00:00:00,000;"L001";"A10003";55;85;85;2024-03-11 00:00:00,000;2024-03-13 00:00:00,000;5302;2024-04-11 00:00:00,000
5313;2024-03-07 00:00:00,000;"L001";"A10003";140;8;8;2024-03-11 00:00:00,000;2024-03-11 00:00:00,000;5285;2024-04-11 00:00:00,000
5331;2024-03-08 00:00:00,000;"L001";"A10003";20;93;93;2024-03-12 00:00:00,000;2024-03-18 00:00:00,000;5335;2024-04-18 00:00:00,000
5342;2024-03-11 00:00:00,000;"L001";"A10003";40;81;81;2024-03-15 00:00:00,000;2024-03-19 00:00:00,000;5358;2024-04-18 00:00:00,000
5362;2024-03-12 00:00:00,000;"L001";"A10003";60;85;85;2024-03-18 00:00:00,000;2024-03-25 00:00:00,000;5429;2024-04-25 00:00:00,000
5382;2024-03-13 00:00:00,000;"L001";"A10003";55;81;81;2024-03-15 00:00:00,000;2024-03-18 00:00:00,000;5354;2024-04-18 00:00:00,000
5428;2024-03-15 00:00:00,000;"L001";"A10003";70;71;71;2024-03-19 00:00:00,000;2024-03-21 00:00:00,000;5409;2024-04-18 00:00:00,000
5448;2024-03-18 00:00:00,000;"L001";"A10003";180;88;88;2024-03-20 00:00:00,000;2024-03-25 00:00:00,000;5448;2024-04-25 00:00:00,000
5478;2024-03-20 00:00:00,000;"L001";"A10003";20;81;81;2024-03-21 00:00:00,000;2024-03-27 00:00:00,000;5486;2024-04-25 00:00:00,000
5517;2024-03-22 00:00:00,000;"L001";"A10003";140;89;89;2024-03-25 00:00:00,000;2024-04-02 00:00:00,000;5529;2024-05-02 00:00:00,000
5534;2024-03-25 00:00:00,000;"L001";"A10003";75;86;86;2024-03-27 00:00:00,000;2024-04-02 00:00:00,000;5537;2024-05-02 00:00:00,000
5572;2024-03-27 00:00:00,000;"L001";"A10003";105;88;88;2024-04-02 00:00:00,000;2024-04-05 00:00:00,000;5614;2024-05-02 00:00:00,000
5596;2024-03-28 00:00:00,000;"L001";"A10003";70;85;85;2024-04-02 00:00:00,000;2024-04-08 00:00:00,000;5631;2024-05-16 00:00:00,000
5626;2024-03-29 00:00:00,000;"L001";"A10003";15;76;76;2024-04-02 00:00:00,000;2024-04-08 00:00:00,000;5636;2024-05-16 00:00:00,000
5678;2024-04-04 00:00:00,000;"L001";"A10003";15;85;85;2024-04-05 00:00:00,000;2024-04-08 00:00:00,000;5660;2024-05-16 00:00:00,000
5703;2024-04-08 00:00:00,000;"L001";"A10003";15;84;84;2024-04-12 00:00:00,000;2024-04-15 00:00:00,000;5702;2024-05-16 00:00:00,000
5716;2024-04-09 00:00:00,000;"L001";"A10003";55;81;81;2024-04-10 00:00:00,000;2024-04-16 00:00:00,000;5730;2024-05-16 00:00:00,000
5741;2024-04-10 00:00:00,000;"L001";"A10003";15;85;85;2024-04-11 00:00:00,000;2024-04-16 00:00:00,000;5736;2024-05-16 00:00:00,000
5763;2024-04-11 00:00:00,000;"L001";"A10003";130;89;89;2024-04-15 00:00:00,000;2024-04-22 00:00:00,000;5785;2024-05-23 00:00:00,000
5784;2024-04-12 00:00:00,000;"L001";"A10003";10;79;79;2024-04-15 00:00:00,000;2024-04-18 00:00:00,000;5768;2024-05-16 00:00:00,000
5804;2024-04-15 00:00:00,000;"L001";"A10003";30;87;87;2024-04-17 00:00:00,000;2024-04-22 00:00:00,000;5803;2024-05-23 00:00:00,000
5840;2024-04-18 00:00:00,000;"L001";"A10003";80;88;88;2024-04-23 00:00:00,000;2024-04-29 00:00:00,000;5859;2024-05-30 00:00:00,000
5901;2024-04-23 00:00:00,000;"L001";"A10003";30;85;85;2024-04-26 00:00:00,000;2024-05-02 00:00:00,000;5928;2024-05-30 00:00:00,000
5938;2024-04-25 00:00:00,000;"L001";"A10003";85;87;87;2024-04-29 00:00:00,000;2024-05-02 00:00:00,000;5938;2024-05-30 00:00:00,000
5977;2024-04-29 00:00:00,000;"L001";"A10003";50;78;78;2024-05-01 00:00:00,000;2024-05-03 00:00:00,000;5961;2024-05-30 00:00:00,000
6011;2024-05-01 00:00:00,000;"L001";"A10003";45;85;85;2024-05-06 00:00:00,000;2024-05-06 00:00:00,000;5989;2024-06-06 00:00:00,000
6032;2024-05-02 00:00:00,000;"L001";"A10003";255;86;86;2024-05-06 00:00:00,000;2024-05-08 00:00:00,000;6016;2024-06-06 00:00:00,000
6069;2024-05-07 00:00:00,000;"L001";"A10003";30;92;92;2024-05-13 00:00:00,000;2024-05-21 00:00:00,000;6114;2024-06-20 00:00:00,000
6085;2024-05-08 00:00:00,000;"L001";"A10003";10;72;72;2024-05-13 00:00:00,000;2024-05-15 00:00:00,000;6084;2024-06-13 00:00:00,000
6104;2024-05-10 00:00:00,000;"L001";"A10003";120;81;81;2024-05-15 00:00:00,000;2024-05-21 00:00:00,000;6120;2024-06-20 00:00:00,000
6127;2024-05-13 00:00:00,000;"L001";"A10003";15;81;81;2024-05-15 00:00:00,000;2024-05-21 00:00:00,000;6129;2024-06-20 00:00:00,000
6149;2024-05-14 00:00:00,000;"L001";"A10003";90;86;86;2024-05-21 00:00:00,000;2024-05-24 00:00:00,000;6183;2024-06-20 00:00:00,000
6183;2024-05-16 00:00:00,000;"L001";"A10003";20;78;78;2024-05-17 00:00:00,000;2024-05-24 00:00:00,000;6190;2024-06-20 00:00:00,000
6197;2024-05-17 00:00:00,000;"L001";"A10003";60;79;79;2024-05-22 00:00:00,000;2024-05-27 00:00:00,000;6202;2024-06-27 00:00:00,000
6229;2024-05-22 00:00:00,000;"L001";"A10003";15;9;9;2024-05-24 00:00:00,000;2024-05-29 00:00:00,000;6232;2024-06-27 00:00:00,000
6239;2024-05-23 00:00:00,000;"L001";"A10003";30;86;86;2024-05-27 00:00:00,000;2024-05-30 00:00:00,000;6243;2024-06-27 00:00:00,000
6265;2024-05-24 00:00:00,000;"L001";"A10003";70;81;81;2024-05-27 00:00:00,000;2024-05-30 00:00:00,000;6249;2024-06-27 00:00:00,000
6287;2024-05-27 00:00:00,000;"L001";"A10003";255;78;78;2024-05-29 00:00:00,000;2024-06-03 00:00:00,000;6288;2024-07-04 00:00:00,000
6310;2024-05-28 00:00:00,000;"L001";"A10003";105;82;82;2024-05-31 00:00:00,000;2024-06-07 00:00:00,000;6352;2024-07-04 00:00:00,000
6329;2024-05-29 00:00:00,000;"L001";"A10003";40;81;81;2024-06-03 00:00:00,000;2024-06-07 00:00:00,000;6354;2024-07-04 00:00:00,000
6344;2024-05-30 00:00:00,000;"L001";"A10003";35;91;91;2024-06-04 00:00:00,000;2024-06-10 00:00:00,000;6366;2024-07-11 00:00:00,000
6363;2024-05-31 00:00:00,000;"L001";"A10003";65;81;81;2024-06-03 00:00:00,000;2024-06-05 00:00:00,000;6339;2024-07-04 00:00:00,000
6387;2024-06-04 00:00:00,000;"L001";"A10003";10;86;86;2024-06-06 00:00:00,000;2024-06-11 00:00:00,000;6389;2024-07-11 00:00:00,000
6398;2024-06-05 00:00:00,000;"L001";"A10003";35;82;82;2024-06-07 00:00:00,000;2024-06-10 00:00:00,000;6382;2024-07-11 00:00:00,000
6447;2024-06-11 00:00:00,000;"L001";"A10003";65;82;82;2024-06-17 00:00:00,000;2024-06-21 00:00:00,000;6503;2024-07-18 00:00:00,000
6458;2024-06-12 00:00:00,000;"L001";"A10003";125;79;79;2024-06-17 00:00:00,000;2024-06-18 00:00:00,000;6454;2024-07-18 00:00:00,000
6490;2024-06-13 00:00:00,000;"L001";"A10003";15;87;87;2024-06-14 00:00:00,000;2024-06-20 00:00:00,000;6491;2024-07-18 00:00:00,000
6500;2024-06-14 00:00:00,000;"L001";"A10003";175;84;84;2024-06-17 00:00:00,000;2024-06-24 00:00:00,000;6518;2024-07-25 00:00:00,000
6531;2024-06-17 00:00:00,000;"L001";"A10003";175;91;91;2024-06-20 00:00:00,000;2024-06-24 00:00:00,000;6530;2024-07-25 00:00:00,000
6549;2024-06-18 00:00:00,000;"L001";"A10003";40;88;88;2024-06-19 00:00:00,000;2024-06-26 00:00:00,000;6573;2024-07-25 00:00:00,000
6566;2024-06-19 00:00:00,000;"L001";"A10003";65;89;89;2024-06-24 00:00:00,000;2024-06-27 00:00:00,000;6587;2024-07-25 00:00:00,000
6593;2024-06-20 00:00:00,000;"L001";"A10003";40;71;71;2024-06-21 00:00:00,000;2024-06-24 00:00:00,000;6550;2024-07-25 00:00:00,000
6611;2024-06-21 00:00:00,000;"L001";"A10003";65;88;88;2024-06-24 00:00:00,000;2024-06-27 00:00:00,000;6598;2024-07-25 00:00:00,000
6654;2024-06-25 00:00:00,000;"L001";"A10003";45;88;88;2024-07-01 00:00:00,000;2024-07-05 00:00:00,000;6702;2024-08-01 00:00:00,000
6677;2024-06-26 00:00:00,000;"L001";"A10003";105;75;75;2024-07-01 00:00:00,000;2024-07-04 00:00:00,000;6695;2024-08-01 00:00:00,000
6713;2024-06-28 00:00:00,000;"L001";"A10003";80;85;85;2024-07-02 00:00:00,000;2024-07-09 00:00:00,000;6758;2024-08-08 00:00:00,000
6778;2024-07-03 00:00:00,000;"L001";"A10003";145;81;81;2024-07-08 00:00:00,000;2024-07-10 00:00:00,000;6769;2024-08-08 00:00:00,000
6804;2024-07-05 00:00:00,000;"L001";"A10003";50;71;71;2024-07-09 00:00:00,000;2024-07-15 00:00:00,000;6809;2024-08-15 00:00:00,000
6816;2024-07-08 00:00:00,000;"L001";"A10003";15;81;81;2024-07-11 00:00:00,000;2024-07-16 00:00:00,000;6838;2024-08-15 00:00:00,000
6829;2024-07-09 00:00:00,000;"L001";"A10003";160;78;78;2024-07-10 00:00:00,000;2024-07-15 00:00:00,000;6819;2024-08-15 00:00:00,000
6852;2024-07-10 00:00:00,000;"L001";"A10003";15;87;87;2024-07-11 00:00:00,000;2024-07-16 00:00:00,000;6846;2024-08-15 00:00:00,000
6869;2024-07-11 00:00:00,000;"L001";"A10003";80;78;78;2024-07-15 00:00:00,000;2024-07-19 00:00:00,000;6879;2024-08-15 00:00:00,000
6896;2024-07-12 00:00:00,000;"L001";"A10003";100;81;81;2024-07-15 00:00:00,000;2024-07-18 00:00:00,000;6870;2024-08-15 00:00:00,000
6926;2024-07-15 00:00:00,000;"L001";"A10003";85;8;8;2024-07-16 00:00:00,000;2024-07-22 00:00:00,000;6923;2024-08-22 00:00:00,000
6956;2024-07-16 00:00:00,000;"L001";"A10003";165;82;82;2024-07-22 00:00:00,000;2024-07-25 00:00:00,000;6990;2024-08-22 00:00:00,000
6997;2024-07-18 00:00:00,000;"L001";"A10003";145;78;78;2024-07-22 00:00:00,000;2024-07-26 00:00:00,000;7015;2024-08-22 00:00:00,000
7022;2024-07-19 00:00:00,000;"L001";"A10003";70;86;86;2024-07-23 00:00:00,000;2024-07-29 00:00:00,000;7032;2024-08-29 00:00:00,000
7040;2024-07-22 00:00:00,000;"L001";"A10003";120;89;89;2024-07-29 00:00:00,000;2024-07-30 00:00:00,000;7061;2024-08-29 00:00:00,000
7072;2024-07-24 00:00:00,000;"L001";"A10003";45;8;8;2024-07-26 00:00:00,000;2024-07-31 00:00:00,000;7075;2024-08-29 00:00:00,000
7095;2024-07-25 00:00:00,000;"L001";"A10003";30;81;81;2024-07-29 00:00:00,000;2024-07-29 00:00:00,000;7060;2024-08-29 00:00:00,000
7120;2024-07-26 00:00:00,000;"L001";"A10003";15;78;78;2024-07-30 00:00:00,000;2024-08-05 00:00:00,000;7127;2024-09-05 00:00:00,000
7182;2024-08-01 00:00:00,000;"L001";"A10003";10;86;86;2024-08-02 00:00:00,000;2024-08-05 00:00:00,000;7146;2024-09-05 00:00:00,000
7219;2024-08-05 00:00:00,000;"L001";"A10003";35;81;81;2024-08-09 00:00:00,000;2024-08-14 00:00:00,000;7237;2024-09-12 00:00:00,000
7231;2024-08-06 00:00:00,000;"L001";"A10003";165;77;77;2024-08-12 00:00:00,000;2024-08-19 00:00:00,000;7288;2024-09-19 00:00:00,000
7249;2024-08-07 00:00:00,000;"L001";"A10003";80;81;81;2024-08-12 00:00:00,000;2024-08-16 00:00:00,000;7270;2024-09-12 00:00:00,000
7278;2024-08-08 00:00:00,000;"L001";"A10003";30;79;79;2024-08-12 00:00:00,000;2024-08-19 00:00:00,000;7293;2024-09-19 00:00:00,000
7287;2024-08-09 00:00:00,000;"L001";"A10003";70;85;85;2024-08-12 00:00:00,000;2024-08-19 00:00:00,000;7298;2024-09-19 00:00:00,000
7307;2024-08-12 00:00:00,000;"L001";"A10003";10;8;8;2024-08-14 00:00:00,000;2024-08-20 00:00:00,000;7330;2024-09-19 00:00:00,000
7323;2024-08-13 00:00:00,000;"L001";"A10003";80;77;77;2024-08-19 00:00:00,000;2024-08-22 00:00:00,000;7344;2024-09-19 00:00:00,000
7337;2024-08-14 00:00:00,000;"L001";"A10003";140;8;8;2024-08-19 00:00:00,000;2024-08-21 00:00:00,000;7341;2024-09-19 00:00:00,000
7358;2024-08-15 00:00:00,000;"L001";"A10003";75;73;73;2024-08-20 00:00:00,000;2024-08-26 00:00:00,000;7375;2024-09-26 00:00:00,000
7377;2024-08-16 00:00:00,000;"L001";"A10003";15;79;79;2024-08-20 00:00:00,000;2024-08-23 00:00:00,000;7366;2024-09-19 00:00:00,000
7397;2024-08-20 00:00:00,000;"L001";"A10003";70;86;86;2024-08-21 00:00:00,000;2024-08-23 00:00:00,000;7367;2024-09-19 00:00:00,000
7470;2024-08-27 00:00:00,000;"L001";"A10003";140;79;79;2024-09-02 00:00:00,000;2024-09-09 00:00:00,000;7531;2024-10-10 00:00:00,000
7489;2024-08-28 00:00:00,000;"L001";"A10003";80;85;85;2024-09-02 00:00:00,000;2024-09-05 00:00:00,000;7507;2024-10-03 00:00:00,000
7514;2024-08-29 00:00:00,000;"L001";"A10003";120;78;78;2024-08-30 00:00:00,000;2024-09-03 00:00:00,000;7483;2024-10-03 00:00:00,000
7546;2024-09-03 00:00:00,000;"L001";"A10003";170;84;84;2024-09-05 00:00:00,000;2024-09-12 00:00:00,000;7576;2024-10-10 00:00:00,000
7566;2024-09-04 00:00:00,000;"L001";"A10003";70;86;86;2024-09-09 00:00:00,000;2024-09-13 00:00:00,000;7592;2024-10-10 00:00:00,000
7612;2024-09-06 00:00:00,000;"L001";"A10003";40;84;84;2024-09-09 00:00:00,000;2024-09-12 00:00:00,000;7589;2024-10-10 00:00:00,000
7625;2024-09-09 00:00:00,000;"L001";"A10003";105;81;81;2024-09-10 00:00:00,000;2024-09-13 00:00:00,000;7604;2024-10-10 00:00:00,000
7651;2024-09-11 00:00:00,000;"L001";"A10003";55;86;86;2024-09-16 00:00:00,000;2024-09-19 00:00:00,000;7657;2024-10-17 00:00:00,000
7667;2024-09-12 00:00:00,000;"L001";"A10003";15;91;91;2024-09-17 00:00:00,000;2024-09-24 00:00:00,000;7702;2024-10-24 00:00:00,000
7679;2024-09-13 00:00:00,000;"L001";"A10003";25;91;91;2024-09-16 00:00:00,000;2024-09-17 00:00:00,000;7644;2024-10-17 00:00:00,000
7711;2024-09-18 00:00:00,000;"L001";"A10003";30;85;85;2024-09-20 00:00:00,000;2024-09-23 00:00:00,000;7695;2024-10-24 00:00:00,000
7737;2024-09-19 00:00:00,000;"L001";"A10003";170;87;87;2024-09-23 00:00:00,000;2024-09-30 00:00:00,000;7765;2024-10-31 00:00:00,000
7757;2024-09-20 00:00:00,000;"L001";"A10003";55;77;77;2024-09-23 00:00:00,000;2024-09-27 00:00:00,000;7751;2024-10-24 00:00:00,000
7769;2024-09-23 00:00:00,000;"L001";"A10003";125;87;87;2024-09-24 00:00:00,000;2024-09-30 00:00:00,000;7775;2024-10-31 00:00:00,000
7799;2024-09-24 00:00:00,000;"L001";"A10003";90;72;72;2024-09-30 00:00:00,000;2024-10-04 00:00:00,000;7846;2024-10-31 00:00:00,000
7822;2024-09-25 00:00:00,000;"L001";"A10003";140;91;91;2024-09-27 00:00:00,000;2024-10-02 00:00:00,000;7819;2024-10-31 00:00:00,000
7859;2024-09-27 00:00:00,000;"L001";"A10003";70;92;92;2024-10-01 00:00:00,000;2024-10-07 00:00:00,000;7868;2024-11-07 00:00:00,000
7880;2024-10-01 00:00:00,000;"L001";"A10003";140;89;89;2024-10-07 00:00:00,000;2024-10-09 00:00:00,000;7899;2024-11-07 00:00:00,000
7910;2024-10-02 00:00:00,000;"L001";"A10003";115;75;75;2024-10-07 00:00:00,000;2024-10-14 00:00:00,000;7938;2024-11-14 00:00:00,000
7937;2024-10-03 00:00:00,000;"L001";"A10003";25;86;86;2024-10-04 00:00:00,000;2024-10-10 00:00:00,000;7922;2024-11-07 00:00:00,000
7978;2024-10-09 00:00:00,000;"L001";"A10003";15;9;9;2024-10-14 00:00:00,000;2024-10-17 00:00:00,000;7993;2024-11-14 00:00:00,000
7988;2024-10-10 00:00:00,000;"L001";"A10003";80;87;87;2024-10-11 00:00:00,000;2024-10-16 00:00:00,000;7986;2024-11-14 00:00:00,000
8008;2024-10-11 00:00:00,000;"L001";"A10003";35;91;91;2024-10-15 00:00:00,000;2024-10-21 00:00:00,000;8016;2024-11-21 00:00:00,000
8020;2024-10-14 00:00:00,000;"L001";"A10003";15;91;91;2024-10-17 00:00:00,000;2024-10-22 00:00:00,000;8045;2024-11-21 00:00:00,000
8052;2024-10-16 00:00:00,000;"L001";"A10003";25;76;76;2024-10-21 00:00:00,000;2024-10-25 00:00:00,000;8096;2024-11-21 00:00:00,000
8081;2024-10-17 00:00:00,000;"L001";"A10003";120;89;89;2024-10-22 00:00:00,000;2024-10-28 00:00:00,000;8118;2024-11-28 00:00:00,000
8131;2024-10-21 00:00:00,000;"L001";"A10003";10;85;85;2024-10-22 00:00:00,000;2024-10-28 00:00:00,000;8130;2024-11-28 00:00:00,000
8175;2024-10-24 00:00:00,000;"L001";"A10003";90;81;81;2024-10-28 00:00:00,000;2024-10-28 00:00:00,000;8142;2024-11-28 00:00:00,000
8189;2024-10-25 00:00:00,000;"L001";"A10003";20;8;8;2024-10-29 00:00:00,000;2024-11-04 00:00:00,000;8198;2024-12-05 00:00:00,000
8221;2024-10-30 00:00:00,000;"L001";"A10003";135;79;79;2024-11-04 00:00:00,000;2024-11-06 00:00:00,000;8224;2024-12-05 00:00:00,000
8247;2024-10-31 00:00:00,000;"L001";"A10003";20;82;82;2024-11-05 00:00:00,000;2024-11-08 00:00:00,000;8254;2024-12-05 00:00:00,000
8277;2024-11-05 00:00:00,000;"L001";"A10003";60;95;95;2024-11-06 00:00:00,000;2024-11-11 00:00:00,000;8275;2024-12-12 00:00:00,000
8308;2024-11-06 00:00:00,000;"L001";"A10003";15;9;9;2024-11-11 00:00:00,000;2024-11-13 00:00:00,000;8305;2024-12-12 00:00:00,000
8319;2024-11-07 00:00:00,000;"L001";"A10003";70;91;91;2024-11-11 00:00:00,000;2024-11-14 00:00:00,000;8317;2024-12-12 00:00:00,000
8331;2024-11-08 00:00:00,000;"L001";"A10003";45;88;88;2024-11-11 00:00:00,000;2024-11-18 00:00:00,000;8345;2024-12-19 00:00:00,000
8349;2024-11-11 00:00:00,000;"L001";"A10003";60;86;86;2024-11-13 00:00:00,000;2024-11-18 00:00:00,000;8349;2024-12-19 00:00:00,000
8385;2024-11-13 00:00:00,000;"L001";"A10003";40;8;8;2024-11-15 00:00:00,000;2024-11-18 00:00:00,000;8364;2024-12-19 00:00:00,000
8423;2024-11-18 00:00:00,000;"L001";"A10003";70;8;8;2024-11-21 00:00:00,000;2024-11-26 00:00:00,000;8437;1900-01-01 00:00:00,000
8435;2024-11-19 00:00:00,000;"L001";"A10003";60;78;78;2024-11-25 00:00:00,000;2024-11-28 00:00:00,000;8467;1900-01-01 00:00:00,000
8450;2024-11-20 00:00:00,000;"L001";"A10003";30;75;75;2024-11-25 00:00:00,000;2024-11-26 00:00:00,000;8442;1900-01-01 00:00:00,000
8470;2024-11-21 00:00:00,000;"L001";"A10003";30;75;75;2024-11-25 00:00:00,000;2024-11-25 00:00:00,000;8435;1900-01-01 00:00:00,000
8495;2024-11-22 00:00:00,000;"L001";"A10003";190;84;84;2024-11-27 00:00:00,000;2024-12-04 00:00:00,000;8552;1900-01-01 00:00:00,000
8516;2024-11-25 00:00:00,000;"L001";"A10003";110;92;92;2024-11-28 00:00:00,000;2024-12-03 00:00:00,000;8534;1900-01-01 00:00:00,000
8562;2024-11-27 00:00:00,000;"L001";"A10003";60;89;89;2024-12-02 00:00:00,000;2024-12-04 00:00:00,000;8557;1900-01-01 00:00:00,000
8580;2024-11-28 00:00:00,000;"L001";"A10003";95;82;82;2024-12-02 00:00:00,000;2024-12-06 00:00:00,000;8589;1900-01-01 00:00:00,000
8621;2024-12-03 00:00:00,000;"L001";"A10003";85;8;8;2024-12-05 00:00:00,000;2024-12-09 00:00:00,000;8619;1900-01-01 00:00:00,000
8647;2024-12-04 00:00:00,000;"L001";"A10003";10;81;81;2024-12-05 00:00:00,000;2024-12-11 00:00:00,000;8654;1900-01-01 00:00:00,000
8665;2024-12-05 00:00:00,000;"L001";"A10003";95;85;85;2024-12-09 00:00:00,000;2024-12-13 00:00:00,000;8681;1900-01-01 00:00:00,000
8684;2024-12-06 00:00:00,000;"L001";"A10003";150;85;85;2024-12-09 00:00:00,000;2024-12-16 00:00:00,000;8694;1900-01-01 00:00:00,000
8720;2024-12-10 00:00:00,000;"L001";"A10003";45;81;81;2024-12-13 00:00:00,000;2024-12-17 00:00:00,000;8724;1900-01-01 00:00:00,000
8752;2024-12-12 00:00:00,000;"L001";"A10003";95;88;88;2024-12-16 00:00:00,000;2024-12-20 00:00:00,000;8765;1900-01-01 00:00:00,000
8775;2024-12-13 00:00:00,000;"L001";"A10003";85;87;87;2024-12-16 00:00:00,000;2024-12-20 00:00:00,000;8772;1900-01-01 00:00:00,000
8800;2024-12-16 00:00:00,000;"L001";"A10003";35;85;85;2024-12-20 00:00:00,000;2024-12-27 00:00:00,000;8831;1900-01-01 00:00:00,000
8815;2024-12-17 00:00:00,000;"L001";"A10003";30;8;8;2024-12-19 00:00:00,000;2024-12-24 00:00:00,000;8822;1900-01-01 00:00:00,000
8840;2024-12-18 00:00:00,000;"L001";"A10003";35;84;84;2024-12-20 00:00:00,000;2024-12-23 00:00:00,000;8812;1900-01-01 00:00:00,000
8870;2024-12-20 00:00:00,000;"L001";"A10003";130;81;81;2024-12-23 00:00:00,000;2024-12-30 00:00:00,000;8882;1900-01-01 00:00:00,000
8904;2024-12-24 00:00:00,000;"L001";"A10003";65;88;0;2024-12-27 00:00:00,000;1900-01-01 00:00:00,000;0;1900-01-01 00:00:00,000
8931;2024-12-27 00:00:00,000;"L001";"A10003";25;86;0;2024-12-30 00:00:00,000;1900-01-01 00:00:00,000;0;1900-01-01 00:00:00,000
8956;2024-12-30 00:00:00,000;"L001";"A10003";75;84;0;1900-01-01 00:00:00,000;1900-01-01 00:00:00,000;0;1900-01-01 00:00:00,000
4114;2023-11-27 00:00:00,000;"L001";"A10005";60;403;403;2023-11-28 00:00:00,000;2023-12-04 00:00:00,000;4115;2024-01-04 00:00:00,000
4132;2023-11-28 00:00:00,000;"L001";"A10005";200;383;383;2023-11-29 00:00:00,000;2023-12-04 00:00:00,000;4123;2024-01-04 00:00:00,000
4158;2023-11-29 00:00:00,000;"L001";"A10005";130;396;396;2023-12-04 00:00:00,000;2023-12-07 00:00:00,000;4172;2024-01-04 00:00:00,000
4176;2023-11-30 00:00:00,000;"L001";"A10005";290;394;394;2023-12-04 00:00:00,000;2023-12-07 00:00:00,000;4177;2024-01-04 00:00:00,000
4196;2023-12-01 00:00:00,000;"L001";"A10005";25;383;383;2023-12-04 00:00:00,000;2023-12-08 00:00:00,000;4197;2024-01-04 00:00:00,000
4221;2023-12-04 00:00:00,000;"L001";"A10005";120;398;398;2023-12-06 00:00:00,000;2023-12-11 00:00:00,000;4222;2024-01-11 00:00:00,000
4239;2023-12-05 00:00:00,000;"L001";"A10005";40;362;362;2023-12-07 00:00:00,000;2023-12-12 00:00:00,000;4239;2024-01-11 00:00:00,000
4259;2023-12-06 00:00:00,000;"L001";"A10005";220;364;364;2023-12-11 00:00:00,000;2023-12-13 00:00:00,000;4257;2024-01-11 00:00:00,000
4295;2023-12-11 00:00:00,000;"L001";"A10005";25;384;384;2023-12-15 00:00:00,000;2023-12-18 00:00:00,000;4294;2024-01-18 00:00:00,000
4316;2023-12-12 00:00:00,000;"L001";"A10005";145;367;367;2023-12-18 00:00:00,000;2023-12-19 00:00:00,000;4318;2024-01-18 00:00:00,000
4335;2023-12-13 00:00:00,000;"L001";"A10005";50;384;384;2023-12-18 00:00:00,000;2023-12-22 00:00:00,000;4355;2024-01-18 00:00:00,000
4346;2023-12-14 00:00:00,000;"L001";"A10005";115;391;391;2023-12-18 00:00:00,000;2023-12-21 00:00:00,000;4341;2024-01-18 00:00:00,000
4364;2023-12-15 00:00:00,000;"L001";"A10005";135;386;386;2023-12-19 00:00:00,000;2023-12-21 00:00:00,000;4345;2024-01-18 00:00:00,000
4376;2023-12-18 00:00:00,000;"L001";"A10005";140;401;401;2023-12-21 00:00:00,000;2023-12-27 00:00:00,000;4377;2024-01-25 00:00:00,000
4397;2023-12-19 00:00:00,000;"L001";"A10005";105;377;377;2023-12-27 00:00:00,000;2023-12-29 00:00:00,000;4440;2024-01-25 00:00:00,000
4418;2023-12-20 00:00:00,000;"L001";"A10005";85;376;376;2023-12-27 00:00:00,000;2023-12-29 00:00:00,000;4441;2024-01-25 00:00:00,000
4436;2023-12-21 00:00:00,000;"L001";"A10005";145;375;375;2023-12-27 00:00:00,000;2023-12-27 00:00:00,000;4411;2024-01-25 00:00:00,000
4458;2023-12-22 00:00:00,000;"L001";"A10005";60;372;372;2023-12-27 00:00:00,000;2024-01-02 00:00:00,000;4460;2024-02-01 00:00:00,000
4468;2023-12-27 00:00:00,000;"L001";"A10005";105;383;383;2024-01-02 00:00:00,000;2024-01-08 00:00:00,000;4504;2024-02-08 00:00:00,000
4502;2023-12-29 00:00:00,000;"L001";"A10005";35;374;374;2024-01-02 00:00:00,000;2024-01-08 00:00:00,000;4508;2024-02-08 00:00:00,000
4518;2024-01-02 00:00:00,000;"L001";"A10005";140;394;394;2024-01-05 00:00:00,000;2024-01-11 00:00:00,000;4551;2024-02-08 00:00:00,000
4569;2024-01-05 00:00:00,000;"L001";"A10005";90;338;338;2024-01-08 00:00:00,000;2024-01-15 00:00:00,000;4584;2024-02-15 00:00:00,000
4595;2024-01-09 00:00:00,000;"L001";"A10005";140;386;386;2024-01-15 00:00:00,000;2024-01-22 00:00:00,000;4665;2024-02-22 00:00:00,000
4619;2024-01-10 00:00:00,000;"L001";"A10005";205;35;35;2024-01-11 00:00:00,000;2024-01-18 00:00:00,000;4633;2024-02-15 00:00:00,000
4684;2024-01-15 00:00:00,000;"L001";"A10005";65;37;37;2024-01-17 00:00:00,000;2024-01-23 00:00:00,000;4699;2024-02-22 00:00:00,000
4707;2024-01-16 00:00:00,000;"L001";"A10005";15;372;372;2024-01-19 00:00:00,000;2024-01-24 00:00:00,000;4713;2024-02-22 00:00:00,000
4724;2024-01-18 00:00:00,000;"L001";"A10005";60;373;373;2024-01-22 00:00:00,000;2024-01-24 00:00:00,000;4719;2024-02-22 00:00:00,000
4735;2024-01-19 00:00:00,000;"L001";"A10005";45;389;389;2024-01-22 00:00:00,000;2024-01-29 00:00:00,000;4743;2024-02-29 00:00:00,000
4751;2024-01-22 00:00:00,000;"L001";"A10005";90;407;407;2024-01-24 00:00:00,000;2024-01-29 00:00:00,000;4753;2024-02-29 00:00:00,000
4774;2024-01-23 00:00:00,000;"L001";"A10005";75;367;367;2024-01-25 00:00:00,000;2024-01-29 00:00:00,000;4764;2024-02-29 00:00:00,000
4845;2024-01-29 00:00:00,000;"L001";"A10005";65;394;394;2024-02-02 00:00:00,000;2024-02-05 00:00:00,000;4840;2024-03-07 00:00:00,000
4892;2024-02-01 00:00:00,000;"L001";"A10005";60;401;401;2024-02-05 00:00:00,000;2024-02-07 00:00:00,000;4881;2024-03-07 00:00:00,000
4903;2024-02-02 00:00:00,000;"L001";"A10005";55;391;391;2024-02-05 00:00:00,000;2024-02-09 00:00:00,000;4906;2024-03-07 00:00:00,000
4951;2024-02-07 00:00:00,000;"L001";"A10005";65;371;371;2024-02-12 00:00:00,000;2024-02-13 00:00:00,000;4940;2024-03-14 00:00:00,000
4970;2024-02-08 00:00:00,000;"L001";"A10005";80;4;4;2024-02-12 00:00:00,000;2024-02-19 00:00:00,000;4988;2024-03-21 00:00:00,000
4998;2024-02-12 00:00:00,000;"L001";"A10005";120;393;393;2024-02-16 00:00:00,000;2024-02-19 00:00:00,000;4998;2024-03-21 00:00:00,000
5024;2024-02-13 00:00:00,000;"L001";"A10005";120;372;372;2024-02-15 00:00:00,000;2024-02-20 00:00:00,000;5026;2024-03-21 00:00:00,000
5044;2024-02-14 00:00:00,000;"L001";"A10005";75;361;361;2024-02-19 00:00:00,000;2024-02-22 00:00:00,000;5050;2024-03-21 00:00:00,000
5062;2024-02-15 00:00:00,000;"L001";"A10005";10;36;36;2024-02-19 00:00:00,000;2024-02-23 00:00:00,000;5063;2024-03-21 00:00:00,000
5081;2024-02-19 00:00:00,000;"L001";"A10005";75;387;387;2024-02-21 00:00:00,000;2024-02-27 00:00:00,000;5105;2024-03-28 00:00:00,000
5105;2024-02-20 00:00:00,000;"L001";"A10005";130;366;366;2024-02-21 00:00:00,000;2024-02-26 00:00:00,000;5086;2024-03-28 00:00:00,000
5134;2024-02-21 00:00:00,000;"L001";"A10005";65;355;355;2024-02-26 00:00:00,000;2024-02-29 00:00:00,000;5149;2024-03-28 00:00:00,000
5161;2024-02-22 00:00:00,000;"L001";"A10005";40;39;39;2024-02-26 00:00:00,000;2024-02-26 00:00:00,000;5101;2024-03-28 00:00:00,000
5183;2024-02-26 00:00:00,000;"L001";"A10005";95;367;367;2024-03-04 00:00:00,000;2024-03-11 00:00:00,000;5259;2024-04-11 00:00:00,000
5198;2024-02-27 00:00:00,000;"L001";"A10005";75;394;394;2024-02-28 00:00:00,000;2024-03-04 00:00:00,000;5189;2024-04-04 00:00:00,000
5210;2024-02-28 00:00:00,000;"L001";"A10005";230;365;365;2024-02-29 00:00:00,000;2024-03-06 00:00:00,000;5215;2024-04-04 00:00:00,000
5255;2024-03-01 00:00:00,000;"L001";"A10005";50;346;346;2024-03-04 00:00:00,000;2024-03-08 00:00:00,000;5251;2024-04-04 00:00:00,000
5275;2024-03-04 00:00:00,000;"L001";"A10005";45;39;39;2024-03-05 00:00:00,000;2024-03-11 00:00:00,000;5272;2024-04-11 00:00:00,000
5314;2024-03-07 00:00:00,000;"L001";"A10005";95;407;407;2024-03-08 00:00:00,000;2024-03-13 00:00:00,000;5311;2024-04-11 00:00:00,000
5364;2024-03-12 00:00:00,000;"L001";"A10005";200;386;386;2024-03-14 00:00:00,000;2024-03-19 00:00:00,000;5362;2024-04-18 00:00:00,000
5384;2024-03-13 00:00:00,000;"L001";"A10005";255;355;355;2024-03-18 00:00:00,000;2024-03-21 00:00:00,000;5402;2024-04-18 00:00:00,000
5466;2024-03-19 00:00:00,000;"L001";"A10005";10;367;367;2024-03-20 00:00:00,000;2024-03-25 00:00:00,000;5455;2024-04-25 00:00:00,000
5502;2024-03-21 00:00:00,000;"L001";"A10005";75;389;389;2024-03-25 00:00:00,000;2024-04-02 00:00:00,000;5524;2024-05-02 00:00:00,000
5518;2024-03-22 00:00:00,000;"L001";"A10005";30;391;391;2024-03-26 00:00:00,000;2024-04-02 00:00:00,000;5530;2024-05-02 00:00:00,000
5536;2024-03-25 00:00:00,000;"L001";"A10005";100;42;42;2024-03-27 00:00:00,000;2024-04-02 00:00:00,000;5538;2024-05-02 00:00:00,000
5597;2024-03-28 00:00:00,000;"L001";"A10005";40;367;367;2024-03-29 00:00:00,000;2024-04-02 00:00:00,000;5573;2024-05-02 00:00:00,000
5628;2024-03-29 00:00:00,000;"L001";"A10005";140;405;405;2024-04-02 00:00:00,000;2024-04-08 00:00:00,000;5638;2024-05-16 00:00:00,000
5656;2024-04-02 00:00:00,000;"L001";"A10005";65;388;388;2024-04-05 00:00:00,000;2024-04-11 00:00:00,000;5672;2024-05-16 00:00:00,000
5679;2024-04-04 00:00:00,000;"L001";"A10005";50;418;418;2024-04-08 00:00:00,000;2024-04-12 00:00:00,000;5685;2024-05-16 00:00:00,000
5717;2024-04-09 00:00:00,000;"L001";"A10005";70;374;374;2024-04-15 00:00:00,000;2024-04-15 00:00:00,000;5707;2024-05-16 00:00:00,000
5743;2024-04-10 00:00:00,000;"L001";"A10005";90;368;368;2024-04-15 00:00:00,000;2024-04-18 00:00:00,000;5763;2024-05-16 00:00:00,000
5765;2024-04-11 00:00:00,000;"L001";"A10005";85;34;34;2024-04-15 00:00:00,000;2024-04-22 00:00:00,000;5787;2024-05-23 00:00:00,000
5785;2024-04-12 00:00:00,000;"L001";"A10005";110;41;41;2024-04-15 00:00:00,000;2024-04-22 00:00:00,000;5792;2024-05-23 00:00:00,000
5841;2024-04-18 00:00:00,000;"L001";"A10005";110;37;37;2024-04-19 00:00:00,000;2024-04-22 00:00:00,000;5814;2024-05-23 00:00:00,000
5855;2024-04-19 00:00:00,000;"L001";"A10005";15;372;372;2024-04-22 00:00:00,000;2024-04-29 00:00:00,000;5865;2024-05-30 00:00:00,000
5873;2024-04-22 00:00:00,000;"L001";"A10005";140;42;42;2024-04-23 00:00:00,000;2024-04-26 00:00:00,000;5856;2024-05-23 00:00:00,000
5915;2024-04-24 00:00:00,000;"L001";"A10005";125;372;372;2024-04-29 00:00:00,000;2024-05-02 00:00:00,000;5931;2024-05-30 00:00:00,000
5939;2024-04-25 00:00:00,000;"L001";"A10005";280;336;336;2024-04-26 00:00:00,000;2024-04-30 00:00:00,000;5903;2024-05-30 00:00:00,000
5966;2024-04-26 00:00:00,000;"L001";"A10005";15;412;412;2024-04-29 00:00:00,000;2024-05-06 00:00:00,000;5976;2024-06-06 00:00:00,000
5999;2024-04-30 00:00:00,000;"L001";"A10005";50;364;364;2024-05-03 00:00:00,000;2024-05-07 00:00:00,000;5997;2024-06-06 00:00:00,000
6012;2024-05-01 00:00:00,000;"L001";"A10005";50;408;408;2024-05-03 00:00:00,000;2024-05-06 00:00:00,000;5990;2024-06-06 00:00:00,000
6033;2024-05-02 00:00:00,000;"L001";"A10005";95;33;33;2024-05-07 00:00:00,000;2024-05-13 00:00:00,000;6054;2024-06-13 00:00:00,000
6058;2024-05-03 00:00:00,000;"L001";"A10005";110;414;414;2024-05-06 00:00:00,000;2024-05-13 00:00:00,000;6061;2024-06-13 00:00:00,000
6062;2024-05-06 00:00:00,000;"L001";"A10005";30;42;42;2024-05-08 00:00:00,000;2024-05-13 00:00:00,000;6063;2024-06-13 00:00:00,000
6086;2024-05-08 00:00:00,000;"L001";"A10005";50;391;391;2024-05-10 00:00:00,000;2024-05-13 00:00:00,000;6071;2024-06-13 00:00:00,000
6106;2024-05-10 00:00:00,000;"L001";"A10005";60;408;408;2024-05-13 00:00:00,000;2024-05-21 00:00:00,000;6122;2024-06-20 00:00:00,000
6128;2024-05-13 00:00:00,000;"L001";"A10005";60;361;361;2024-05-15 00:00:00,000;2024-05-17 00:00:00,000;6113;2024-06-13 00:00:00,000
6168;2024-05-15 00:00:00,000;"L001";"A10005";40;404;404;2024-05-21 00:00:00,000;2024-05-24 00:00:00,000;6186;2024-06-20 00:00:00,000
6240;2024-05-23 00:00:00,000;"L001";"A10005";95;434;434;2024-05-27 00:00:00,000;2024-05-30 00:00:00,000;6244;2024-06-27 00:00:00,000
6288;2024-05-27 00:00:00,000;"L001";"A10005";140;367;367;2024-05-31 00:00:00,000;2024-06-04 00:00:00,000;6310;2024-07-04 00:00:00,000
6311;2024-05-28 00:00:00,000;"L001";"A10005";40;371;371;2024-05-31 00:00:00,000;2024-06-05 00:00:00,000;6328;2024-07-04 00:00:00,000
6331;2024-05-29 00:00:00,000;"L001";"A10005";75;371;371;2024-05-31 00:00:00,000;2024-06-04 00:00:00,000;6318;2024-07-04 00:00:00,000
6346;2024-05-30 00:00:00,000;"L001";"A10005";40;365;365;2024-06-03 00:00:00,000;2024-06-10 00:00:00,000;6367;2024-07-11 00:00:00,000
6364;2024-05-31 00:00:00,000;"L001";"A10005";25;362;362;2024-06-03 00:00:00,000;2024-06-07 00:00:00,000;6359;2024-07-04 00:00:00,000
6377;2024-06-03 00:00:00,000;"L001";"A10005";30;391;391;2024-06-06 00:00:00,000;2024-06-12 00:00:00,000;6394;2024-07-11 00:00:00,000
6388;2024-06-04 00:00:00,000;"L001";"A10005";35;396;396;2024-06-07 00:00:00,000;2024-06-13 00:00:00,000;6404;2024-07-11 00:00:00,000
6399;2024-06-05 00:00:00,000;"L001";"A10005";15;353;353;2024-06-10 00:00:00,000;2024-06-14 00:00:00,000;6415;2024-07-11 00:00:00,000
6424;2024-06-07 00:00:00,000;"L001";"A10005";10;325;325;2024-06-10 00:00:00,000;2024-06-14 00:00:00,000;6420;2024-07-11 00:00:00,000
6460;2024-06-12 00:00:00,000;"L001";"A10005";245;402;402;2024-06-17 00:00:00,000;2024-06-24 00:00:00,000;6511;2024-07-25 00:00:00,000
6502;2024-06-14 00:00:00,000;"L001";"A10005";125;352;352;2024-06-17 00:00:00,000;2024-06-24 00:00:00,000;6519;2024-07-25 00:00:00,000
6532;2024-06-17 00:00:00,000;"L001";"A10005";60;39;39;2024-06-20 00:00:00,000;2024-06-26 00:00:00,000;6571;2024-07-25 00:00:00,000
6550;2024-06-18 00:00:00,000;"L001";"A10005";75;353;353;2024-06-19 00:00:00,000;2024-06-24 00:00:00,000;6540;2024-07-25 00:00:00,000
6567;2024-06-19 00:00:00,000;"L001";"A10005";10;419;419;2024-06-24 00:00:00,000;2024-07-01 00:00:00,000;6622;2024-08-01 00:00:00,000
6594;2024-06-20 00:00:00,000;"L001";"A10005";70;368;368;2024-06-24 00:00:00,000;2024-07-01 00:00:00,000;6624;2024-08-01 00:00:00,000
6612;2024-06-21 00:00:00,000;"L001";"A10005";110;335;335;2024-06-24 00:00:00,000;2024-06-27 00:00:00,000;6599;2024-07-25 00:00:00,000
6655;2024-06-25 00:00:00,000;"L001";"A10005";140;412;412;2024-06-27 00:00:00,000;2024-07-04 00:00:00,000;6691;2024-08-01 00:00:00,000
6678;2024-06-26 00:00:00,000;"L001";"A10005";140;386;386;2024-07-01 00:00:00,000;2024-07-05 00:00:00,000;6706;2024-08-01 00:00:00,000
6701;2024-06-27 00:00:00,000;"L001";"A10005";20;396;396;2024-07-02 00:00:00,000;2024-07-08 00:00:00,000;6723;2024-08-08 00:00:00,000
6714;2024-06-28 00:00:00,000;"L001";"A10005";135;374;374;2024-07-01 00:00:00,000;2024-07-03 00:00:00,000;6686;2024-08-01 00:00:00,000
6733;2024-07-01 00:00:00,000;"L001";"A10005";735;424;424;2024-07-04 00:00:00,000;2024-07-11 00:00:00,000;6775;2024-08-08 00:00:00,000
6791;2024-07-04 00:00:00,000;"L001";"A10005";85;372;372;2024-07-08 00:00:00,000;2024-07-11 00:00:00,000;6787;2024-08-08 00:00:00,000
6817;2024-07-08 00:00:00,000;"L001";"A10005";90;333;333;2024-07-11 00:00:00,000;2024-07-16 00:00:00,000;6839;2024-08-15 00:00:00,000
6830;2024-07-09 00:00:00,000;"L001";"A10005";100;371;371;2024-07-11 00:00:00,000;2024-07-15 00:00:00,000;6820;2024-08-15 00:00:00,000
6870;2024-07-11 00:00:00,000;"L001";"A10005";95;436;436;2024-07-12 00:00:00,000;2024-07-19 00:00:00,000;6880;2024-08-15 00:00:00,000
6897;2024-07-12 00:00:00,000;"L001";"A10005";130;336;336;2024-07-15 00:00:00,000;2024-07-15 00:00:00,000;6834;2024-08-15 00:00:00,000
6927;2024-07-15 00:00:00,000;"L001";"A10005";85;368;368;2024-07-17 00:00:00,000;2024-07-19 00:00:00,000;6895;2024-08-15 00:00:00,000
6957;2024-07-16 00:00:00,000;"L001";"A10005";155;386;386;2024-07-18 00:00:00,000;2024-07-23 00:00:00,000;6957;2024-08-22 00:00:00,000
6983;2024-07-17 00:00:00,000;"L001";"A10005";15;328;328;2024-07-22 00:00:00,000;2024-07-25 00:00:00,000;6993;2024-08-22 00:00:00,000
6998;2024-07-18 00:00:00,000;"L001";"A10005";160;373;373;2024-07-22 00:00:00,000;2024-07-26 00:00:00,000;7016;2024-08-22 00:00:00,000
7023;2024-07-19 00:00:00,000;"L001";"A10005";110;345;345;2024-07-22 00:00:00,000;2024-07-26 00:00:00,000;7023;2024-08-22 00:00:00,000
7057;2024-07-23 00:00:00,000;"L001";"A10005";55;391;391;2024-07-24 00:00:00,000;2024-07-26 00:00:00,000;7025;2024-08-22 00:00:00,000
7073;2024-07-24 00:00:00,000;"L001";"A10005";15;387;387;2024-07-29 00:00:00,000;2024-08-01 00:00:00,000;7089;2024-08-29 00:00:00,000
7096;2024-07-25 00:00:00,000;"L001";"A10005";75;435;435;2024-07-29 00:00:00,000;2024-08-01 00:00:00,000;7096;2024-08-29 00:00:00,000
7150;2024-07-30 00:00:00,000;"L001";"A10005";175;357;357;2024-08-02 00:00:00,000;2024-08-08 00:00:00,000;7182;2024-09-05 00:00:00,000
7184;2024-08-01 00:00:00,000;"L001";"A10005";75;418;418;2024-08-02 00:00:00,000;2024-08-08 00:00:00,000;7188;2024-09-05 00:00:00,000
7206;2024-08-02 00:00:00,000;"L001";"A10005";25;405;405;2024-08-07 00:00:00,000;2024-08-12 00:00:00,000;7212;2024-09-12 00:00:00,000
7220;2024-08-05 00:00:00,000;"L001";"A10005";30;353;353;2024-08-12 00:00:00,000;2024-08-15 00:00:00,000;7259;2024-09-12 00:00:00,000
7251;2024-08-07 00:00:00,000;"L001";"A10005";180;368;368;2024-08-12 00:00:00,000;2024-08-13 00:00:00,000;7233;2024-09-12 00:00:00,000
7289;2024-08-09 00:00:00,000;"L001";"A10005";130;411;411;2024-08-12 00:00:00,000;2024-08-16 00:00:00,000;7281;2024-09-12 00:00:00,000
7308;2024-08-12 00:00:00,000;"L001";"A10005";45;372;372;2024-08-13 00:00:00,000;2024-08-19 00:00:00,000;7307;2024-09-19 00:00:00,000
7324;2024-08-13 00:00:00,000;"L001";"A10005";20;37;37;2024-08-15 00:00:00,000;2024-08-19 00:00:00,000;7318;2024-09-19 00:00:00,000
7338;2024-08-14 00:00:00,000;"L001";"A10005";20;373;373;2024-08-16 00:00:00,000;2024-08-22 00:00:00,000;7346;2024-09-19 00:00:00,000
7359;2024-08-15 00:00:00,000;"L001";"A10005";110;402;402;2024-08-19 00:00:00,000;2024-08-22 00:00:00,000;7350;2024-09-19 00:00:00,000
7387;2024-08-19 00:00:00,000;"L001";"A10005";30;387;387;2024-08-21 00:00:00,000;2024-08-26 00:00:00,000;7388;2024-09-26 00:00:00,000
7398;2024-08-20 00:00:00,000;"L001";"A10005";95;429;429;2024-08-22 00:00:00,000;2024-08-27 00:00:00,000;7405;2024-09-26 00:00:00,000
7413;2024-08-21 00:00:00,000;"L001";"A10005";35;329;329;2024-08-23 00:00:00,000;2024-08-27 00:00:00,000;7409;2024-09-26 00:00:00,000
7426;2024-08-22 00:00:00,000;"L001";"A10005";15;401;401;2024-08-26 00:00:00,000;2024-09-02 00:00:00,000;7447;2024-10-03 00:00:00,000
7442;2024-08-23 00:00:00,000;"L001";"A10005";55;43;43;2024-08-26 00:00:00,000;2024-09-02 00:00:00,000;7455;2024-10-03 00:00:00,000
7462;2024-08-26 00:00:00,000;"L001";"A10005";15;354;354;2024-08-28 00:00:00,000;2024-09-02 00:00:00,000;7461;2024-10-03 00:00:00,000
7490;2024-08-28 00:00:00,000;"L001";"A10005";135;408;408;2024-09-02 00:00:00,000;2024-09-06 00:00:00,000;7516;2024-10-03 00:00:00,000
7515;2024-08-29 00:00:00,000;"L001";"A10005";105;371;371;2024-09-02 00:00:00,000;2024-09-03 00:00:00,000;7484;2024-10-03 00:00:00,000
7536;2024-08-30 00:00:00,000;"L001";"A10005";40;341;341;2024-09-02 00:00:00,000;2024-09-05 00:00:00,000;7512;2024-10-03 00:00:00,000
7567;2024-09-04 00:00:00,000;"L001";"A10005";240;395;395;2024-09-09 00:00:00,000;2024-09-13 00:00:00,000;7593;2024-10-10 00:00:00,000
7589;2024-09-05 00:00:00,000;"L001";"A10005";85;35;35;2024-09-09 00:00:00,000;2024-09-13 00:00:00,000;7597;2024-10-10 00:00:00,000
7635;2024-09-10 00:00:00,000;"L001";"A10005";60;397;397;2024-09-11 00:00:00,000;2024-09-16 00:00:00,000;7632;2024-10-17 00:00:00,000
7668;2024-09-12 00:00:00,000;"L001";"A10005";35;357;357;2024-09-16 00:00:00,000;2024-09-23 00:00:00,000;7680;2024-10-24 00:00:00,000
7694;2024-09-16 00:00:00,000;"L001";"A10005";45;373;373;2024-09-20 00:00:00,000;2024-09-25 00:00:00,000;7712;2024-10-24 00:00:00,000
7713;2024-09-18 00:00:00,000;"L001";"A10005";75;363;363;2024-09-23 00:00:00,000;2024-09-27 00:00:00,000;7746;2024-10-24 00:00:00,000
7738;2024-09-19 00:00:00,000;"L001";"A10005";15;4;4;2024-09-24 00:00:00,000;2024-09-30 00:00:00,000;7766;2024-10-31 00:00:00,000
7758;2024-09-20 00:00:00,000;"L001";"A10005";85;372;372;2024-09-23 00:00:00,000;2024-09-26 00:00:00,000;7742;2024-10-24 00:00:00,000
7770;2024-09-23 00:00:00,000;"L001";"A10005";160;353;353;2024-09-26 00:00:00,000;2024-10-02 00:00:00,000;7811;2024-10-31 00:00:00,000
7823;2024-09-25 00:00:00,000;"L001";"A10005";300;407;407;2024-09-27 00:00:00,000;2024-10-02 00:00:00,000;7820;2024-10-31 00:00:00,000
7844;2024-09-26 00:00:00,000;"L001";"A10005";70;4;4;2024-09-30 00:00:00,000;2024-10-02 00:00:00,000;7823;2024-10-31 00:00:00,000
7881;2024-10-01 00:00:00,000;"L001";"A10005";90;388;388;2024-10-03 00:00:00,000;2024-10-07 00:00:00,000;7873;2024-11-07 00:00:00,000
7911;2024-10-02 00:00:00,000;"L001";"A10005";130;416;416;2024-10-04 00:00:00,000;2024-10-07 00:00:00,000;7883;2024-11-07 00:00:00,000
7955;2024-10-07 00:00:00,000;"L001";"A10005";15;358;358;2024-10-14 00:00:00,000;2024-10-16 00:00:00,000;7980;2024-11-14 00:00:00,000
7989;2024-10-10 00:00:00,000;"L001";"A10005";70;401;401;2024-10-14 00:00:00,000;2024-10-17 00:00:00,000;7997;2024-11-14 00:00:00,000
8009;2024-10-11 00:00:00,000;"L001";"A10005";65;415;415;2024-10-14 00:00:00,000;2024-10-21 00:00:00,000;8017;2024-11-21 00:00:00,000
8021;2024-10-14 00:00:00,000;"L001";"A10005";125;373;373;2024-10-16 00:00:00,000;2024-10-21 00:00:00,000;8021;2024-11-21 00:00:00,000
8053;2024-10-16 00:00:00,000;"L001";"A10005";45;347;347;2024-10-21 00:00:00,000;2024-10-28 00:00:00,000;8114;2024-11-28 00:00:00,000
8082;2024-10-17 00:00:00,000;"L001";"A10005";185;364;364;2024-10-21 00:00:00,000;2024-10-23 00:00:00,000;8071;2024-11-21 00:00:00,000
8106;2024-10-18 00:00:00,000;"L001";"A10005";130;353;353;2024-10-22 00:00:00,000;2024-10-25 00:00:00,000;8105;2024-11-21 00:00:00,000
8147;2024-10-22 00:00:00,000;"L001";"A10005";10;35;35;2024-10-24 00:00:00,000;2024-10-28 00:00:00,000;8136;2024-11-28 00:00:00,000
8162;2024-10-23 00:00:00,000;"L001";"A10005";85;415;415;2024-10-24 00:00:00,000;2024-10-28 00:00:00,000;8140;2024-11-28 00:00:00,000
8176;2024-10-24 00:00:00,000;"L001";"A10005";40;353;353;2024-10-28 00:00:00,000;2024-11-01 00:00:00,000;8183;2024-11-28 00:00:00,000
8190;2024-10-25 00:00:00,000;"L001";"A10005";95;394;394;2024-10-28 00:00:00,000;2024-11-04 00:00:00,000;8199;2024-12-05 00:00:00,000
8222;2024-10-30 00:00:00,000;"L001";"A10005";10;4;4;2024-11-04 00:00:00,000;2024-11-08 00:00:00,000;8249;2024-12-05 00:00:00,000
8260;2024-11-01 00:00:00,000;"L001";"A10005";20;352;352;2024-11-05 00:00:00,000;2024-11-11 00:00:00,000;8266;2024-12-12 00:00:00,000
8267;2024-11-04 00:00:00,000;"L001";"A10005";30;395;395;2024-11-07 00:00:00,000;2024-11-11 00:00:00,000;8270;2024-12-12 00:00:00,000
8279;2024-11-05 00:00:00,000;"L001";"A10005";15;33;33;2024-11-06 00:00:00,000;2024-11-11 00:00:00,000;8276;2024-12-12 00:00:00,000
8309;2024-11-06 00:00:00,000;"L001";"A10005";175;395;395;2024-11-11 00:00:00,000;2024-11-18 00:00:00,000;8336;2024-12-19 00:00:00,000
8332;2024-11-08 00:00:00,000;"L001";"A10005";75;35;35;2024-11-11 00:00:00,000;2024-11-12 00:00:00,000;8293;2024-12-12 00:00:00,000
8350;2024-11-11 00:00:00,000;"L001";"A10005";15;371;371;2024-11-12 00:00:00,000;2024-11-19 00:00:00,000;8371;2024-12-19 00:00:00,000
8370;2024-11-12 00:00:00,000;"L001";"A10005";10;374;374;2024-11-14 00:00:00,000;2024-11-18 00:00:00,000;8360;2024-12-19 00:00:00,000
8386;2024-11-13 00:00:00,000;"L001";"A10005";60;364;364;2024-11-18 00:00:00,000;2024-11-25 00:00:00,000;8415;1900-01-01 00:00:00,000
8451;2024-11-20 00:00:00,000;"L001";"A10005";85;433;433;2024-11-25 00:00:00,000;2024-11-26 00:00:00,000;8443;1900-01-01 00:00:00,000
8471;2024-11-21 00:00:00,000;"L001";"A10005";95;418;418;2024-11-22 00:00:00,000;2024-11-26 00:00:00,000;8447;1900-01-01 00:00:00,000
8496;2024-11-22 00:00:00,000;"L001";"A10005";20;413;413;2024-11-25 00:00:00,000;2024-11-29 00:00:00,000;8487;1900-01-01 00:00:00,000
8517;2024-11-25 00:00:00,000;"L001";"A10005";45;371;371;2024-11-27 00:00:00,000;2024-12-02 00:00:00,000;8516;1900-01-01 00:00:00,000
8533;2024-11-26 00:00:00,000;"L001";"A10005";220;331;331;2024-12-02 00:00:00,000;2024-12-05 00:00:00,000;8565;1900-01-01 00:00:00,000
8563;2024-11-27 00:00:00,000;"L001";"A10005";15;355;355;2024-11-28 00:00:00,000;2024-12-03 00:00:00,000;8549;1900-01-01 00:00:00,000
8581;2024-11-28 00:00:00,000;"L001";"A10005";170;389;389;2024-12-02 00:00:00,000;2024-12-02 00:00:00,000;8532;1900-01-01 00:00:00,000
8622;2024-12-03 00:00:00,000;"L001";"A10005";70;407;407;2024-12-05 00:00:00,000;2024-12-10 00:00:00,000;8638;1900-01-01 00:00:00,000
8648;2024-12-04 00:00:00,000;"L001";"A10005";25;373;373;2024-12-09 00:00:00,000;2024-12-13 00:00:00,000;8678;1900-01-01 00:00:00,000
8685;2024-12-06 00:00:00,000;"L001";"A10005";115;403;403;2024-12-09 00:00:00,000;2024-12-09 00:00:00,000;8635;1900-01-01 00:00:00,000
8704;2024-12-09 00:00:00,000;"L001";"A10005";155;387;387;2024-12-11 00:00:00,000;2024-12-13 00:00:00,000;8688;1900-01-01 00:00:00,000
8721;2024-12-10 00:00:00,000;"L001";"A10005";100;355;355;2024-12-16 00:00:00,000;2024-12-23 00:00:00,000;8784;1900-01-01 00:00:00,000
8734;2024-12-11 00:00:00,000;"L001";"A10005";65;374;374;2024-12-12 00:00:00,000;2024-12-17 00:00:00,000;8728;1900-01-01 00:00:00,000
8753;2024-12-12 00:00:00,000;"L001";"A10005";125;419;419;2024-12-16 00:00:00,000;2024-12-16 00:00:00,000;8718;1900-01-01 00:00:00,000
8801;2024-12-16 00:00:00,000;"L001";"A10005";20;359;359;2024-12-20 00:00:00,000;2024-12-27 00:00:00,000;8832;1900-01-01 00:00:00,000
8817;2024-12-17 00:00:00,000;"L001";"A10005";185;432;432;2024-12-23 00:00:00,000;2024-12-27 00:00:00,000;8837;1900-01-01 00:00:00,000
8841;2024-12-18 00:00:00,000;"L001";"A10005";45;399;399;2024-12-23 00:00:00,000;2024-12-27 00:00:00,000;8843;1900-01-01 00:00:00,000
8854;2024-12-19 00:00:00,000;"L001";"A10005";20;365;365;2024-12-23 00:00:00,000;2024-12-27 00:00:00,000;8850;1900-01-01 00:00:00,000
8871;2024-12-20 00:00:00,000;"L001";"A10005";55;351;351;2024-12-23 00:00:00,000;2024-12-30 00:00:00,000;8883;1900-01-01 00:00:00,000
8905;2024-12-24 00:00:00,000;"L001";"A10005";145;374;374;2024-12-27 00:00:00,000;2024-12-31 00:00:00,000;8911;1900-01-01 00:00:00,000
8932;2024-12-27 00:00:00,000;"L001";"A10005";65;363;0;2024-12-30 00:00:00,000;1900-01-01 00:00:00,000;0;1900-01-01 00:00:00,000
8957;2024-12-30 00:00:00,000;"L001";"A10005";30;37;0;1900-01-01 00:00:00,000;1900-01-01 00:00:00,000;0;1900-01-01 00:00:00,000
8976;2024-12-31 00:00:00,000;"L001";"A10005";60;362;0;1900-01-01 00:00:00,000;1900-01-01 00:00:00,000;0;1900-01-01 00:00:00,000
4110;2023-11-24 00:00:00,000;"L001";"S10048";60;366;366;2023-11-29 00:00:00,000;2023-12-05 00:00:00,000;4132;2024-01-04 00:00:00,000
4154;2023-11-28 00:00:00,000;"L001";"S10048";460;366;366;2023-11-30 00:00:00,000;2023-12-05 00:00:00,000;4140;2024-01-04 00:00:00,000
4171;2023-11-29 00:00:00,000;"L001";"S10048";180;377;377;2023-11-30 00:00:00,000;2023-12-05 00:00:00,000;4144;2024-01-04 00:00:00,000
4189;2023-11-30 00:00:00,000;"L001";"S10048";80;387;387;2023-12-04 00:00:00,000;2023-12-07 00:00:00,000;4178;2024-01-04 00:00:00,000
4217;2023-12-01 00:00:00,000;"L001";"S10048";260;375;375;2023-12-05 00:00:00,000;2023-12-11 00:00:00,000;4220;2024-01-11 00:00:00,000
4234;2023-12-04 00:00:00,000;"L001";"S10048";150;38;38;2023-12-05 00:00:00,000;2023-12-11 00:00:00,000;4229;2024-01-11 00:00:00,000
4252;2023-12-05 00:00:00,000;"L001";"S10048";145;356;356;2023-12-07 00:00:00,000;2023-12-14 00:00:00,000;4268;2024-01-11 00:00:00,000
4277;2023-12-06 00:00:00,000;"L001";"S10048";15;36;36;2023-12-07 00:00:00,000;2023-12-13 00:00:00,000;4262;2024-01-11 00:00:00,000
4285;2023-12-07 00:00:00,000;"L001";"S10048";10;374;374;2023-12-11 00:00:00,000;2023-12-15 00:00:00,000;4280;2024-01-11 00:00:00,000
4312;2023-12-11 00:00:00,000;"L001";"S10048";120;376;376;2023-12-15 00:00:00,000;2023-12-18 00:00:00,000;4304;2024-01-18 00:00:00,000
4330;2023-12-12 00:00:00,000;"L001";"S10048";25;383;383;2023-12-18 00:00:00,000;2023-12-18 00:00:00,000;4310;2024-01-18 00:00:00,000
4342;2023-12-13 00:00:00,000;"L001";"S10048";120;388;388;2023-12-15 00:00:00,000;2023-12-20 00:00:00,000;4332;2024-01-18 00:00:00,000
4359;2023-12-14 00:00:00,000;"L001";"S10048";165;347;347;2023-12-18 00:00:00,000;2023-12-22 00:00:00,000;4358;2024-01-18 00:00:00,000
4373;2023-12-15 00:00:00,000;"L001";"S10048";70;364;364;2023-12-18 00:00:00,000;2023-12-21 00:00:00,000;4347;2024-01-18 00:00:00,000
4394;2023-12-18 00:00:00,000;"L001";"S10048";70;359;359;2023-12-20 00:00:00,000;2023-12-27 00:00:00,000;4391;2024-01-25 00:00:00,000
4412;2023-12-19 00:00:00,000;"L001";"S10048";195;377;377;2023-12-22 00:00:00,000;2023-12-27 00:00:00,000;4402;2024-01-25 00:00:00,000
4432;2023-12-20 00:00:00,000;"L001";"S10048";15;394;394;2023-12-27 00:00:00,000;2023-12-29 00:00:00,000;4445;2024-01-25 00:00:00,000
4455;2023-12-21 00:00:00,000;"L001";"S10048";115;358;358;2023-12-22 00:00:00,000;2023-12-28 00:00:00,000;4437;2024-01-25 00:00:00,000
4485;2023-12-27 00:00:00,000;"L001";"S10048";120;361;361;2024-01-02 00:00:00,000;2024-01-05 00:00:00,000;4497;2024-02-01 00:00:00,000
4497;2023-12-28 00:00:00,000;"L001";"S10048";70;366;366;2024-01-02 00:00:00,000;2024-01-05 00:00:00,000;4499;2024-02-01 00:00:00,000
4515;2023-12-29 00:00:00,000;"L001";"S10048";105;386;386;2024-01-02 00:00:00,000;2024-01-05 00:00:00,000;4502;2024-02-01 00:00:00,000
4532;2024-01-02 00:00:00,000;"L001";"S10048";155;365;365;2024-01-03 00:00:00,000;2024-01-08 00:00:00,000;4518;2024-02-08 00:00:00,000
4565;2024-01-04 00:00:00,000;"L001";"S10048";105;364;364;2024-01-08 00:00:00,000;2024-01-10 00:00:00,000;4549;2024-02-08 00:00:00,000
4584;2024-01-05 00:00:00,000;"L001";"S10048";30;36;36;2024-01-08 00:00:00,000;2024-01-15 00:00:00,000;4586;2024-02-15 00:00:00,000
4589;2024-01-08 00:00:00,000;"L001";"S10048";15;354;354;2024-01-12 00:00:00,000;2024-01-17 00:00:00,000;4614;2024-02-15 00:00:00,000
4614;2024-01-09 00:00:00,000;"L001";"S10048";290;384;384;2024-01-10 00:00:00,000;2024-01-17 00:00:00,000;4619;2024-02-15 00:00:00,000
4644;2024-01-10 00:00:00,000;"L001";"S10048";380;382;382;2024-01-11 00:00:00,000;2024-01-16 00:00:00,000;4608;2024-02-15 00:00:00,000
4681;2024-01-12 00:00:00,000;"L001";"S10048";85;364;364;2024-01-15 00:00:00,000;2024-01-16 00:00:00,000;4612;2024-02-15 00:00:00,000
4701;2024-01-15 00:00:00,000;"L001";"S10048";340;403;403;2024-01-16 00:00:00,000;2024-01-19 00:00:00,000;4663;2024-02-15 00:00:00,000
4723;2024-01-17 00:00:00,000;"L001";"S10048";30;405;405;2024-01-22 00:00:00,000;2024-01-25 00:00:00,000;4728;2024-02-22 00:00:00,000
4731;2024-01-18 00:00:00,000;"L001";"S10048";75;358;358;2024-01-19 00:00:00,000;2024-01-23 00:00:00,000;4708;2024-02-22 00:00:00,000
4747;2024-01-19 00:00:00,000;"L001";"S10048";140;418;418;2024-01-22 00:00:00,000;2024-01-29 00:00:00,000;4752;2024-02-29 00:00:00,000
4770;2024-01-22 00:00:00,000;"L001";"S10048";245;365;365;2024-01-26 00:00:00,000;2024-02-01 00:00:00,000;4799;2024-02-29 00:00:00,000
4789;2024-01-23 00:00:00,000;"L001";"S10048";190;353;353;2024-01-24 00:00:00,000;2024-01-29 00:00:00,000;4768;2024-02-29 00:00:00,000
4810;2024-01-24 00:00:00,000;"L001";"S10048";140;39;39;2024-01-26 00:00:00,000;2024-01-30 00:00:00,000;4785;2024-02-29 00:00:00,000
4823;2024-01-25 00:00:00,000;"L001";"S10048";160;321;321;2024-01-29 00:00:00,000;2024-02-05 00:00:00,000;4830;2024-03-07 00:00:00,000
4838;2024-01-26 00:00:00,000;"L001";"S10048";170;364;364;2024-01-30 00:00:00,000;2024-02-06 00:00:00,000;4861;2024-03-07 00:00:00,000
4862;2024-01-29 00:00:00,000;"L001";"S10048";260;353;353;2024-01-30 00:00:00,000;2024-02-05 00:00:00,000;4849;2024-03-07 00:00:00,000
4888;2024-01-31 00:00:00,000;"L001";"S10048";10;33;33;2024-02-05 00:00:00,000;2024-02-09 00:00:00,000;4901;2024-03-07 00:00:00,000
4901;2024-02-01 00:00:00,000;"L001";"S10048";125;34;34;2024-02-05 00:00:00,000;2024-02-08 00:00:00,000;4892;2024-03-07 00:00:00,000
4934;2024-02-05 00:00:00,000;"L001";"S10048";160;385;385;2024-02-08 00:00:00,000;2024-02-12 00:00:00,000;4926;2024-03-14 00:00:00,000
4946;2024-02-06 00:00:00,000;"L001";"S10048";60;345;345;2024-02-12 00:00:00,000;2024-02-15 00:00:00,000;4965;2024-03-14 00:00:00,000
4965;2024-02-07 00:00:00,000;"L001";"S10048";370;387;387;2024-02-09 00:00:00,000;2024-02-13 00:00:00,000;4943;2024-03-14 00:00:00,000
4984;2024-02-08 00:00:00,000;"L001";"S10048";65;336;336;2024-02-12 00:00:00,000;2024-02-13 00:00:00,000;4947;2024-03-14 00:00:00,000
4993;2024-02-09 00:00:00,000;"L001";"S10048";40;382;382;2024-02-13 00:00:00,000;2024-02-19 00:00:00,000;4996;2024-03-21 00:00:00,000
5020;2024-02-12 00:00:00,000;"L001";"S10048";485;406;406;2024-02-15 00:00:00,000;2024-02-20 00:00:00,000;5025;2024-03-21 00:00:00,000
5040;2024-02-13 00:00:00,000;"L001";"S10048";120;363;363;2024-02-19 00:00:00,000;2024-02-21 00:00:00,000;5042;2024-03-21 00:00:00,000
5059;2024-02-14 00:00:00,000;"L001";"S10048";80;361;361;2024-02-16 00:00:00,000;2024-02-20 00:00:00,000;5035;2024-03-21 00:00:00,000
5068;2024-02-15 00:00:00,000;"L001";"S10048";90;42;42;2024-02-19 00:00:00,000;2024-02-26 00:00:00,000;5074;2024-03-28 00:00:00,000
5075;2024-02-16 00:00:00,000;"L001";"S10048";100;349;349;2024-02-19 00:00:00,000;2024-02-26 00:00:00,000;5077;2024-03-28 00:00:00,000
5099;2024-02-19 00:00:00,000;"L001";"S10048";315;38;38;2024-02-22 00:00:00,000;2024-02-26 00:00:00,000;5085;2024-03-28 00:00:00,000
5127;2024-02-20 00:00:00,000;"L001";"S10048";235;356;356;2024-02-23 00:00:00,000;2024-02-26 00:00:00,000;5097;2024-03-28 00:00:00,000
5157;2024-02-21 00:00:00,000;"L001";"S10048";455;409;409;2024-02-26 00:00:00,000;2024-03-01 00:00:00,000;5166;2024-03-28 00:00:00,000
5173;2024-02-22 00:00:00,000;"L001";"S10048";50;365;365;2024-02-23 00:00:00,000;2024-02-27 00:00:00,000;5124;2024-03-28 00:00:00,000
5194;2024-02-26 00:00:00,000;"L001";"S10048";50;33;33;2024-02-29 00:00:00,000;2024-03-05 00:00:00,000;5201;2024-04-04 00:00:00,000
5207;2024-02-27 00:00:00,000;"L001";"S10048";80;384;384;2024-02-28 00:00:00,000;2024-03-05 00:00:00,000;5205;2024-04-04 00:00:00,000
5231;2024-02-28 00:00:00,000;"L001";"S10048";480;407;407;2024-03-04 00:00:00,000;2024-03-08 00:00:00,000;5246;2024-04-04 00:00:00,000
5250;2024-02-29 00:00:00,000;"L001";"S10048";175;417;417;2024-03-04 00:00:00,000;2024-03-06 00:00:00,000;5224;2024-04-04 00:00:00,000
5271;2024-03-01 00:00:00,000;"L001";"S10048";135;377;377;2024-03-05 00:00:00,000;2024-03-11 00:00:00,000;5271;2024-04-11 00:00:00,000
5291;2024-03-04 00:00:00,000;"L001";"S10048";150;351;351;2024-03-08 00:00:00,000;2024-03-13 00:00:00,000;5304;2024-04-11 00:00:00,000
5312;2024-03-06 00:00:00,000;"L001";"S10048";35;351;351;2024-03-08 00:00:00,000;2024-03-12 00:00:00,000;5298;2024-04-11 00:00:00,000
5327;2024-03-07 00:00:00,000;"L001";"S10048";80;347;347;2024-03-11 00:00:00,000;2024-03-18 00:00:00,000;5332;2024-04-18 00:00:00,000
5341;2024-03-08 00:00:00,000;"L001";"S10048";110;358;358;2024-03-11 00:00:00,000;2024-03-18 00:00:00,000;5341;2024-04-18 00:00:00,000
5358;2024-03-11 00:00:00,000;"L001";"S10048";120;355;355;2024-03-18 00:00:00,000;2024-03-20 00:00:00,000;5375;2024-04-18 00:00:00,000
5378;2024-03-12 00:00:00,000;"L001";"S10048";130;363;363;2024-03-14 00:00:00,000;2024-03-19 00:00:00,000;5365;2024-04-18 00:00:00,000
5403;2024-03-13 00:00:00,000;"L001";"S10048";435;378;378;2024-03-14 00:00:00,000;2024-03-20 00:00:00,000;5388;2024-04-18 00:00:00,000
5424;2024-03-14 00:00:00,000;"L001";"S10048";110;383;383;2024-03-18 00:00:00,000;2024-03-25 00:00:00,000;5440;2024-04-25 00:00:00,000
5443;2024-03-15 00:00:00,000;"L001";"S10048";90;349;349;2024-03-18 00:00:00,000;2024-03-25 00:00:00,000;5446;2024-04-25 00:00:00,000
5462;2024-03-18 00:00:00,000;"L001";"S10048";125;36;36;2024-03-20 00:00:00,000;2024-03-26 00:00:00,000;5467;2024-04-25 00:00:00,000
5474;2024-03-19 00:00:00,000;"L001";"S10048";75;347;347;2024-03-22 00:00:00,000;2024-03-27 00:00:00,000;5484;2024-04-25 00:00:00,000
5499;2024-03-20 00:00:00,000;"L001";"S10048";335;362;362;2024-03-25 00:00:00,000;2024-04-02 00:00:00,000;5523;2024-05-02 00:00:00,000
5532;2024-03-22 00:00:00,000;"L001";"S10048";235;396;396;2024-03-25 00:00:00,000;2024-03-28 00:00:00,000;5507;2024-04-25 00:00:00,000
5556;2024-03-25 00:00:00,000;"L001";"S10048";130;357;357;2024-03-26 00:00:00,000;2024-04-02 00:00:00,000;5554;2024-05-02 00:00:00,000
5568;2024-03-26 00:00:00,000;"L001";"S10048";30;406;406;2024-03-28 00:00:00,000;2024-04-02 00:00:00,000;5563;2024-05-02 00:00:00,000
5591;2024-03-27 00:00:00,000;"L001";"S10048";120;332;332;2024-04-02 00:00:00,000;2024-04-08 00:00:00,000;5630;2024-05-16 00:00:00,000
5620;2024-03-28 00:00:00,000;"L001";"S10048";210;416;416;2024-03-29 00:00:00,000;2024-04-03 00:00:00,000;5595;2024-05-02 00:00:00,000
5652;2024-03-29 00:00:00,000;"L001";"S10048";370;357;357;2024-04-02 00:00:00,000;2024-04-05 00:00:00,000;5622;2024-05-02 00:00:00,000
5675;2024-04-03 00:00:00,000;"L001";"S10048";55;403;403;2024-04-08 00:00:00,000;2024-04-10 00:00:00,000;5670;2024-05-16 00:00:00,000
5690;2024-04-04 00:00:00,000;"L001";"S10048";350;365;365;2024-04-05 00:00:00,000;2024-04-11 00:00:00,000;5680;2024-05-16 00:00:00,000
5700;2024-04-05 00:00:00,000;"L001";"S10048";65;352;352;2024-04-08 00:00:00,000;2024-04-12 00:00:00,000;5690;2024-05-16 00:00:00,000
5712;2024-04-08 00:00:00,000;"L001";"S10048";25;419;419;2024-04-11 00:00:00,000;2024-04-15 00:00:00,000;5704;2024-05-16 00:00:00,000
5736;2024-04-09 00:00:00,000;"L001";"S10048";120;382;382;2024-04-10 00:00:00,000;2024-04-15 00:00:00,000;5716;2024-05-16 00:00:00,000
5759;2024-04-10 00:00:00,000;"L001";"S10048";210;317;317;2024-04-12 00:00:00,000;2024-04-15 00:00:00,000;5723;2024-05-16 00:00:00,000
5781;2024-04-11 00:00:00,000;"L001";"S10048";510;419;419;2024-04-15 00:00:00,000;2024-04-18 00:00:00,000;5766;2024-05-16 00:00:00,000
5801;2024-04-12 00:00:00,000;"L001";"S10048";40;342;342;2024-04-16 00:00:00,000;2024-04-22 00:00:00,000;5801;2024-05-23 00:00:00,000
5826;2024-04-16 00:00:00,000;"L001";"S10048";110;347;347;2024-04-22 00:00:00,000;2024-04-25 00:00:00,000;5837;2024-05-23 00:00:00,000
5836;2024-04-17 00:00:00,000;"L001";"S10048";110;407;407;2024-04-22 00:00:00,000;2024-04-24 00:00:00,000;5828;2024-05-23 00:00:00,000
5870;2024-04-19 00:00:00,000;"L001";"S10048";65;36;36;2024-04-23 00:00:00,000;2024-04-29 00:00:00,000;5873;2024-05-30 00:00:00,000
5897;2024-04-22 00:00:00,000;"L001";"S10048";370;379;379;2024-04-23 00:00:00,000;2024-04-29 00:00:00,000;5882;2024-05-30 00:00:00,000
5911;2024-04-23 00:00:00,000;"L001";"S10048";105;33;33;2024-04-29 00:00:00,000;2024-05-06 00:00:00,000;5966;2024-06-06 00:00:00,000
5933;2024-04-24 00:00:00,000;"L001";"S10048";190;391;391;2024-04-25 00:00:00,000;2024-04-30 00:00:00,000;5902;2024-05-30 00:00:00,000
5963;2024-04-25 00:00:00,000;"L001";"S10048";220;331;331;2024-04-29 00:00:00,000;2024-05-02 00:00:00,000;5945;2024-05-30 00:00:00,000
5975;2024-04-26 00:00:00,000;"L001";"S10048";80;391;391;2024-04-29 00:00:00,000;2024-05-03 00:00:00,000;5960;2024-05-30 00:00:00,000
5995;2024-04-29 00:00:00,000;"L001";"S10048";205;357;357;2024-05-06 00:00:00,000;2024-05-10 00:00:00,000;6027;2024-06-06 00:00:00,000
6007;2024-04-30 00:00:00,000;"L001";"S10048";160;381;381;2024-05-03 00:00:00,000;2024-05-08 00:00:00,000;6011;2024-06-06 00:00:00,000
6026;2024-05-01 00:00:00,000;"L001";"S10048";55;387;387;2024-05-06 00:00:00,000;2024-05-10 00:00:00,000;6036;2024-06-06 00:00:00,000
6054;2024-05-02 00:00:00,000;"L001";"S10048";360;35;35;2024-05-03 00:00:00,000;2024-05-10 00:00:00,000;6044;2024-06-06 00:00:00,000
6060;2024-05-03 00:00:00,000;"L001";"S10048";55;42;42;2024-05-08 00:00:00,000;2024-05-13 00:00:00,000;6062;2024-06-13 00:00:00,000
6068;2024-05-06 00:00:00,000;"L001";"S10048";15;355;355;2024-05-07 00:00:00,000;2024-05-14 00:00:00,000;6075;2024-06-13 00:00:00,000
6081;2024-05-07 00:00:00,000;"L001";"S10048";45;341;341;2024-05-08 00:00:00,000;2024-05-13 00:00:00,000;6070;2024-06-13 00:00:00,000
6125;2024-05-10 00:00:00,000;"L001";"S10048";310;365;365;2024-05-14 00:00:00,000;2024-05-21 00:00:00,000;6128;2024-06-20 00:00:00,000
6144;2024-05-13 00:00:00,000;"L001";"S10048";130;386;386;2024-05-21 00:00:00,000;2024-05-22 00:00:00,000;6163;2024-06-20 00:00:00,000
6164;2024-05-14 00:00:00,000;"L001";"S10048";155;413;413;2024-05-16 00:00:00,000;2024-05-21 00:00:00,000;6151;2024-06-20 00:00:00,000
6180;2024-05-15 00:00:00,000;"L001";"S10048";300;362;362;2024-05-21 00:00:00,000;2024-05-27 00:00:00,000;6197;2024-06-27 00:00:00,000
6194;2024-05-16 00:00:00,000;"L001";"S10048";15;378;378;2024-05-17 00:00:00,000;2024-05-22 00:00:00,000;6169;2024-06-20 00:00:00,000
6207;2024-05-17 00:00:00,000;"L001";"S10048";45;341;341;2024-05-21 00:00:00,000;2024-05-27 00:00:00,000;6208;2024-06-27 00:00:00,000
6225;2024-05-21 00:00:00,000;"L001";"S10048";105;377;377;2024-05-27 00:00:00,000;2024-06-03 00:00:00,000;6270;2024-07-04 00:00:00,000
6261;2024-05-23 00:00:00,000;"L001";"S10048";300;353;353;2024-05-27 00:00:00,000;2024-06-03 00:00:00,000;6280;2024-07-04 00:00:00,000
6284;2024-05-24 00:00:00,000;"L001";"S10048";405;365;365;2024-05-27 00:00:00,000;2024-05-30 00:00:00,000;6256;2024-06-27 00:00:00,000
6306;2024-05-27 00:00:00,000;"L001";"S10048";540;387;387;2024-05-29 00:00:00,000;2024-05-31 00:00:00,000;6268;2024-06-27 00:00:00,000
6327;2024-05-28 00:00:00,000;"L001";"S10048";75;377;377;2024-06-03 00:00:00,000;2024-06-07 00:00:00,000;6353;2024-07-04 00:00:00,000
6361;2024-05-30 00:00:00,000;"L001";"S10048";90;389;389;2024-06-03 00:00:00,000;2024-06-06 00:00:00,000;6348;2024-07-04 00:00:00,000
6375;2024-05-31 00:00:00,000;"L001";"S10048";20;337;337;2024-06-05 00:00:00,000;2024-06-10 00:00:00,000;6376;2024-07-11 00:00:00,000
6412;2024-06-05 00:00:00,000;"L001";"S10048";250;393;393;2024-06-10 00:00:00,000;2024-06-14 00:00:00,000;6417;2024-07-11 00:00:00,000
6421;2024-06-06 00:00:00,000;"L001";"S10048";20;365;365;2024-06-10 00:00:00,000;2024-06-17 00:00:00,000;6427;2024-07-18 00:00:00,000
6444;2024-06-10 00:00:00,000;"L001";"S10048";15;388;388;2024-06-11 00:00:00,000;2024-06-17 00:00:00,000;6437;2024-07-18 00:00:00,000
6485;2024-06-12 00:00:00,000;"L001";"S10048";140;358;358;2024-06-17 00:00:00,000;2024-06-18 00:00:00,000;6460;2024-07-18 00:00:00,000
6496;2024-06-13 00:00:00,000;"L001";"S10048";40;35;35;2024-06-18 00:00:00,000;2024-06-24 00:00:00,000;6516;2024-07-25 00:00:00,000
6527;2024-06-14 00:00:00,000;"L001";"S10048";215;377;377;2024-06-19 00:00:00,000;2024-06-25 00:00:00,000;6553;2024-07-25 00:00:00,000
6546;2024-06-17 00:00:00,000;"L001";"S10048";215;32;32;2024-06-20 00:00:00,000;2024-06-25 00:00:00,000;6558;2024-07-25 00:00:00,000
6561;2024-06-18 00:00:00,000;"L001";"S10048";95;361;361;2024-06-20 00:00:00,000;2024-06-24 00:00:00,000;6544;2024-07-25 00:00:00,000
6589;2024-06-19 00:00:00,000;"L001";"S10048";230;404;404;2024-06-21 00:00:00,000;2024-06-26 00:00:00,000;6579;2024-07-25 00:00:00,000
6607;2024-06-20 00:00:00,000;"L001";"S10048";75;41;41;2024-06-24 00:00:00,000;2024-07-01 00:00:00,000;6626;2024-08-01 00:00:00,000
6635;2024-06-21 00:00:00,000;"L001";"S10048";120;379;379;2024-06-25 00:00:00,000;2024-07-01 00:00:00,000;6636;2024-08-01 00:00:00,000
6673;2024-06-25 00:00:00,000;"L001";"S10048";120;356;356;2024-06-27 00:00:00,000;2024-07-02 00:00:00,000;6661;2024-08-01 00:00:00,000
6696;2024-06-26 00:00:00,000;"L001";"S10048";100;403;403;2024-07-01 00:00:00,000;2024-07-04 00:00:00,000;6700;2024-08-01 00:00:00,000
6711;2024-06-27 00:00:00,000;"L001";"S10048";30;353;353;2024-07-02 00:00:00,000;2024-07-08 00:00:00,000;6725;2024-08-08 00:00:00,000
6729;2024-06-28 00:00:00,000;"L001";"S10048";120;398;398;2024-07-01 00:00:00,000;2024-07-05 00:00:00,000;6715;2024-08-01 00:00:00,000
6769;2024-07-01 00:00:00,000;"L001";"S10048";955;351;351;2024-07-02 00:00:00,000;2024-07-08 00:00:00,000;6751;2024-08-08 00:00:00,000
6788;2024-07-03 00:00:00,000;"L001";"S10048";50;358;358;2024-07-04 00:00:00,000;2024-07-11 00:00:00,000;6786;2024-08-08 00:00:00,000
6802;2024-07-04 00:00:00,000;"L001";"S10048";95;332;332;2024-07-08 00:00:00,000;2024-07-12 00:00:00,000;6803;2024-08-08 00:00:00,000
6815;2024-07-05 00:00:00,000;"L001";"S10048";85;408;408;2024-07-08 00:00:00,000;2024-07-10 00:00:00,000;6773;2024-08-08 00:00:00,000
6826;2024-07-08 00:00:00,000;"L001";"S10048";145;346;346;2024-07-12 00:00:00,000;2024-07-15 00:00:00,000;6817;2024-08-15 00:00:00,000
6849;2024-07-09 00:00:00,000;"L001";"S10048";295;364;364;2024-07-11 00:00:00,000;2024-07-17 00:00:00,000;6854;2024-08-15 00:00:00,000
6865;2024-07-10 00:00:00,000;"L001";"S10048";10;328;328;2024-07-12 00:00:00,000;2024-07-19 00:00:00,000;6877;2024-08-15 00:00:00,000
6891;2024-07-11 00:00:00,000;"L001";"S10048";155;377;377;2024-07-15 00:00:00,000;2024-07-19 00:00:00,000;6886;2024-08-15 00:00:00,000
6921;2024-07-12 00:00:00,000;"L001";"S10048";100;377;377;2024-07-16 00:00:00,000;2024-07-22 00:00:00,000;6921;2024-08-22 00:00:00,000
6951;2024-07-15 00:00:00,000;"L001";"S10048";330;394;394;2024-07-17 00:00:00,000;2024-07-22 00:00:00,000;6933;2024-08-22 00:00:00,000
6980;2024-07-16 00:00:00,000;"L001";"S10048";140;378;378;2024-07-19 00:00:00,000;2024-07-26 00:00:00,000;7012;2024-08-22 00:00:00,000
6993;2024-07-17 00:00:00,000;"L001";"S10048";265;357;357;2024-07-18 00:00:00,000;2024-07-22 00:00:00,000;6942;2024-08-22 00:00:00,000
7018;2024-07-18 00:00:00,000;"L001";"S10048";405;317;317;2024-07-22 00:00:00,000;2024-07-24 00:00:00,000;6983;2024-08-22 00:00:00,000
7037;2024-07-19 00:00:00,000;"L001";"S10048";105;358;358;2024-07-22 00:00:00,000;2024-07-25 00:00:00,000;7007;2024-08-22 00:00:00,000
7054;2024-07-22 00:00:00,000;"L001";"S10048";125;424;424;2024-07-26 00:00:00,000;2024-07-30 00:00:00,000;7062;2024-08-29 00:00:00,000
7069;2024-07-23 00:00:00,000;"L001";"S10048";95;403;403;2024-07-29 00:00:00,000;2024-07-31 00:00:00,000;7073;2024-08-29 00:00:00,000
7092;2024-07-24 00:00:00,000;"L001";"S10048";175;379;379;2024-07-26 00:00:00,000;2024-07-29 00:00:00,000;7059;2024-08-29 00:00:00,000
7116;2024-07-25 00:00:00,000;"L001";"S10048";295;353;353;2024-07-29 00:00:00,000;2024-08-01 00:00:00,000;7103;2024-08-29 00:00:00,000
7133;2024-07-26 00:00:00,000;"L001";"S10048";95;391;391;2024-07-29 00:00:00,000;2024-08-05 00:00:00,000;7134;2024-09-05 00:00:00,000
7166;2024-07-30 00:00:00,000;"L001";"S10048";370;363;363;2024-08-01 00:00:00,000;2024-08-05 00:00:00,000;7143;2024-09-05 00:00:00,000
7202;2024-08-01 00:00:00,000;"L001";"S10048";175;341;341;2024-08-02 00:00:00,000;2024-08-07 00:00:00,000;7179;2024-09-05 00:00:00,000
7216;2024-08-02 00:00:00,000;"L001";"S10048";55;36;36;2024-08-05 00:00:00,000;2024-08-12 00:00:00,000;7216;2024-09-12 00:00:00,000
7228;2024-08-05 00:00:00,000;"L001";"S10048";75;354;354;2024-08-07 00:00:00,000;2024-08-14 00:00:00,000;7240;2024-09-12 00:00:00,000
7245;2024-08-06 00:00:00,000;"L001";"S10048";155;396;396;2024-08-07 00:00:00,000;2024-08-14 00:00:00,000;7246;2024-09-12 00:00:00,000
7272;2024-08-07 00:00:00,000;"L001";"S10048";235;357;357;2024-08-12 00:00:00,000;2024-08-16 00:00:00,000;7278;2024-09-12 00:00:00,000
7284;2024-08-08 00:00:00,000;"L001";"S10048";130;362;362;2024-08-12 00:00:00,000;2024-08-14 00:00:00,000;7255;2024-09-12 00:00:00,000
7304;2024-08-09 00:00:00,000;"L001";"S10048";105;35;35;2024-08-12 00:00:00,000;2024-08-16 00:00:00,000;7286;2024-09-12 00:00:00,000
7333;2024-08-13 00:00:00,000;"L001";"S10048";30;349;349;2024-08-19 00:00:00,000;2024-08-20 00:00:00,000;7332;2024-09-19 00:00:00,000
7354;2024-08-14 00:00:00,000;"L001";"S10048";125;388;388;2024-08-16 00:00:00,000;2024-08-22 00:00:00,000;7348;2024-09-19 00:00:00,000
7374;2024-08-15 00:00:00,000;"L001";"S10048";175;336;336;2024-08-19 00:00:00,000;2024-08-26 00:00:00,000;7380;2024-09-26 00:00:00,000
7385;2024-08-16 00:00:00,000;"L001";"S10048";15;378;378;2024-08-19 00:00:00,000;2024-08-20 00:00:00,000;7339;2024-09-19 00:00:00,000
7411;2024-08-20 00:00:00,000;"L001";"S10048";315;329;329;2024-08-26 00:00:00,000;2024-08-30 00:00:00,000;7443;2024-09-26 00:00:00,000
7422;2024-08-21 00:00:00,000;"L001";"S10048";15;359;359;2024-08-26 00:00:00,000;2024-08-28 00:00:00,000;7422;2024-09-26 00:00:00,000
7439;2024-08-22 00:00:00,000;"L001";"S10048";115;393;393;2024-08-27 00:00:00,000;2024-09-03 00:00:00,000;7475;2024-10-03 00:00:00,000
7459;2024-08-23 00:00:00,000;"L001";"S10048";245;358;358;2024-08-28 00:00:00,000;2024-09-02 00:00:00,000;7460;2024-10-03 00:00:00,000
7468;2024-08-26 00:00:00,000;"L001";"S10048";120;409;409;2024-08-29 00:00:00,000;2024-09-03 00:00:00,000;7477;2024-10-03 00:00:00,000
7485;2024-08-27 00:00:00,000;"L001";"S10048";60;359;359;2024-08-30 00:00:00,000;2024-09-04 00:00:00,000;7493;2024-10-03 00:00:00,000
7511;2024-08-28 00:00:00,000;"L001";"S10048";300;384;384;2024-08-29 00:00:00,000;2024-09-03 00:00:00,000;7482;2024-10-03 00:00:00,000
7532;2024-08-29 00:00:00,000;"L001";"S10048";250;38;38;2024-09-02 00:00:00,000;2024-09-06 00:00:00,000;7526;2024-10-03 00:00:00,000
7563;2024-09-03 00:00:00,000;"L001";"S10048";150;338;338;2024-09-09 00:00:00,000;2024-09-10 00:00:00,000;7558;2024-10-10 00:00:00,000
7585;2024-09-04 00:00:00,000;"L001";"S10048";35;362;362;2024-09-06 00:00:00,000;2024-09-11 00:00:00,000;7573;2024-10-10 00:00:00,000
7609;2024-09-05 00:00:00,000;"L001";"S10048";55;32;32;2024-09-10 00:00:00,000;2024-09-13 00:00:00,000;7599;2024-10-10 00:00:00,000
7622;2024-09-06 00:00:00,000;"L001";"S10048";95;332;332;2024-09-09 00:00:00,000;2024-09-12 00:00:00,000;7591;2024-10-10 00:00:00,000
7634;2024-09-09 00:00:00,000;"L001";"S10048";45;388;388;2024-09-10 00:00:00,000;2024-09-16 00:00:00,000;7631;2024-10-17 00:00:00,000
7650;2024-09-10 00:00:00,000;"L001";"S10048";50;384;384;2024-09-11 00:00:00,000;2024-09-18 00:00:00,000;7650;2024-10-17 00:00:00,000
7677;2024-09-12 00:00:00,000;"L001";"S10048";50;399;399;2024-09-16 00:00:00,000;2024-09-23 00:00:00,000;7686;2024-10-24 00:00:00,000
7708;2024-09-17 00:00:00,000;"L001";"S10048";25;324;324;2024-09-23 00:00:00,000;2024-09-26 00:00:00,000;7730;2024-10-24 00:00:00,000
7733;2024-09-18 00:00:00,000;"L001";"S10048";345;426;426;2024-09-23 00:00:00,000;2024-09-27 00:00:00,000;7748;2024-10-24 00:00:00,000
7755;2024-09-19 00:00:00,000;"L001";"S10048";45;331;331;2024-09-23 00:00:00,000;2024-09-25 00:00:00,000;7726;2024-10-24 00:00:00,000
7794;2024-09-23 00:00:00,000;"L001";"S10048";295;378;378;2024-09-24 00:00:00,000;2024-09-27 00:00:00,000;7758;2024-10-24 00:00:00,000
7818;2024-09-24 00:00:00,000;"L001";"S10048";100;362;362;2024-09-26 00:00:00,000;2024-09-30 00:00:00,000;7796;2024-10-31 00:00:00,000
7842;2024-09-25 00:00:00,000;"L001";"S10048";65;348;348;2024-09-30 00:00:00,000;2024-09-30 00:00:00,000;7800;2024-10-31 00:00:00,000
7856;2024-09-26 00:00:00,000;"L001";"S10048";185;381;381;2024-09-30 00:00:00,000;2024-10-01 00:00:00,000;7809;2024-10-31 00:00:00,000
7906;2024-10-01 00:00:00,000;"L001";"S10048";320;4;4;2024-10-02 00:00:00,000;2024-10-07 00:00:00,000;7881;2024-11-07 00:00:00,000
7934;2024-10-02 00:00:00,000;"L001";"S10048";190;41;41;2024-10-03 00:00:00,000;2024-10-09 00:00:00,000;7907;2024-11-07 00:00:00,000
7945;2024-10-03 00:00:00,000;"L001";"S10048";115;415;415;2024-10-07 00:00:00,000;2024-10-10 00:00:00,000;7924;2024-11-07 00:00:00,000
7965;2024-10-07 00:00:00,000;"L001";"S10048";50;348;348;2024-10-08 00:00:00,000;2024-10-11 00:00:00,000;7933;2024-11-07 00:00:00,000
8005;2024-10-10 00:00:00,000;"L001";"S10048";90;422;422;2024-10-14 00:00:00,000;2024-10-18 00:00:00,000;8005;2024-11-14 00:00:00,000
8036;2024-10-14 00:00:00,000;"L001";"S10048";290;344;344;2024-10-15 00:00:00,000;2024-10-22 00:00:00,000;8048;2024-11-21 00:00:00,000
8048;2024-10-15 00:00:00,000;"L001";"S10048";60;316;316;2024-10-17 00:00:00,000;2024-10-23 00:00:00,000;8067;2024-11-21 00:00:00,000
8076;2024-10-16 00:00:00,000;"L001";"S10048";340;383;383;2024-10-21 00:00:00,000;2024-10-24 00:00:00,000;8084;2024-11-21 00:00:00,000
8101;2024-10-17 00:00:00,000;"L001";"S10048";175;399;399;2024-10-18 00:00:00,000;2024-10-22 00:00:00,000;8061;2024-11-21 00:00:00,000
8127;2024-10-18 00:00:00,000;"L001";"S10048";165;339;339;2024-10-23 00:00:00,000;2024-10-29 00:00:00,000;8145;2024-11-28 00:00:00,000
8144;2024-10-21 00:00:00,000;"L001";"S10048";60;415;415;2024-10-23 00:00:00,000;2024-10-29 00:00:00,000;8148;2024-11-28 00:00:00,000
8160;2024-10-22 00:00:00,000;"L001";"S10048";50;42;42;2024-10-25 00:00:00,000;2024-10-30 00:00:00,000;8160;2024-11-28 00:00:00,000
8172;2024-10-23 00:00:00,000;"L001";"S10048";10;389;389;2024-10-24 00:00:00,000;2024-10-31 00:00:00,000;8175;2024-11-28 00:00:00,000
8187;2024-10-24 00:00:00,000;"L001";"S10048";95;335;335;2024-10-28 00:00:00,000;2024-10-29 00:00:00,000;8156;2024-11-28 00:00:00,000
8202;2024-10-25 00:00:00,000;"L001";"S10048";85;387;387;2024-10-28 00:00:00,000;2024-11-01 00:00:00,000;8191;2024-11-28 00:00:00,000
8214;2024-10-28 00:00:00,000;"L001";"S10048";35;387;387;2024-10-31 00:00:00,000;2024-11-05 00:00:00,000;8215;2024-12-05 00:00:00,000
8219;2024-10-29 00:00:00,000;"L001";"S10048";75;384;384;2024-10-31 00:00:00,000;2024-11-04 00:00:00,000;8210;2024-12-05 00:00:00,000
8257;2024-10-31 00:00:00,000;"L001";"S10048";200;365;365;2024-11-04 00:00:00,000;2024-11-07 00:00:00,000;8247;2024-12-05 00:00:00,000
8274;2024-11-04 00:00:00,000;"L001";"S10048";105;338;338;2024-11-08 00:00:00,000;2024-11-14 00:00:00,000;8312;2024-12-12 00:00:00,000
8303;2024-11-05 00:00:00,000;"L001";"S10048";35;378;378;2024-11-07 00:00:00,000;2024-11-13 00:00:00,000;8303;2024-12-12 00:00:00,000
8315;2024-11-06 00:00:00,000;"L001";"S10048";145;353;353;2024-11-08 00:00:00,000;2024-11-13 00:00:00,000;8307;2024-12-12 00:00:00,000
8328;2024-11-07 00:00:00,000;"L001";"S10048";35;364;364;2024-11-11 00:00:00,000;2024-11-18 00:00:00,000;8343;2024-12-19 00:00:00,000
8346;2024-11-08 00:00:00,000;"L001";"S10048";80;36;36;2024-11-12 00:00:00,000;2024-11-18 00:00:00,000;8348;2024-12-19 00:00:00,000
8365;2024-11-11 00:00:00,000;"L001";"S10048";40;363;363;2024-11-15 00:00:00,000;2024-11-20 00:00:00,000;8386;2024-12-19 00:00:00,000
8381;2024-11-12 00:00:00,000;"L001";"S10048";70;4;4;2024-11-18 00:00:00,000;2024-11-20 00:00:00,000;8391;2024-12-19 00:00:00,000
8399;2024-11-13 00:00:00,000;"L001";"S10048";230;378;378;2024-11-18 00:00:00,000;2024-11-21 00:00:00,000;8403;2024-12-19 00:00:00,000
8414;2024-11-14 00:00:00,000;"L001";"S10048";55;396;396;2024-11-15 00:00:00,000;2024-11-20 00:00:00,000;8399;2024-12-19 00:00:00,000
8433;2024-11-18 00:00:00,000;"L001";"S10048";140;381;381;2024-11-20 00:00:00,000;2024-11-25 00:00:00,000;8425;1900-01-01 00:00:00,000
8447;2024-11-19 00:00:00,000;"L001";"S10048";125;357;357;2024-11-25 00:00:00,000;2024-11-28 00:00:00,000;8469;1900-01-01 00:00:00,000
8465;2024-11-20 00:00:00,000;"L001";"S10048";230;363;363;2024-11-25 00:00:00,000;2024-12-02 00:00:00,000;8498;1900-01-01 00:00:00,000
8492;2024-11-21 00:00:00,000;"L001";"S10048";265;354;354;2024-11-25 00:00:00,000;2024-11-29 00:00:00,000;8486;1900-01-01 00:00:00,000
8512;2024-11-22 00:00:00,000;"L001";"S10048";95;412;412;2024-11-25 00:00:00,000;2024-11-29 00:00:00,000;8492;1900-01-01 00:00:00,000
8530;2024-11-25 00:00:00,000;"L001";"S10048";205;387;387;2024-11-27 00:00:00,000;2024-11-29 00:00:00,000;8493;1900-01-01 00:00:00,000
8557;2024-11-26 00:00:00,000;"L001";"S10048";190;358;358;2024-12-02 00:00:00,000;2024-12-04 00:00:00,000;8556;1900-01-01 00:00:00,000
8577;2024-11-27 00:00:00,000;"L001";"S10048";205;408;408;2024-12-02 00:00:00,000;2024-12-05 00:00:00,000;8573;1900-01-01 00:00:00,000
8598;2024-11-28 00:00:00,000;"L001";"S10048";410;324;324;2024-12-03 00:00:00,000;2024-12-09 00:00:00,000;8607;1900-01-01 00:00:00,000
8608;2024-11-29 00:00:00,000;"L001";"S10048";80;405;405;2024-12-04 00:00:00,000;2024-12-09 00:00:00,000;8610;1900-01-01 00:00:00,000
8620;2024-12-02 00:00:00,000;"L001";"S10048";15;349;349;2024-12-06 00:00:00,000;2024-12-09 00:00:00,000;8618;1900-01-01 00:00:00,000
8642;2024-12-03 00:00:00,000;"L001";"S10048";305;344;344;2024-12-06 00:00:00,000;2024-12-11 00:00:00,000;8651;1900-01-01 00:00:00,000
8662;2024-12-04 00:00:00,000;"L001";"S10048";70;364;364;2024-12-05 00:00:00,000;2024-12-12 00:00:00,000;8670;1900-01-01 00:00:00,000
8679;2024-12-05 00:00:00,000;"L001";"S10048";185;382;382;2024-12-09 00:00:00,000;2024-12-12 00:00:00,000;8673;1900-01-01 00:00:00,000
8702;2024-12-06 00:00:00,000;"L001";"S10048";325;393;393;2024-12-11 00:00:00,000;2024-12-16 00:00:00,000;8706;1900-01-01 00:00:00,000
8716;2024-12-09 00:00:00,000;"L001";"S10048";120;396;396;2024-12-11 00:00:00,000;2024-12-16 00:00:00,000;8711;1900-01-01 00:00:00,000
8732;2024-12-10 00:00:00,000;"L001";"S10048";30;341;341;2024-12-12 00:00:00,000;2024-12-19 00:00:00,000;8745;1900-01-01 00:00:00,000
8749;2024-12-11 00:00:00,000;"L001";"S10048";195;386;386;2024-12-16 00:00:00,000;2024-12-20 00:00:00,000;8764;1900-01-01 00:00:00,000
8770;2024-12-12 00:00:00,000;"L001";"S10048";90;365;365;2024-12-16 00:00:00,000;2024-12-20 00:00:00,000;8770;1900-01-01 00:00:00,000
8795;2024-12-13 00:00:00,000;"L001";"S10048";140;35;35;2024-12-16 00:00:00,000;2024-12-20 00:00:00,000;8781;1900-01-01 00:00:00,000
8813;2024-12-16 00:00:00,000;"L001";"S10048";55;378;378;2024-12-20 00:00:00,000;2024-12-27 00:00:00,000;8834;1900-01-01 00:00:00,000
8836;2024-12-17 00:00:00,000;"L001";"S10048";80;378;378;2024-12-19 00:00:00,000;2024-12-27 00:00:00,000;8842;1900-01-01 00:00:00,000
8853;2024-12-18 00:00:00,000;"L001";"S10048";25;365;365;2024-12-23 00:00:00,000;2024-12-30 00:00:00,000;8876;1900-01-01 00:00:00,000
8866;2024-12-19 00:00:00,000;"L001";"S10048";10;356;356;2024-12-23 00:00:00,000;2024-12-27 00:00:00,000;8858;1900-01-01 00:00:00,000
8889;2024-12-20 00:00:00,000;"L001";"S10048";90;347;347;2024-12-23 00:00:00,000;2024-12-27 00:00:00,000;8869;1900-01-01 00:00:00,000
8927;2024-12-24 00:00:00,000;"L001";"S10048";350;346;0;2024-12-27 00:00:00,000;1900-01-01 00:00:00,000;0;1900-01-01 00:00:00,000
8951;2024-12-27 00:00:00,000;"L001";"S10048";65;357;0;2024-12-31 00:00:00,000;1900-01-01 00:00:00,000;0;1900-01-01 00:00:00,000
8973;2024-12-30 00:00:00,000;"L001";"S10048";75;413;0;1900-01-01 00:00:00,000;1900-01-01 00:00:00,000;0;1900-01-01 00:00:00,000
8986;2024-12-31 00:00:00,000;"L001";"S10048";45;401;0;1900-01-01 00:00:00,000;1900-01-01 00:00:00,000;0;1900-01-01 00:00:00,000
4100;2023-11-24 00:00:00,000;"L001";"A10006";145;476;476;2023-11-27 00:00:00,000;2023-12-04 00:00:00,000;4109;2024-01-04 00:00:00,000
4115;2023-11-27 00:00:00,000;"L001";"A10006";100;473;473;2023-12-01 00:00:00,000;2023-12-05 00:00:00,000;4133;2024-01-04 00:00:00,000
4133;2023-11-28 00:00:00,000;"L001";"A10006";375;46;46;2023-12-01 00:00:00,000;2023-12-04 00:00:00,000;4124;2024-01-04 00:00:00,000
4159;2023-11-29 00:00:00,000;"L001";"A10006";25;48;48;2023-12-01 00:00:00,000;2023-12-07 00:00:00,000;4173;2024-01-04 00:00:00,000
4177;2023-11-30 00:00:00,000;"L001";"A10006";115;443;443;2023-12-01 00:00:00,000;2023-12-05 00:00:00,000;4145;2024-01-04 00:00:00,000
4197;2023-12-01 00:00:00,000;"L001";"A10006";80;463;463;2023-12-04 00:00:00,000;2023-12-11 00:00:00,000;4211;2024-01-11 00:00:00,000
4222;2023-12-04 00:00:00,000;"L001";"A10006";180;445;445;2023-12-05 00:00:00,000;2023-12-07 00:00:00,000;4182;2024-01-04 00:00:00,000
4240;2023-12-05 00:00:00,000;"L001";"A10006";280;463;463;2023-12-07 00:00:00,000;2023-12-11 00:00:00,000;4231;2024-01-11 00:00:00,000
4260;2023-12-06 00:00:00,000;"L001";"A10006";95;449;449;2023-12-11 00:00:00,000;2023-12-14 00:00:00,000;4270;2024-01-11 00:00:00,000
4289;2023-12-08 00:00:00,000;"L001";"A10006";135;469;469;2023-12-11 00:00:00,000;2023-12-15 00:00:00,000;4281;2024-01-11 00:00:00,000
4296;2023-12-11 00:00:00,000;"L001";"A10006";250;451;451;2023-12-13 00:00:00,000;2023-12-18 00:00:00,000;4295;2024-01-18 00:00:00,000
4317;2023-12-12 00:00:00,000;"L001";"A10006";245;472;472;2023-12-18 00:00:00,000;2023-12-18 00:00:00,000;4305;2024-01-18 00:00:00,000
4347;2023-12-14 00:00:00,000;"L001";"A10006";150;465;465;2023-12-18 00:00:00,000;2023-12-27 00:00:00,000;4367;2024-01-25 00:00:00,000
4365;2023-12-15 00:00:00,000;"L001";"A10006";15;475;475;2023-12-18 00:00:00,000;2023-12-22 00:00:00,000;4359;2024-01-18 00:00:00,000
4377;2023-12-18 00:00:00,000;"L001";"A10006";300;476;476;2023-12-19 00:00:00,000;2023-12-27 00:00:00,000;4378;2024-01-25 00:00:00,000
4398;2023-12-19 00:00:00,000;"L001";"A10006";110;445;445;2023-12-22 00:00:00,000;2023-12-27 00:00:00,000;4393;2024-01-25 00:00:00,000
4419;2023-12-20 00:00:00,000;"L001";"A10006";15;468;468;2023-12-22 00:00:00,000;2023-12-28 00:00:00,000;4431;2024-01-25 00:00:00,000
4437;2023-12-21 00:00:00,000;"L001";"A10006";145;485;485;2023-12-27 00:00:00,000;2023-12-29 00:00:00,000;4447;2024-01-25 00:00:00,000
4459;2023-12-22 00:00:00,000;"L001";"A10006";130;43;43;2023-12-27 00:00:00,000;2024-01-02 00:00:00,000;4461;2024-02-01 00:00:00,000
4469;2023-12-27 00:00:00,000;"L001";"A10006";130;463;463;2023-12-29 00:00:00,000;2024-01-03 00:00:00,000;4475;2024-02-01 00:00:00,000
4503;2023-12-29 00:00:00,000;"L001";"A10006";200;464;464;2024-01-02 00:00:00,000;2024-01-08 00:00:00,000;4509;2024-02-08 00:00:00,000
4519;2024-01-02 00:00:00,000;"L001";"A10006";260;449;449;2024-01-03 00:00:00,000;2024-01-09 00:00:00,000;4526;2024-02-08 00:00:00,000
4548;2024-01-04 00:00:00,000;"L001";"A10006";150;442;442;2024-01-08 00:00:00,000;2024-01-15 00:00:00,000;4579;2024-02-15 00:00:00,000
4570;2024-01-05 00:00:00,000;"L001";"A10006";65;472;472;2024-01-08 00:00:00,000;2024-01-12 00:00:00,000;4569;2024-02-08 00:00:00,000
4596;2024-01-09 00:00:00,000;"L001";"A10006";65;419;419;2024-01-11 00:00:00,000;2024-01-16 00:00:00,000;4598;2024-02-15 00:00:00,000
4620;2024-01-10 00:00:00,000;"L001";"A10006";185;407;407;2024-01-15 00:00:00,000;2024-01-22 00:00:00,000;4667;2024-02-22 00:00:00,000
4649;2024-01-11 00:00:00,000;"L001";"A10006";40;439;439;2024-01-16 00:00:00,000;2024-01-22 00:00:00,000;4671;2024-02-22 00:00:00,000
4667;2024-01-12 00:00:00,000;"L001";"A10006";95;47;47;2024-01-16 00:00:00,000;2024-01-22 00:00:00,000;4679;2024-02-22 00:00:00,000
4685;2024-01-15 00:00:00,000;"L001";"A10006";180;467;467;2024-01-16 00:00:00,000;2024-01-22 00:00:00,000;4686;2024-02-22 00:00:00,000
4725;2024-01-18 00:00:00,000;"L001";"A10006";125;425;425;2024-01-22 00:00:00,000;2024-01-29 00:00:00,000;4739;2024-02-29 00:00:00,000
4736;2024-01-19 00:00:00,000;"L001";"A10006";205;445;445;2024-01-22 00:00:00,000;2024-01-29 00:00:00,000;4744;2024-02-29 00:00:00,000
4752;2024-01-22 00:00:00,000;"L001";"A10006";135;493;493;2024-01-23 00:00:00,000;2024-01-29 00:00:00,000;4754;2024-02-29 00:00:00,000
4775;2024-01-23 00:00:00,000;"L001";"A10006";120;48;48;2024-01-29 00:00:00,000;2024-02-02 00:00:00,000;4809;2024-02-29 00:00:00,000
4796;2024-01-24 00:00:00,000;"L001";"A10006";185;445;445;2024-01-29 00:00:00,000;2024-01-31 00:00:00,000;4794;2024-02-29 00:00:00,000
4813;2024-01-25 00:00:00,000;"L001";"A10006";105;475;475;2024-01-29 00:00:00,000;2024-02-05 00:00:00,000;4826;2024-03-07 00:00:00,000
4827;2024-01-26 00:00:00,000;"L001";"A10006";155;484;484;2024-01-31 00:00:00,000;2024-02-05 00:00:00,000;4832;2024-03-07 00:00:00,000
4846;2024-01-29 00:00:00,000;"L001";"A10006";215;476;476;2024-01-31 00:00:00,000;2024-02-05 00:00:00,000;4841;2024-03-07 00:00:00,000
4868;2024-01-30 00:00:00,000;"L001";"A10006";30;47;47;2024-01-31 00:00:00,000;2024-02-05 00:00:00,000;4854;2024-03-07 00:00:00,000
4879;2024-01-31 00:00:00,000;"L001";"A10006";160;521;521;2024-02-02 00:00:00,000;2024-02-06 00:00:00,000;4868;2024-03-07 00:00:00,000
4904;2024-02-02 00:00:00,000;"L001";"A10006";110;466;466;2024-02-05 00:00:00,000;2024-02-12 00:00:00,000;4910;2024-03-14 00:00:00,000
4915;2024-02-05 00:00:00,000;"L001";"A10006";245;465;465;2024-02-06 00:00:00,000;2024-02-12 00:00:00,000;4916;2024-03-14 00:00:00,000
4938;2024-02-06 00:00:00,000;"L001";"A10006";15;448;448;2024-02-08 00:00:00,000;2024-02-12 00:00:00,000;4928;2024-03-14 00:00:00,000
4952;2024-02-07 00:00:00,000;"L001";"A10006";270;472;472;2024-02-12 00:00:00,000;2024-02-19 00:00:00,000;4983;2024-03-21 00:00:00,000
4971;2024-02-08 00:00:00,000;"L001";"A10006";15;426;426;2024-02-09 00:00:00,000;2024-02-14 00:00:00,000;4960;2024-03-14 00:00:00,000
4999;2024-02-12 00:00:00,000;"L001";"A10006";295;423;423;2024-02-16 00:00:00,000;2024-02-19 00:00:00,000;4999;2024-03-21 00:00:00,000
5025;2024-02-13 00:00:00,000;"L001";"A10006";140;432;432;2024-02-15 00:00:00,000;2024-02-20 00:00:00,000;5027;2024-03-21 00:00:00,000
5045;2024-02-14 00:00:00,000;"L001";"A10006";120;443;443;2024-02-19 00:00:00,000;2024-02-23 00:00:00,000;5062;2024-03-21 00:00:00,000
5063;2024-02-15 00:00:00,000;"L001";"A10006";120;44;44;2024-02-16 00:00:00,000;2024-02-22 00:00:00,000;5055;2024-03-21 00:00:00,000
5070;2024-02-16 00:00:00,000;"L001";"A10006";15;489;489;2024-02-20 00:00:00,000;2024-02-23 00:00:00,000;5067;2024-03-21 00:00:00,000
5082;2024-02-19 00:00:00,000;"L001";"A10006";255;441;441;2024-02-23 00:00:00,000;2024-02-28 00:00:00,000;5125;2024-03-28 00:00:00,000
5106;2024-02-20 00:00:00,000;"L001";"A10006";295;469;469;2024-02-22 00:00:00,000;2024-02-28 00:00:00,000;5126;2024-03-28 00:00:00,000
5135;2024-02-21 00:00:00,000;"L001";"A10006";475;465;465;2024-02-22 00:00:00,000;2024-02-27 00:00:00,000;5120;2024-03-28 00:00:00,000
5162;2024-02-22 00:00:00,000;"L001";"A10006";270;484;484;2024-02-23 00:00:00,000;2024-02-26 00:00:00,000;5102;2024-03-28 00:00:00,000
5184;2024-02-26 00:00:00,000;"L001";"A10006";80;415;415;2024-02-28 00:00:00,000;2024-03-04 00:00:00,000;5183;2024-04-04 00:00:00,000
5199;2024-02-27 00:00:00,000;"L001";"A10006";60;416;416;2024-03-04 00:00:00,000;2024-03-05 00:00:00,000;5202;2024-04-04 00:00:00,000
5211;2024-02-28 00:00:00,000;"L001";"A10006";235;443;443;2024-02-29 00:00:00,000;2024-03-04 00:00:00,000;5192;2024-04-04 00:00:00,000
5238;2024-02-29 00:00:00,000;"L001";"A10006";115;48;48;2024-03-04 00:00:00,000;2024-03-07 00:00:00,000;5235;2024-04-04 00:00:00,000
5256;2024-03-01 00:00:00,000;"L001";"A10006";180;395;395;2024-03-04 00:00:00,000;2024-03-11 00:00:00,000;5265;2024-04-11 00:00:00,000
5276;2024-03-04 00:00:00,000;"L001";"A10006";170;432;432;2024-03-06 00:00:00,000;2024-03-11 00:00:00,000;5273;2024-04-11 00:00:00,000
5294;2024-03-05 00:00:00,000;"L001";"A10006";95;446;446;2024-03-06 00:00:00,000;2024-03-11 00:00:00,000;5282;2024-04-11 00:00:00,000
5302;2024-03-06 00:00:00,000;"L001";"A10006";90;514;514;2024-03-11 00:00:00,000;2024-03-13 00:00:00,000;5309;2024-04-11 00:00:00,000
5315;2024-03-07 00:00:00,000;"L001";"A10006";30;429;429;2024-03-11 00:00:00,000;2024-03-18 00:00:00,000;5330;2024-04-18 00:00:00,000
5332;2024-03-08 00:00:00,000;"L001";"A10006";20;392;392;2024-03-13 00:00:00,000;2024-03-19 00:00:00,000;5356;2024-04-18 00:00:00,000
5343;2024-03-11 00:00:00,000;"L001";"A10006";95;443;443;2024-03-12 00:00:00,000;2024-03-15 00:00:00,000;5327;2024-04-11 00:00:00,000
5365;2024-03-12 00:00:00,000;"L001";"A10006";85;494;494;2024-03-14 00:00:00,000;2024-03-19 00:00:00,000;5363;2024-04-18 00:00:00,000
5385;2024-03-13 00:00:00,000;"L001";"A10006";225;483;483;2024-03-18 00:00:00,000;2024-03-20 00:00:00,000;5383;2024-04-18 00:00:00,000
5408;2024-03-14 00:00:00,000;"L001";"A10006";120;472;472;2024-03-18 00:00:00,000;2024-03-22 00:00:00,000;5418;2024-04-18 00:00:00,000
5429;2024-03-15 00:00:00,000;"L001";"A10006";130;446;446;2024-03-20 00:00:00,000;2024-03-25 00:00:00,000;5442;2024-04-25 00:00:00,000
5449;2024-03-18 00:00:00,000;"L001";"A10006";190;471;471;2024-03-25 00:00:00,000;2024-03-27 00:00:00,000;5477;2024-04-25 00:00:00,000
5479;2024-03-20 00:00:00,000;"L001";"A10006";140;508;508;2024-03-25 00:00:00,000;2024-03-28 00:00:00,000;5500;2024-04-25 00:00:00,000
5503;2024-03-21 00:00:00,000;"L001";"A10006";45;437;437;2024-03-25 00:00:00,000;2024-03-27 00:00:00,000;5490;2024-04-25 00:00:00,000
5519;2024-03-22 00:00:00,000;"L001";"A10006";130;422;422;2024-03-25 00:00:00,000;2024-03-25 00:00:00,000;5463;2024-04-25 00:00:00,000
5560;2024-03-26 00:00:00,000;"L001";"A10006";55;439;439;2024-03-28 00:00:00,000;2024-04-02 00:00:00,000;5557;2024-05-02 00:00:00,000
5573;2024-03-27 00:00:00,000;"L001";"A10006";330;437;437;2024-03-29 00:00:00,000;2024-04-03 00:00:00,000;5584;2024-05-02 00:00:00,000
5598;2024-03-28 00:00:00,000;"L001";"A10006";280;479;479;2024-04-02 00:00:00,000;2024-04-02 00:00:00,000;5574;2024-05-02 00:00:00,000
5629;2024-03-29 00:00:00,000;"L001";"A10006";255;422;422;2024-04-03 00:00:00,000;2024-04-08 00:00:00,000;5639;2024-05-16 00:00:00,000
5657;2024-04-02 00:00:00,000;"L001";"A10006";80;466;466;2024-04-04 00:00:00,000;2024-04-08 00:00:00,000;5653;2024-05-16 00:00:00,000
5668;2024-04-03 00:00:00,000;"L001";"A10006";65;463;463;2024-04-04 00:00:00,000;2024-04-08 00:00:00,000;5657;2024-05-16 00:00:00,000
5680;2024-04-04 00:00:00,000;"L001";"A10006";140;442;442;2024-04-08 00:00:00,000;2024-04-11 00:00:00,000;5678;2024-05-16 00:00:00,000
5693;2024-04-05 00:00:00,000;"L001";"A10006";90;404;404;2024-04-08 00:00:00,000;2024-04-12 00:00:00,000;5688;2024-05-16 00:00:00,000
5704;2024-04-08 00:00:00,000;"L001";"A10006";10;434;434;2024-04-11 00:00:00,000;2024-04-17 00:00:00,000;5742;2024-05-16 00:00:00,000
5718;2024-04-09 00:00:00,000;"L001";"A10006";270;49;49;2024-04-11 00:00:00,000;2024-04-17 00:00:00,000;5746;2024-05-16 00:00:00,000
5744;2024-04-10 00:00:00,000;"L001";"A10006";80;447;447;2024-04-15 00:00:00,000;2024-04-17 00:00:00,000;5748;2024-05-16 00:00:00,000
5766;2024-04-11 00:00:00,000;"L001";"A10006";220;445;445;2024-04-15 00:00:00,000;2024-04-19 00:00:00,000;5773;2024-05-16 00:00:00,000
5786;2024-04-12 00:00:00,000;"L001";"A10006";75;393;393;2024-04-15 00:00:00,000;2024-04-22 00:00:00,000;5793;2024-05-23 00:00:00,000
5805;2024-04-15 00:00:00,000;"L001";"A10006";125;506;506;2024-04-16 00:00:00,000;2024-04-22 00:00:00,000;5804;2024-05-23 00:00:00,000
5818;2024-04-16 00:00:00,000;"L001";"A10006";195;435;435;2024-04-18 00:00:00,000;2024-04-23 00:00:00,000;5818;2024-05-23 00:00:00,000
5830;2024-04-17 00:00:00,000;"L001";"A10006";145;522;522;2024-04-22 00:00:00,000;2024-04-29 00:00:00,000;5858;2024-05-30 00:00:00,000
5842;2024-04-18 00:00:00,000;"L001";"A10006";145;467;467;2024-04-22 00:00:00,000;2024-04-24 00:00:00,000;5830;2024-05-23 00:00:00,000
5856;2024-04-19 00:00:00,000;"L001";"A10006";25;425;425;2024-04-24 00:00:00,000;2024-04-29 00:00:00,000;5866;2024-05-30 00:00:00,000
5874;2024-04-22 00:00:00,000;"L001";"A10006";260;489;489;2024-04-24 00:00:00,000;2024-05-01 00:00:00,000;5908;2024-05-30 00:00:00,000
5902;2024-04-23 00:00:00,000;"L001";"A10006";200;391;391;2024-04-26 00:00:00,000;2024-05-01 00:00:00,000;5914;2024-05-30 00:00:00,000
5916;2024-04-24 00:00:00,000;"L001";"A10006";265;478;478;2024-04-26 00:00:00,000;2024-05-01 00:00:00,000;5916;2024-05-30 00:00:00,000
5940;2024-04-25 00:00:00,000;"L001";"A10006";435;492;492;2024-04-30 00:00:00,000;2024-05-02 00:00:00,000;5939;2024-05-30 00:00:00,000
5967;2024-04-26 00:00:00,000;"L001";"A10006";150;488;488;2024-04-30 00:00:00,000;2024-05-06 00:00:00,000;5977;2024-06-06 00:00:00,000
5978;2024-04-29 00:00:00,000;"L001";"A10006";255;496;496;2024-05-06 00:00:00,000;2024-05-08 00:00:00,000;6005;2024-06-06 00:00:00,000
6000;2024-04-30 00:00:00,000;"L001";"A10006";90;425;425;2024-05-06 00:00:00,000;2024-05-10 00:00:00,000;6029;2024-06-06 00:00:00,000
6013;2024-05-01 00:00:00,000;"L001";"A10006";75;446;446;2024-05-02 00:00:00,000;2024-05-08 00:00:00,000;6012;2024-06-06 00:00:00,000
6034;2024-05-02 00:00:00,000;"L001";"A10006";275;464;464;2024-05-06 00:00:00,000;2024-05-08 00:00:00,000;6017;2024-06-06 00:00:00,000
6059;2024-05-03 00:00:00,000;"L001";"A10006";75;464;464;2024-05-06 00:00:00,000;2024-05-10 00:00:00,000;6047;2024-06-06 00:00:00,000
6063;2024-05-06 00:00:00,000;"L001";"A10006";65;447;447;2024-05-08 00:00:00,000;2024-05-14 00:00:00,000;6074;2024-06-13 00:00:00,000
6070;2024-05-07 00:00:00,000;"L001";"A10006";35;472;472;2024-05-10 00:00:00,000;2024-05-17 00:00:00,000;6101;2024-06-13 00:00:00,000
6087;2024-05-08 00:00:00,000;"L001";"A10006";175;447;447;2024-05-10 00:00:00,000;2024-05-15 00:00:00,000;6085;2024-06-13 00:00:00,000
6107;2024-05-10 00:00:00,000;"L001";"A10006";350;482;482;2024-05-13 00:00:00,000;2024-05-17 00:00:00,000;6106;2024-06-13 00:00:00,000
6129;2024-05-13 00:00:00,000;"L001";"A10006";310;472;472;2024-05-15 00:00:00,000;2024-05-22 00:00:00,000;6161;2024-06-20 00:00:00,000
6150;2024-05-14 00:00:00,000;"L001";"A10006";100;521;521;2024-05-17 00:00:00,000;2024-05-24 00:00:00,000;6184;2024-06-20 00:00:00,000
6169;2024-05-15 00:00:00,000;"L001";"A10006";25;449;449;2024-05-21 00:00:00,000;2024-05-21 00:00:00,000;6153;2024-06-20 00:00:00,000
6185;2024-05-16 00:00:00,000;"L001";"A10006";85;498;498;2024-05-21 00:00:00,000;2024-05-27 00:00:00,000;6198;2024-06-27 00:00:00,000
6198;2024-05-17 00:00:00,000;"L001";"A10006";40;395;395;2024-05-21 00:00:00,000;2024-05-23 00:00:00,000;6179;2024-06-20 00:00:00,000
6211;2024-05-21 00:00:00,000;"L001";"A10006";335;47;47;2024-05-27 00:00:00,000;2024-05-29 00:00:00,000;6228;2024-06-27 00:00:00,000
6230;2024-05-22 00:00:00,000;"L001";"A10006";85;496;496;2024-05-27 00:00:00,000;2024-06-03 00:00:00,000;6271;2024-07-04 00:00:00,000
6241;2024-05-23 00:00:00,000;"L001";"A10006";310;521;521;2024-05-24 00:00:00,000;2024-05-29 00:00:00,000;6233;2024-06-27 00:00:00,000
6266;2024-05-24 00:00:00,000;"L001";"A10006";270;484;484;2024-05-27 00:00:00,000;2024-05-30 00:00:00,000;6250;2024-06-27 00:00:00,000
6289;2024-05-27 00:00:00,000;"L001";"A10006";190;516;516;2024-06-03 00:00:00,000;2024-06-04 00:00:00,000;6311;2024-07-04 00:00:00,000
6312;2024-05-28 00:00:00,000;"L001";"A10006";275;469;469;2024-06-03 00:00:00,000;2024-06-10 00:00:00,000;6361;2024-07-11 00:00:00,000
6332;2024-05-29 00:00:00,000;"L001";"A10006";165;447;447;2024-06-03 00:00:00,000;2024-06-05 00:00:00,000;6334;2024-07-04 00:00:00,000
6347;2024-05-30 00:00:00,000;"L001";"A10006";95;481;481;2024-05-31 00:00:00,000;2024-06-04 00:00:00,000;6321;2024-07-04 00:00:00,000
6378;2024-06-03 00:00:00,000;"L001";"A10006";15;401;401;2024-06-04 00:00:00,000;2024-06-10 00:00:00,000;6377;2024-07-11 00:00:00,000
6389;2024-06-04 00:00:00,000;"L001";"A10006";10;463;463;2024-06-10 00:00:00,000;2024-06-11 00:00:00,000;6390;2024-07-11 00:00:00,000
6432;2024-06-10 00:00:00,000;"L001";"A10006";45;472;472;2024-06-17 00:00:00,000;2024-06-20 00:00:00,000;6480;2024-07-18 00:00:00,000
6448;2024-06-11 00:00:00,000;"L001";"A10006";35;44;44;2024-06-13 00:00:00,000;2024-06-17 00:00:00,000;6440;2024-07-18 00:00:00,000
6461;2024-06-12 00:00:00,000;"L001";"A10006";200;438;438;2024-06-14 00:00:00,000;2024-06-20 00:00:00,000;6482;2024-07-18 00:00:00,000
6491;2024-06-13 00:00:00,000;"L001";"A10006";75;478;478;2024-06-17 00:00:00,000;2024-06-24 00:00:00,000;6515;2024-07-25 00:00:00,000
6503;2024-06-14 00:00:00,000;"L001";"A10006";595;476;476;2024-06-17 00:00:00,000;2024-06-18 00:00:00,000;6461;2024-07-18 00:00:00,000
6533;2024-06-17 00:00:00,000;"L001";"A10006";55;463;463;2024-06-20 00:00:00,000;2024-06-24 00:00:00,000;6531;2024-07-25 00:00:00,000
6551;2024-06-18 00:00:00,000;"L001";"A10006";60;426;426;2024-06-24 00:00:00,000;2024-06-25 00:00:00,000;6559;2024-07-25 00:00:00,000
6568;2024-06-19 00:00:00,000;"L001";"A10006";165;44;44;2024-06-20 00:00:00,000;2024-06-25 00:00:00,000;6562;2024-07-25 00:00:00,000
6613;2024-06-21 00:00:00,000;"L001";"A10006";360;491;491;2024-06-24 00:00:00,000;2024-06-24 00:00:00,000;6552;2024-07-25 00:00:00,000
6640;2024-06-24 00:00:00,000;"L001";"A10006";70;492;492;2024-06-27 00:00:00,000;2024-07-01 00:00:00,000;6639;2024-08-01 00:00:00,000
6656;2024-06-25 00:00:00,000;"L001";"A10006";120;466;466;2024-07-01 00:00:00,000;2024-07-04 00:00:00,000;6692;2024-08-01 00:00:00,000
6679;2024-06-26 00:00:00,000;"L001";"A10006";220;402;402;2024-07-01 00:00:00,000;2024-07-05 00:00:00,000;6707;2024-08-01 00:00:00,000
6702;2024-06-27 00:00:00,000;"L001";"A10006";65;475;475;2024-06-28 00:00:00,000;2024-07-03 00:00:00,000;6682;2024-08-01 00:00:00,000
6715;2024-06-28 00:00:00,000;"L001";"A10006";75;444;444;2024-07-01 00:00:00,000;2024-07-02 00:00:00,000;6670;2024-08-01 00:00:00,000
6734;2024-07-01 00:00:00,000;"L001";"A10006";1325;445;445;2024-07-08 00:00:00,000;2024-07-12 00:00:00,000;6793;2024-08-08 00:00:00,000
6773;2024-07-02 00:00:00,000;"L001";"A10006";40;484;484;2024-07-08 00:00:00,000;2024-07-11 00:00:00,000;6782;2024-08-08 00:00:00,000
6779;2024-07-03 00:00:00,000;"L001";"A10006";75;446;446;2024-07-08 00:00:00,000;2024-07-12 00:00:00,000;6797;2024-08-08 00:00:00,000
6792;2024-07-04 00:00:00,000;"L001";"A10006";45;482;482;2024-07-09 00:00:00,000;2024-07-12 00:00:00,000;6800;2024-08-08 00:00:00,000
6818;2024-07-08 00:00:00,000;"L001";"A10006";105;44;44;2024-07-09 00:00:00,000;2024-07-15 00:00:00,000;6815;2024-08-15 00:00:00,000
6831;2024-07-09 00:00:00,000;"L001";"A10006";225;504;504;2024-07-12 00:00:00,000;2024-07-17 00:00:00,000;6851;2024-08-15 00:00:00,000
6853;2024-07-10 00:00:00,000;"L001";"A10006";160;464;464;2024-07-11 00:00:00,000;2024-07-16 00:00:00,000;6847;2024-08-15 00:00:00,000
6871;2024-07-11 00:00:00,000;"L001";"A10006";260;44;44;2024-07-12 00:00:00,000;2024-07-18 00:00:00,000;6865;2024-08-15 00:00:00,000
6898;2024-07-12 00:00:00,000;"L001";"A10006";350;441;441;2024-07-16 00:00:00,000;2024-07-22 00:00:00,000;6912;2024-08-22 00:00:00,000
6928;2024-07-15 00:00:00,000;"L001";"A10006";210;508;508;2024-07-16 00:00:00,000;2024-07-22 00:00:00,000;6924;2024-08-22 00:00:00,000
6958;2024-07-16 00:00:00,000;"L001";"A10006";320;419;419;2024-07-18 00:00:00,000;2024-07-23 00:00:00,000;6958;2024-08-22 00:00:00,000
6984;2024-07-17 00:00:00,000;"L001";"A10006";75;478;478;2024-07-19 00:00:00,000;2024-07-25 00:00:00,000;6994;2024-08-22 00:00:00,000
6999;2024-07-18 00:00:00,000;"L001";"A10006";410;394;394;2024-07-19 00:00:00,000;2024-07-25 00:00:00,000;6999;2024-08-22 00:00:00,000
7024;2024-07-19 00:00:00,000;"L001";"A10006";25;521;521;2024-07-23 00:00:00,000;2024-07-29 00:00:00,000;7033;2024-08-29 00:00:00,000
7041;2024-07-22 00:00:00,000;"L001";"A10006";100;448;448;2024-07-26 00:00:00,000;2024-07-29 00:00:00,000;7043;2024-08-29 00:00:00,000
7058;2024-07-23 00:00:00,000;"L001";"A10006";140;427;427;2024-07-25 00:00:00,000;2024-07-29 00:00:00,000;7051;2024-08-29 00:00:00,000
7074;2024-07-24 00:00:00,000;"L001";"A10006";85;471;471;2024-07-25 00:00:00,000;2024-07-30 00:00:00,000;7067;2024-08-29 00:00:00,000
7097;2024-07-25 00:00:00,000;"L001";"A10006";155;421;421;2024-07-29 00:00:00,000;2024-08-01 00:00:00,000;7097;2024-08-29 00:00:00,000
7121;2024-07-26 00:00:00,000;"L001";"A10006";115;464;464;2024-07-29 00:00:00,000;2024-08-01 00:00:00,000;7105;2024-08-29 00:00:00,000
7135;2024-07-29 00:00:00,000;"L001";"A10006";60;431;431;2024-07-31 00:00:00,000;2024-08-07 00:00:00,000;7166;2024-09-05 00:00:00,000
7151;2024-07-30 00:00:00,000;"L001";"A10006";145;483;483;2024-08-02 00:00:00,000;2024-08-06 00:00:00,000;7156;2024-09-05 00:00:00,000
7185;2024-08-01 00:00:00,000;"L001";"A10006";145;472;472;2024-08-02 00:00:00,000;2024-08-07 00:00:00,000;7176;2024-09-05 00:00:00,000
7207;2024-08-02 00:00:00,000;"L001";"A10006";125;439;439;2024-08-05 00:00:00,000;2024-08-09 00:00:00,000;7203;2024-09-05 00:00:00,000
7221;2024-08-05 00:00:00,000;"L001";"A10006";150;447;447;2024-08-08 00:00:00,000;2024-08-12 00:00:00,000;7219;2024-09-12 00:00:00,000
7233;2024-08-06 00:00:00,000;"L001";"A10006";150;47;47;2024-08-09 00:00:00,000;2024-08-14 00:00:00,000;7242;2024-09-12 00:00:00,000
7252;2024-08-07 00:00:00,000;"L001";"A10006";200;416;416;2024-08-09 00:00:00,000;2024-08-16 00:00:00,000;7271;2024-09-12 00:00:00,000
7279;2024-08-08 00:00:00,000;"L001";"A10006";35;438;438;2024-08-12 00:00:00,000;2024-08-13 00:00:00,000;7235;2024-09-12 00:00:00,000
7290;2024-08-09 00:00:00,000;"L001";"A10006";275;47;47;2024-08-12 00:00:00,000;2024-08-19 00:00:00,000;7300;2024-09-19 00:00:00,000
7309;2024-08-12 00:00:00,000;"L001";"A10006";120;483;483;2024-08-13 00:00:00,000;2024-08-19 00:00:00,000;7308;2024-09-19 00:00:00,000
7339;2024-08-14 00:00:00,000;"L001";"A10006";200;498;498;2024-08-19 00:00:00,000;2024-08-23 00:00:00,000;7357;2024-09-19 00:00:00,000
7360;2024-08-15 00:00:00,000;"L001";"A10006";105;434;434;2024-08-19 00:00:00,000;2024-08-23 00:00:00,000;7360;2024-09-19 00:00:00,000
7399;2024-08-20 00:00:00,000;"L001";"A10006";315;444;444;2024-08-21 00:00:00,000;2024-08-26 00:00:00,000;7396;2024-09-26 00:00:00,000
7427;2024-08-22 00:00:00,000;"L001";"A10006";165;472;472;2024-08-26 00:00:00,000;2024-08-29 00:00:00,000;7434;2024-09-26 00:00:00,000
7443;2024-08-23 00:00:00,000;"L001";"A10006";130;488;488;2024-08-26 00:00:00,000;2024-08-27 00:00:00,000;7413;2024-09-26 00:00:00,000
7471;2024-08-27 00:00:00,000;"L001";"A10006";50;448;448;2024-09-02 00:00:00,000;2024-09-04 00:00:00,000;7489;2024-10-03 00:00:00,000
7491;2024-08-28 00:00:00,000;"L001";"A10006";475;443;443;2024-08-30 00:00:00,000;2024-09-04 00:00:00,000;7494;2024-10-03 00:00:00,000
7516;2024-08-29 00:00:00,000;"L001";"A10006";205;436;436;2024-08-30 00:00:00,000;2024-09-03 00:00:00,000;7485;2024-10-03 00:00:00,000
7537;2024-08-30 00:00:00,000;"L001";"A10006";15;481;481;2024-09-02 00:00:00,000;2024-09-09 00:00:00,000;7542;2024-10-10 00:00:00,000
7547;2024-09-03 00:00:00,000;"L001";"A10006";145;448;448;2024-09-05 00:00:00,000;2024-09-11 00:00:00,000;7562;2024-10-10 00:00:00,000
7568;2024-09-04 00:00:00,000;"L001";"A10006";225;502;502;2024-09-06 00:00:00,000;2024-09-09 00:00:00,000;7550;2024-10-10 00:00:00,000
7590;2024-09-05 00:00:00,000;"L001";"A10006";245;471;471;2024-09-10 00:00:00,000;2024-09-16 00:00:00,000;7611;2024-10-17 00:00:00,000
7613;2024-09-06 00:00:00,000;"L001";"A10006";35;423;423;2024-09-10 00:00:00,000;2024-09-13 00:00:00,000;7600;2024-10-10 00:00:00,000
7626;2024-09-09 00:00:00,000;"L001";"A10006";75;446;446;2024-09-10 00:00:00,000;2024-09-16 00:00:00,000;7625;2024-10-17 00:00:00,000
7636;2024-09-10 00:00:00,000;"L001";"A10006";30;502;502;2024-09-16 00:00:00,000;2024-09-19 00:00:00,000;7654;2024-10-17 00:00:00,000
7652;2024-09-11 00:00:00,000;"L001";"A10006";80;472;472;2024-09-16 00:00:00,000;2024-09-20 00:00:00,000;7665;2024-10-17 00:00:00,000
7680;2024-09-13 00:00:00,000;"L001";"A10006";35;427;427;2024-09-16 00:00:00,000;2024-09-23 00:00:00,000;7687;2024-10-24 00:00:00,000
7699;2024-09-17 00:00:00,000;"L001";"A10006";85;442;442;2024-09-23 00:00:00,000;2024-09-26 00:00:00,000;7728;2024-10-24 00:00:00,000
7714;2024-09-18 00:00:00,000;"L001";"A10006";365;465;465;2024-09-23 00:00:00,000;2024-09-26 00:00:00,000;7731;2024-10-24 00:00:00,000
7739;2024-09-19 00:00:00,000;"L001";"A10006";245;464;464;2024-09-20 00:00:00,000;2024-09-23 00:00:00,000;7698;2024-10-24 00:00:00,000
7759;2024-09-20 00:00:00,000;"L001";"A10006";10;466;466;2024-09-23 00:00:00,000;2024-09-27 00:00:00,000;7752;2024-10-24 00:00:00,000
7771;2024-09-23 00:00:00,000;"L001";"A10006";490;425;425;2024-09-25 00:00:00,000;2024-09-27 00:00:00,000;7755;2024-10-24 00:00:00,000
7800;2024-09-24 00:00:00,000;"L001";"A10006";255;424;424;2024-09-26 00:00:00,000;2024-09-30 00:00:00,000;7791;2024-10-31 00:00:00,000
7824;2024-09-25 00:00:00,000;"L001";"A10006";510;408;408;2024-09-30 00:00:00,000;2024-10-01 00:00:00,000;7807;2024-10-31 00:00:00,000
7845;2024-09-26 00:00:00,000;"L001";"A10006";35;464;464;2024-09-30 00:00:00,000;2024-10-02 00:00:00,000;7824;2024-10-31 00:00:00,000
7870;2024-09-30 00:00:00,000;"L001";"A10006";60;483;483;2024-10-01 00:00:00,000;2024-10-07 00:00:00,000;7871;2024-11-07 00:00:00,000
7882;2024-10-01 00:00:00,000;"L001";"A10006";380;465;465;2024-10-02 00:00:00,000;2024-10-07 00:00:00,000;7874;2024-11-07 00:00:00,000
7912;2024-10-02 00:00:00,000;"L001";"A10006";230;468;468;2024-10-07 00:00:00,000;2024-10-11 00:00:00,000;7930;2024-11-07 00:00:00,000
7938;2024-10-03 00:00:00,000;"L001";"A10006";35;443;443;2024-10-07 00:00:00,000;2024-10-10 00:00:00,000;7923;2024-11-07 00:00:00,000
7948;2024-10-04 00:00:00,000;"L001";"A10006";10;426;426;2024-10-07 00:00:00,000;2024-10-14 00:00:00,000;7949;2024-11-14 00:00:00,000
7956;2024-10-07 00:00:00,000;"L001";"A10006";120;471;471;2024-10-08 00:00:00,000;2024-10-14 00:00:00,000;7955;2024-11-14 00:00:00,000
7968;2024-10-08 00:00:00,000;"L001";"A10006";40;388;388;2024-10-11 00:00:00,000;2024-10-16 00:00:00,000;7982;2024-11-14 00:00:00,000
7979;2024-10-09 00:00:00,000;"L001";"A10006";215;406;406;2024-10-11 00:00:00,000;2024-10-17 00:00:00,000;7994;2024-11-14 00:00:00,000
7990;2024-10-10 00:00:00,000;"L001";"A10006";35;469;469;2024-10-14 00:00:00,000;2024-10-15 00:00:00,000;7978;2024-11-14 00:00:00,000
8010;2024-10-11 00:00:00,000;"L001";"A10006";120;516;516;2024-10-14 00:00:00,000;2024-10-16 00:00:00,000;7990;2024-11-14 00:00:00,000
8022;2024-10-14 00:00:00,000;"L001";"A10006";200;466;466;2024-10-18 00:00:00,000;2024-10-23 00:00:00,000;8062;2024-11-21 00:00:00,000
8040;2024-10-15 00:00:00,000;"L001";"A10006";25;448;448;2024-10-21 00:00:00,000;2024-10-24 00:00:00,000;8078;2024-11-21 00:00:00,000
8054;2024-10-16 00:00:00,000;"L001";"A10006";240;484;484;2024-10-21 00:00:00,000;2024-10-28 00:00:00,000;8115;2024-11-28 00:00:00,000
8083;2024-10-17 00:00:00,000;"L001";"A10006";405;463;463;2024-10-21 00:00:00,000;2024-10-24 00:00:00,000;8085;2024-11-21 00:00:00,000
8107;2024-10-18 00:00:00,000;"L001";"A10006";250;442;442;2024-10-21 00:00:00,000;2024-10-25 00:00:00,000;8106;2024-11-21 00:00:00,000
8132;2024-10-21 00:00:00,000;"L001";"A10006";130;474;474;2024-10-23 00:00:00,000;2024-10-29 00:00:00,000;8146;2024-11-28 00:00:00,000
8148;2024-10-22 00:00:00,000;"L001";"A10006";115;411;411;2024-10-28 00:00:00,000;2024-10-31 00:00:00,000;8171;2024-11-28 00:00:00,000
8163;2024-10-23 00:00:00,000;"L001";"A10006";50;48;48;2024-10-28 00:00:00,000;2024-11-04 00:00:00,000;8194;2024-12-05 00:00:00,000
8177;2024-10-24 00:00:00,000;"L001";"A10006";175;436;436;2024-10-28 00:00:00,000;2024-11-01 00:00:00,000;8184;2024-11-28 00:00:00,000
8191;2024-10-25 00:00:00,000;"L001";"A10006";40;413;413;2024-10-28 00:00:00,000;2024-10-30 00:00:00,000;8166;2024-11-28 00:00:00,000
8207;2024-10-28 00:00:00,000;"L001";"A10006";20;484;484;2024-10-30 00:00:00,000;2024-11-05 00:00:00,000;8212;2024-12-05 00:00:00,000
8215;2024-10-29 00:00:00,000;"L001";"A10006";25;474;474;2024-11-04 00:00:00,000;2024-11-07 00:00:00,000;8236;2024-12-05 00:00:00,000
8223;2024-10-30 00:00:00,000;"L001";"A10006";235;423;423;2024-11-04 00:00:00,000;2024-11-08 00:00:00,000;8250;2024-12-05 00:00:00,000
8248;2024-10-31 00:00:00,000;"L001";"A10006";100;438;438;2024-11-04 00:00:00,000;2024-11-06 00:00:00,000;8233;2024-12-05 00:00:00,000
8261;2024-11-01 00:00:00,000;"L001";"A10006";150;516;516;2024-11-04 00:00:00,000;2024-11-05 00:00:00,000;8223;2024-12-05 00:00:00,000
8268;2024-11-04 00:00:00,000;"L001";"A10006";170;515;515;2024-11-06 00:00:00,000;2024-11-08 00:00:00,000;8259;2024-12-05 00:00:00,000
8280;2024-11-05 00:00:00,000;"L001";"A10006";150;487;487;2024-11-11 00:00:00,000;2024-11-13 00:00:00,000;8298;2024-12-12 00:00:00,000
8320;2024-11-07 00:00:00,000;"L001";"A10006";105;52;52;2024-11-11 00:00:00,000;2024-11-14 00:00:00,000;8318;2024-12-12 00:00:00,000
8333;2024-11-08 00:00:00,000;"L001";"A10006";135;494;494;2024-11-11 00:00:00,000;2024-11-18 00:00:00,000;8346;2024-12-19 00:00:00,000
8351;2024-11-11 00:00:00,000;"L001";"A10006";130;449;449;2024-11-14 00:00:00,000;2024-11-21 00:00:00,000;8400;2024-12-19 00:00:00,000
8371;2024-11-12 00:00:00,000;"L001";"A10006";165;475;475;2024-11-14 00:00:00,000;2024-11-20 00:00:00,000;8387;2024-12-19 00:00:00,000
8387;2024-11-13 00:00:00,000;"L001";"A10006";185;397;397;2024-11-18 00:00:00,000;2024-11-22 00:00:00,000;8412;2024-12-19 00:00:00,000
8403;2024-11-14 00:00:00,000;"L001";"A10006";65;436;436;2024-11-18 00:00:00,000;2024-11-20 00:00:00,000;8396;2024-12-19 00:00:00,000
8424;2024-11-18 00:00:00,000;"L001";"A10006";20;424;424;2024-11-20 00:00:00,000;2024-11-25 00:00:00,000;8423;1900-01-01 00:00:00,000
8436;2024-11-19 00:00:00,000;"L001";"A10006";65;506;506;2024-11-20 00:00:00,000;2024-11-25 00:00:00,000;8426;1900-01-01 00:00:00,000
8452;2024-11-20 00:00:00,000;"L001";"A10006";245;464;464;2024-11-25 00:00:00,000;2024-12-02 00:00:00,000;8495;1900-01-01 00:00:00,000
8472;2024-11-21 00:00:00,000;"L001";"A10006";295;474;474;2024-11-22 00:00:00,000;2024-11-26 00:00:00,000;8448;1900-01-01 00:00:00,000
8497;2024-11-22 00:00:00,000;"L001";"A10006";160;464;464;2024-11-25 00:00:00,000;2024-11-29 00:00:00,000;8488;1900-01-01 00:00:00,000
8518;2024-11-25 00:00:00,000;"L001";"A10006";95;432;432;2024-11-29 00:00:00,000;2024-12-03 00:00:00,000;8535;1900-01-01 00:00:00,000
8534;2024-11-26 00:00:00,000;"L001";"A10006";195;445;445;2024-11-27 00:00:00,000;2024-12-03 00:00:00,000;8540;1900-01-01 00:00:00,000
8564;2024-11-27 00:00:00,000;"L001";"A10006";100;491;491;2024-11-29 00:00:00,000;2024-12-06 00:00:00,000;8586;1900-01-01 00:00:00,000
8582;2024-11-28 00:00:00,000;"L001";"A10006";360;464;464;2024-12-02 00:00:00,000;2024-12-04 00:00:00,000;8561;1900-01-01 00:00:00,000
8612;2024-12-02 00:00:00,000;"L001";"A10006";40;425;425;2024-12-04 00:00:00,000;2024-12-11 00:00:00,000;8648;1900-01-01 00:00:00,000
8623;2024-12-03 00:00:00,000;"L001";"A10006";240;49;49;2024-12-06 00:00:00,000;2024-12-12 00:00:00,000;8663;1900-01-01 00:00:00,000
8649;2024-12-04 00:00:00,000;"L001";"A10006";70;471;471;2024-12-06 00:00:00,000;2024-12-12 00:00:00,000;8668;1900-01-01 00:00:00,000
8666;2024-12-05 00:00:00,000;"L001";"A10006";70;484;484;2024-12-09 00:00:00,000;2024-12-09 00:00:00,000;8631;1900-01-01 00:00:00,000
8686;2024-12-06 00:00:00,000;"L001";"A10006";95;464;464;2024-12-11 00:00:00,000;2024-12-16 00:00:00,000;8695;1900-01-01 00:00:00,000
8722;2024-12-10 00:00:00,000;"L001";"A10006";40;492;492;2024-12-13 00:00:00,000;2024-12-20 00:00:00,000;8758;1900-01-01 00:00:00,000
8735;2024-12-11 00:00:00,000;"L001";"A10006";120;405;405;2024-12-16 00:00:00,000;2024-12-16 00:00:00,000;8716;1900-01-01 00:00:00,000
8754;2024-12-12 00:00:00,000;"L001";"A10006";145;472;472;2024-12-16 00:00:00,000;2024-12-20 00:00:00,000;8766;1900-01-01 00:00:00,000
8776;2024-12-13 00:00:00,000;"L001";"A10006";85;495;495;2024-12-16 00:00:00,000;2024-12-20 00:00:00,000;8773;1900-01-01 00:00:00,000
8802;2024-12-16 00:00:00,000;"L001";"A10006";300;449;449;2024-12-18 00:00:00,000;2024-12-24 00:00:00,000;8816;1900-01-01 00:00:00,000
8818;2024-12-17 00:00:00,000;"L001";"A10006";420;435;435;2024-12-19 00:00:00,000;2024-12-27 00:00:00,000;8838;1900-01-01 00:00:00,000
8842;2024-12-18 00:00:00,000;"L001";"A10006";85;409;409;2024-12-23 00:00:00,000;2024-12-30 00:00:00,000;8873;1900-01-01 00:00:00,000
8855;2024-12-19 00:00:00,000;"L001";"A10006";60;468;468;2024-12-24 00:00:00,000;2024-12-30 00:00:00,000;8877;1900-01-01 00:00:00,000
8872;2024-12-20 00:00:00,000;"L001";"A10006";100;472;472;2024-12-23 00:00:00,000;2024-12-27 00:00:00,000;8861;1900-01-01 00:00:00,000
8893;2024-12-23 00:00:00,000;"L001";"A10006";15;413;413;2024-12-24 00:00:00,000;2024-12-30 00:00:00,000;8892;1900-01-01 00:00:00,000
8906;2024-12-24 00:00:00,000;"L001";"A10006";335;437;0;2024-12-27 00:00:00,000;1900-01-01 00:00:00,000;0;1900-01-01 00:00:00,000
8933;2024-12-27 00:00:00,000;"L001";"A10006";255;421;0;2024-12-30 00:00:00,000;1900-01-01 00:00:00,000;0;1900-01-01 00:00:00,000
8958;2024-12-30 00:00:00,000;"L001";"A10006";120;472;0;1900-01-01 00:00:00,000;1900-01-01 00:00:00,000;0;1900-01-01 00:00:00,000
8977;2024-12-31 00:00:00,000;"L001";"A10006";160;481;0;1900-01-01 00:00:00,000;1900-01-01 00:00:00,000;0;1900-01-01 00:00:00,000
4127;2023-11-27 00:00:00,000;"L001";"S10041";170;697;697;2023-11-30 00:00:00,000;2023-12-05 00:00:00,000;4134;2024-01-04 00:00:00,000
4150;2023-11-28 00:00:00,000;"L001";"S10041";140;68;68;2023-11-29 00:00:00,000;2023-12-05 00:00:00,000;4137;2024-01-04 00:00:00,000
4169;2023-11-29 00:00:00,000;"L001";"S10041";205;7;7;2023-12-01 00:00:00,000;2023-12-06 00:00:00,000;4163;2024-01-04 00:00:00,000
4187;2023-11-30 00:00:00,000;"L001";"S10041";70;711;711;2023-12-04 00:00:00,000;2023-12-08 00:00:00,000;4195;2024-01-04 00:00:00,000
4215;2023-12-01 00:00:00,000;"L001";"S10041";120;714;714;2023-12-04 00:00:00,000;2023-12-11 00:00:00,000;4219;2024-01-11 00:00:00,000
4232;2023-12-04 00:00:00,000;"L001";"S10041";25;682;682;2023-12-06 00:00:00,000;2023-12-11 00:00:00,000;4227;2024-01-11 00:00:00,000
4251;2023-12-05 00:00:00,000;"L001";"S10041";80;656;656;2023-12-08 00:00:00,000;2023-12-11 00:00:00,000;4235;2024-01-11 00:00:00,000
4273;2023-12-06 00:00:00,000;"L001";"S10041";160;677;677;2023-12-08 00:00:00,000;2023-12-13 00:00:00,000;4260;2024-01-11 00:00:00,000
4310;2023-12-11 00:00:00,000;"L001";"S10041";320;68;68;2023-12-13 00:00:00,000;2023-12-18 00:00:00,000;4302;2024-01-18 00:00:00,000
4328;2023-12-12 00:00:00,000;"L001";"S10041";120;697;697;2023-12-13 00:00:00,000;2023-12-19 00:00:00,000;4320;2024-01-18 00:00:00,000
4340;2023-12-13 00:00:00,000;"L001";"S10041";25;699;699;2023-12-14 00:00:00,000;2023-12-18 00:00:00,000;4314;2024-01-18 00:00:00,000
4357;2023-12-14 00:00:00,000;"L001";"S10041";120;695;695;2023-12-18 00:00:00,000;2023-12-20 00:00:00,000;4336;2024-01-18 00:00:00,000
4372;2023-12-15 00:00:00,000;"L001";"S10041";20;71;71;2023-12-18 00:00:00,000;2023-12-27 00:00:00,000;4374;2024-01-25 00:00:00,000
4391;2023-12-18 00:00:00,000;"L001";"S10041";265;672;672;2023-12-20 00:00:00,000;2023-12-27 00:00:00,000;4388;2024-01-25 00:00:00,000
4411;2023-12-19 00:00:00,000;"L001";"S10041";150;643;643;2023-12-20 00:00:00,000;2023-12-27 00:00:00,000;4401;2024-01-25 00:00:00,000
4430;2023-12-20 00:00:00,000;"L001";"S10041";45;694;694;2023-12-22 00:00:00,000;2023-12-28 00:00:00,000;4432;2024-01-25 00:00:00,000
4454;2023-12-21 00:00:00,000;"L001";"S10041";290;663;663;2023-12-22 00:00:00,000;2023-12-28 00:00:00,000;4436;2024-01-25 00:00:00,000
4465;2023-12-22 00:00:00,000;"L001";"S10041";115;67;67;2023-12-27 00:00:00,000;2024-01-02 00:00:00,000;4465;2024-02-01 00:00:00,000
4482;2023-12-27 00:00:00,000;"L001";"S10041";60;681;681;2024-01-02 00:00:00,000;2024-01-05 00:00:00,000;4496;2024-02-01 00:00:00,000
4496;2023-12-28 00:00:00,000;"L001";"S10041";110;679;679;2023-12-29 00:00:00,000;2024-01-03 00:00:00,000;4485;2024-02-01 00:00:00,000
4512;2023-12-29 00:00:00,000;"L001";"S10041";200;679;679;2024-01-03 00:00:00,000;2024-01-09 00:00:00,000;4525;2024-02-08 00:00:00,000
4531;2024-01-02 00:00:00,000;"L001";"S10041";110;652;652;2024-01-08 00:00:00,000;2024-01-11 00:00:00,000;4553;2024-02-08 00:00:00,000
4542;2024-01-03 00:00:00,000;"L001";"S10041";115;737;737;2024-01-05 00:00:00,000;2024-01-10 00:00:00,000;4547;2024-02-08 00:00:00,000
4563;2024-01-04 00:00:00,000;"L001";"S10041";95;753;753;2024-01-08 00:00:00,000;2024-01-15 00:00:00,000;4582;2024-02-15 00:00:00,000
4583;2024-01-05 00:00:00,000;"L001";"S10041";115;599;599;2024-01-08 00:00:00,000;2024-01-11 00:00:00,000;4562;2024-02-08 00:00:00,000
4588;2024-01-08 00:00:00,000;"L001";"S10041";25;646;646;2024-01-15 00:00:00,000;2024-01-22 00:00:00,000;4664;2024-02-22 00:00:00,000
4610;2024-01-09 00:00:00,000;"L001";"S10041";225;658;658;2024-01-10 00:00:00,000;2024-01-15 00:00:00,000;4594;2024-02-15 00:00:00,000
4640;2024-01-10 00:00:00,000;"L001";"S10041";465;672;672;2024-01-11 00:00:00,000;2024-01-16 00:00:00,000;4604;2024-02-15 00:00:00,000
4662;2024-01-11 00:00:00,000;"L001";"S10041";140;623;623;2024-01-15 00:00:00,000;2024-01-22 00:00:00,000;4676;2024-02-22 00:00:00,000
4679;2024-01-12 00:00:00,000;"L001";"S10041";155;672;672;2024-01-15 00:00:00,000;2024-01-22 00:00:00,000;4684;2024-02-22 00:00:00,000
4699;2024-01-15 00:00:00,000;"L001";"S10041";165;677;677;2024-01-16 00:00:00,000;2024-01-22 00:00:00,000;4691;2024-02-22 00:00:00,000
4715;2024-01-16 00:00:00,000;"L001";"S10041";55;63;63;2024-01-22 00:00:00,000;2024-01-23 00:00:00,000;4705;2024-02-22 00:00:00,000
4721;2024-01-17 00:00:00,000;"L001";"S10041";105;765;765;2024-01-19 00:00:00,000;2024-01-22 00:00:00,000;4697;2024-02-22 00:00:00,000
4746;2024-01-19 00:00:00,000;"L001";"S10041";190;637;637;2024-01-24 00:00:00,000;2024-01-29 00:00:00,000;4751;2024-02-29 00:00:00,000
4768;2024-01-22 00:00:00,000;"L001";"S10041";200;675;675;2024-01-26 00:00:00,000;2024-01-29 00:00:00,000;4762;2024-02-29 00:00:00,000
4787;2024-01-23 00:00:00,000;"L001";"S10041";325;784;784;2024-01-26 00:00:00,000;2024-01-29 00:00:00,000;4767;2024-02-29 00:00:00,000
4808;2024-01-24 00:00:00,000;"L001";"S10041";90;716;716;2024-01-25 00:00:00,000;2024-01-29 00:00:00,000;4772;2024-02-29 00:00:00,000
4819;2024-01-25 00:00:00,000;"L001";"S10041";140;675;675;2024-01-29 00:00:00,000;2024-02-01 00:00:00,000;4807;2024-02-29 00:00:00,000
4837;2024-01-26 00:00:00,000;"L001";"S10041";50;7;7;2024-01-29 00:00:00,000;2024-02-05 00:00:00,000;4838;2024-03-07 00:00:00,000
4860;2024-01-29 00:00:00,000;"L001";"S10041";350;595;595;2024-02-02 00:00:00,000;2024-02-09 00:00:00,000;4897;2024-03-07 00:00:00,000
4873;2024-01-30 00:00:00,000;"L001";"S10041";85;669;669;2024-02-05 00:00:00,000;2024-02-09 00:00:00,000;4898;2024-03-07 00:00:00,000
4886;2024-01-31 00:00:00,000;"L001";"S10041";120;764;764;2024-02-05 00:00:00,000;2024-02-09 00:00:00,000;4900;2024-03-07 00:00:00,000
4930;2024-02-05 00:00:00,000;"L001";"S10041";220;657;657;2024-02-07 00:00:00,000;2024-02-14 00:00:00,000;4952;2024-03-14 00:00:00,000
4945;2024-02-06 00:00:00,000;"L001";"S10041";120;604;604;2024-02-12 00:00:00,000;2024-02-14 00:00:00,000;4956;2024-03-14 00:00:00,000
4964;2024-02-07 00:00:00,000;"L001";"S10041";265;635;635;2024-02-09 00:00:00,000;2024-02-14 00:00:00,000;4959;2024-03-14 00:00:00,000
4983;2024-02-08 00:00:00,000;"L001";"S10041";105;619;619;2024-02-12 00:00:00,000;2024-02-19 00:00:00,000;4991;2024-03-21 00:00:00,000
4992;2024-02-09 00:00:00,000;"L001";"S10041";65;671;671;2024-02-14 00:00:00,000;2024-02-19 00:00:00,000;4995;2024-03-21 00:00:00,000
5017;2024-02-12 00:00:00,000;"L001";"S10041";265;677;677;2024-02-16 00:00:00,000;2024-02-20 00:00:00,000;5023;2024-03-21 00:00:00,000
5039;2024-02-13 00:00:00,000;"L001";"S10041";25;726;726;2024-02-19 00:00:00,000;2024-02-19 00:00:00,000;5016;2024-03-21 00:00:00,000
5057;2024-02-14 00:00:00,000;"L001";"S10041";115;714;714;2024-02-16 00:00:00,000;2024-02-21 00:00:00,000;5046;2024-03-21 00:00:00,000
5097;2024-02-19 00:00:00,000;"L001";"S10041";420;669;669;2024-02-22 00:00:00,000;2024-02-27 00:00:00,000;5112;2024-03-28 00:00:00,000
5126;2024-02-20 00:00:00,000;"L001";"S10041";150;709;709;2024-02-22 00:00:00,000;2024-02-26 00:00:00,000;5096;2024-03-28 00:00:00,000
5155;2024-02-21 00:00:00,000;"L001";"S10041";255;756;756;2024-02-22 00:00:00,000;2024-02-26 00:00:00,000;5100;2024-03-28 00:00:00,000
5171;2024-02-22 00:00:00,000;"L001";"S10041";50;701;701;2024-02-27 00:00:00,000;2024-03-05 00:00:00,000;5197;2024-04-04 00:00:00,000
5181;2024-02-23 00:00:00,000;"L001";"S10041";40;701;701;2024-02-26 00:00:00,000;2024-02-26 00:00:00,000;5103;2024-03-28 00:00:00,000
5193;2024-02-26 00:00:00,000;"L001";"S10041";250;62;62;2024-02-28 00:00:00,000;2024-03-05 00:00:00,000;5200;2024-04-04 00:00:00,000
5204;2024-02-27 00:00:00,000;"L001";"S10041";85;674;674;2024-03-01 00:00:00,000;2024-03-08 00:00:00,000;5242;2024-04-04 00:00:00,000
5229;2024-02-28 00:00:00,000;"L001";"S10041";260;734;734;2024-03-01 00:00:00,000;2024-03-07 00:00:00,000;5232;2024-04-04 00:00:00,000
5249;2024-02-29 00:00:00,000;"L001";"S10041";135;7;7;2024-03-04 00:00:00,000;2024-03-08 00:00:00,000;5250;2024-04-04 00:00:00,000
5270;2024-03-01 00:00:00,000;"L001";"S10041";355;6;6;2024-03-04 00:00:00,000;2024-03-11 00:00:00,000;5270;2024-04-11 00:00:00,000
5288;2024-03-04 00:00:00,000;"L001";"S10041";180;663;663;2024-03-06 00:00:00,000;2024-03-11 00:00:00,000;5281;2024-04-11 00:00:00,000
5300;2024-03-05 00:00:00,000;"L001";"S10041";65;777;777;2024-03-07 00:00:00,000;2024-03-14 00:00:00,000;5314;2024-04-11 00:00:00,000
5310;2024-03-06 00:00:00,000;"L001";"S10041";30;657;657;2024-03-08 00:00:00,000;2024-03-14 00:00:00,000;5316;2024-04-11 00:00:00,000
5326;2024-03-07 00:00:00,000;"L001";"S10041";210;677;677;2024-03-11 00:00:00,000;2024-03-11 00:00:00,000;5287;2024-04-11 00:00:00,000
5339;2024-03-08 00:00:00,000;"L001";"S10041";55;703;703;2024-03-12 00:00:00,000;2024-03-18 00:00:00,000;5339;2024-04-18 00:00:00,000
5356;2024-03-11 00:00:00,000;"L001";"S10041";50;614;614;2024-03-13 00:00:00,000;2024-03-15 00:00:00,000;5328;2024-04-11 00:00:00,000
5377;2024-03-12 00:00:00,000;"L001";"S10041";225;769;769;2024-03-13 00:00:00,000;2024-03-18 00:00:00,000;5351;2024-04-18 00:00:00,000
5401;2024-03-13 00:00:00,000;"L001";"S10041";385;731;731;2024-03-15 00:00:00,000;2024-03-21 00:00:00,000;5406;2024-04-18 00:00:00,000
5422;2024-03-14 00:00:00,000;"L001";"S10041";280;722;722;2024-03-19 00:00:00,000;2024-03-25 00:00:00,000;5438;2024-04-25 00:00:00,000
5441;2024-03-15 00:00:00,000;"L001";"S10041";300;667;667;2024-03-18 00:00:00,000;2024-03-20 00:00:00,000;5394;2024-04-18 00:00:00,000
5460;2024-03-18 00:00:00,000;"L001";"S10041";35;727;727;2024-03-22 00:00:00,000;2024-03-28 00:00:00,000;5498;2024-04-25 00:00:00,000
5473;2024-03-19 00:00:00,000;"L001";"S10041";100;72;72;2024-03-21 00:00:00,000;2024-03-27 00:00:00,000;5483;2024-04-25 00:00:00,000
5496;2024-03-20 00:00:00,000;"L001";"S10041";545;676;676;2024-03-25 00:00:00,000;2024-04-02 00:00:00,000;5522;2024-05-02 00:00:00,000
5513;2024-03-21 00:00:00,000;"L001";"S10041";55;677;677;2024-03-25 00:00:00,000;2024-03-27 00:00:00,000;5494;2024-04-25 00:00:00,000
5529;2024-03-22 00:00:00,000;"L001";"S10041";85;707;707;2024-03-25 00:00:00,000;2024-04-02 00:00:00,000;5536;2024-05-02 00:00:00,000
5553;2024-03-25 00:00:00,000;"L001";"S10041";170;635;635;2024-03-27 00:00:00,000;2024-03-29 00:00:00,000;5516;2024-04-25 00:00:00,000
5588;2024-03-27 00:00:00,000;"L001";"S10041";350;627;627;2024-04-02 00:00:00,000;2024-04-08 00:00:00,000;5629;2024-05-16 00:00:00,000
5616;2024-03-28 00:00:00,000;"L001";"S10041";280;603;603;2024-04-02 00:00:00,000;2024-04-03 00:00:00,000;5593;2024-05-02 00:00:00,000
5651;2024-03-29 00:00:00,000;"L001";"S10041";220;737;737;2024-04-02 00:00:00,000;2024-04-08 00:00:00,000;5651;2024-05-16 00:00:00,000
5666;2024-04-02 00:00:00,000;"L001";"S10041";95;603;603;2024-04-04 00:00:00,000;2024-04-10 00:00:00,000;5668;2024-05-16 00:00:00,000
5674;2024-04-03 00:00:00,000;"L001";"S10041";70;719;719;2024-04-05 00:00:00,000;2024-04-08 00:00:00,000;5658;2024-05-16 00:00:00,000
5689;2024-04-04 00:00:00,000;"L001";"S10041";140;674;674;2024-04-08 00:00:00,000;2024-04-12 00:00:00,000;5687;2024-05-16 00:00:00,000
5732;2024-04-09 00:00:00,000;"L001";"S10041";160;642;642;2024-04-11 00:00:00,000;2024-04-18 00:00:00,000;5761;2024-05-16 00:00:00,000
5757;2024-04-10 00:00:00,000;"L001";"S10041";255;706;706;2024-04-15 00:00:00,000;2024-04-17 00:00:00,000;5753;2024-05-16 00:00:00,000
5779;2024-04-11 00:00:00,000;"L001";"S10041";385;662;662;2024-04-15 00:00:00,000;2024-04-18 00:00:00,000;5765;2024-05-16 00:00:00,000
5800;2024-04-12 00:00:00,000;"L001";"S10041";210;719;719;2024-04-15 00:00:00,000;2024-04-22 00:00:00,000;5800;2024-05-23 00:00:00,000
5814;2024-04-15 00:00:00,000;"L001";"S10041";150;588;588;2024-04-22 00:00:00,000;2024-04-25 00:00:00,000;5833;2024-05-23 00:00:00,000
5835;2024-04-17 00:00:00,000;"L001";"S10041";80;72;72;2024-04-22 00:00:00,000;2024-04-25 00:00:00,000;5839;2024-05-23 00:00:00,000
5852;2024-04-18 00:00:00,000;"L001";"S10041";35;676;676;2024-04-22 00:00:00,000;2024-04-25 00:00:00,000;5841;2024-05-23 00:00:00,000
5868;2024-04-19 00:00:00,000;"L001";"S10041";80;738;738;2024-04-22 00:00:00,000;2024-04-29 00:00:00,000;5871;2024-05-30 00:00:00,000
5893;2024-04-22 00:00:00,000;"L001";"S10041";145;637;637;2024-04-25 00:00:00,000;2024-05-01 00:00:00,000;5912;2024-05-30 00:00:00,000
5910;2024-04-23 00:00:00,000;"L001";"S10041";75;744;744;2024-04-26 00:00:00,000;2024-05-03 00:00:00,000;5951;2024-05-30 00:00:00,000
5931;2024-04-24 00:00:00,000;"L001";"S10041";170;772;772;2024-04-25 00:00:00,000;2024-05-01 00:00:00,000;5919;2024-05-30 00:00:00,000
5961;2024-04-25 00:00:00,000;"L001";"S10041";170;63;63;2024-04-29 00:00:00,000;2024-05-06 00:00:00,000;5974;2024-06-06 00:00:00,000
5973;2024-04-26 00:00:00,000;"L001";"S10041";80;589;589;2024-04-29 00:00:00,000;2024-05-01 00:00:00,000;5924;2024-05-30 00:00:00,000
5993;2024-04-29 00:00:00,000;"L001";"S10041";270;649;649;2024-05-01 00:00:00,000;2024-05-06 00:00:00,000;5983;2024-06-06 00:00:00,000
6051;2024-05-02 00:00:00,000;"L001";"S10041";520;725;725;2024-05-06 00:00:00,000;2024-05-08 00:00:00,000;6022;2024-06-06 00:00:00,000
6079;2024-05-07 00:00:00,000;"L001";"S10041";70;633;633;2024-05-10 00:00:00,000;2024-05-13 00:00:00,000;6069;2024-06-13 00:00:00,000
6098;2024-05-08 00:00:00,000;"L001";"S10041";95;734;734;2024-05-13 00:00:00,000;2024-05-21 00:00:00,000;6118;2024-06-20 00:00:00,000
6123;2024-05-10 00:00:00,000;"L001";"S10041";185;601;601;2024-05-13 00:00:00,000;2024-05-16 00:00:00,000;6098;2024-06-13 00:00:00,000
6141;2024-05-13 00:00:00,000;"L001";"S10041";50;612;612;2024-05-17 00:00:00,000;2024-05-21 00:00:00,000;6139;2024-06-20 00:00:00,000
6162;2024-05-14 00:00:00,000;"L001";"S10041";205;754;754;2024-05-21 00:00:00,000;2024-05-22 00:00:00,000;6165;2024-06-20 00:00:00,000
6177;2024-05-15 00:00:00,000;"L001";"S10041";35;719;719;2024-05-16 00:00:00,000;2024-05-21 00:00:00,000;6154;2024-06-20 00:00:00,000
6206;2024-05-17 00:00:00,000;"L001";"S10041";100;763;763;2024-05-21 00:00:00,000;2024-05-27 00:00:00,000;6207;2024-06-27 00:00:00,000
6223;2024-05-21 00:00:00,000;"L001";"S10041";65;627;627;2024-05-24 00:00:00,000;2024-05-30 00:00:00,000;6241;2024-06-27 00:00:00,000
6234;2024-05-22 00:00:00,000;"L001";"S10041";115;742;742;2024-05-23 00:00:00,000;2024-05-27 00:00:00,000;6216;2024-06-27 00:00:00,000
6257;2024-05-23 00:00:00,000;"L001";"S10041";235;764;764;2024-05-27 00:00:00,000;2024-05-30 00:00:00,000;6247;2024-06-27 00:00:00,000
6282;2024-05-24 00:00:00,000;"L001";"S10041";240;784;784;2024-05-29 00:00:00,000;2024-05-31 00:00:00,000;6267;2024-06-27 00:00:00,000
6303;2024-05-27 00:00:00,000;"L001";"S10041";260;715;715;2024-05-30 00:00:00,000;2024-06-05 00:00:00,000;6326;2024-07-04 00:00:00,000
6326;2024-05-28 00:00:00,000;"L001";"S10041";35;716;716;2024-05-31 00:00:00,000;2024-06-05 00:00:00,000;6333;2024-07-04 00:00:00,000
6340;2024-05-29 00:00:00,000;"L001";"S10041";90;719;719;2024-06-03 00:00:00,000;2024-06-10 00:00:00,000;6363;2024-07-11 00:00:00,000
6359;2024-05-30 00:00:00,000;"L001";"S10041";285;699;699;2024-06-03 00:00:00,000;2024-06-06 00:00:00,000;6346;2024-07-04 00:00:00,000
6373;2024-05-31 00:00:00,000;"L001";"S10041";35;673;673;2024-06-03 00:00:00,000;2024-06-10 00:00:00,000;6375;2024-07-11 00:00:00,000
6384;2024-06-03 00:00:00,000;"L001";"S10041";175;783;783;2024-06-07 00:00:00,000;2024-06-10 00:00:00,000;6378;2024-07-11 00:00:00,000
6394;2024-06-04 00:00:00,000;"L001";"S10041";145;63;63;2024-06-05 00:00:00,000;2024-06-12 00:00:00,000;6398;2024-07-11 00:00:00,000
6410;2024-06-05 00:00:00,000;"L001";"S10041";100;635;635;2024-06-10 00:00:00,000;2024-06-17 00:00:00,000;6424;2024-07-18 00:00:00,000
6430;2024-06-07 00:00:00,000;"L001";"S10041";20;707;707;2024-06-10 00:00:00,000;2024-06-17 00:00:00,000;6429;2024-07-18 00:00:00,000
6441;2024-06-10 00:00:00,000;"L001";"S10041";100;644;644;2024-06-13 00:00:00,000;2024-06-18 00:00:00,000;6452;2024-07-18 00:00:00,000
6482;2024-06-12 00:00:00,000;"L001";"S10041";355;704;704;2024-06-13 00:00:00,000;2024-06-17 00:00:00,000;6447;2024-07-18 00:00:00,000
6523;2024-06-14 00:00:00,000;"L001";"S10041";205;725;725;2024-06-17 00:00:00,000;2024-06-21 00:00:00,000;6507;2024-07-18 00:00:00,000
6544;2024-06-17 00:00:00,000;"L001";"S10041";250;79;79;2024-06-18 00:00:00,000;2024-06-24 00:00:00,000;6537;2024-07-25 00:00:00,000
6559;2024-06-18 00:00:00,000;"L001";"S10041";75;665;665;2024-06-21 00:00:00,000;2024-06-27 00:00:00,000;6585;2024-07-25 00:00:00,000
6586;2024-06-19 00:00:00,000;"L001";"S10041";335;618;618;2024-06-20 00:00:00,000;2024-06-24 00:00:00,000;6548;2024-07-25 00:00:00,000
6606;2024-06-20 00:00:00,000;"L001";"S10041";25;677;677;2024-06-21 00:00:00,000;2024-06-25 00:00:00,000;6568;2024-07-25 00:00:00,000
6633;2024-06-21 00:00:00,000;"L001";"S10041";520;676;676;2024-06-24 00:00:00,000;2024-06-28 00:00:00,000;6617;2024-07-25 00:00:00,000
6650;2024-06-24 00:00:00,000;"L001";"S10041";10;749;749;2024-06-27 00:00:00,000;2024-07-02 00:00:00,000;6659;2024-08-01 00:00:00,000
6671;2024-06-25 00:00:00,000;"L001";"S10041";355;608;608;2024-06-27 00:00:00,000;2024-07-03 00:00:00,000;6678;2024-08-01 00:00:00,000
6693;2024-06-26 00:00:00,000;"L001";"S10041";270;599;599;2024-07-01 00:00:00,000;2024-07-04 00:00:00,000;6699;2024-08-01 00:00:00,000
6710;2024-06-27 00:00:00,000;"L001";"S10041";160;676;676;2024-07-01 00:00:00,000;2024-07-02 00:00:00,000;6669;2024-08-01 00:00:00,000
6726;2024-06-28 00:00:00,000;"L001";"S10041";45;669;669;2024-07-01 00:00:00,000;2024-07-05 00:00:00,000;6714;2024-08-01 00:00:00,000
6762;2024-07-01 00:00:00,000;"L001";"S10041";1665;763;763;2024-07-02 00:00:00,000;2024-07-08 00:00:00,000;6748;2024-08-08 00:00:00,000
6776;2024-07-02 00:00:00,000;"L001";"S10041";45;587;587;2024-07-05 00:00:00,000;2024-07-08 00:00:00,000;6755;2024-08-08 00:00:00,000
6786;2024-07-03 00:00:00,000;"L001";"S10041";265;782;782;2024-07-08 00:00:00,000;2024-07-12 00:00:00,000;6798;2024-08-08 00:00:00,000
6801;2024-07-04 00:00:00,000;"L001";"S10041";20;732;732;2024-07-09 00:00:00,000;2024-07-15 00:00:00,000;6808;2024-08-15 00:00:00,000
6814;2024-07-05 00:00:00,000;"L001";"S10041";115;71;71;2024-07-08 00:00:00,000;2024-07-08 00:00:00,000;6757;2024-08-08 00:00:00,000
6825;2024-07-08 00:00:00,000;"L001";"S10041";25;677;677;2024-07-10 00:00:00,000;2024-07-16 00:00:00,000;6842;2024-08-15 00:00:00,000
6846;2024-07-09 00:00:00,000;"L001";"S10041";260;716;716;2024-07-15 00:00:00,000;2024-07-22 00:00:00,000;6897;2024-08-22 00:00:00,000
6890;2024-07-11 00:00:00,000;"L001";"S10041";80;649;649;2024-07-15 00:00:00,000;2024-07-22 00:00:00,000;6909;2024-08-22 00:00:00,000
6917;2024-07-12 00:00:00,000;"L001";"S10041";310;723;723;2024-07-17 00:00:00,000;2024-07-23 00:00:00,000;6948;2024-08-22 00:00:00,000
6948;2024-07-15 00:00:00,000;"L001";"S10041";175;764;764;2024-07-17 00:00:00,000;2024-07-22 00:00:00,000;6932;2024-08-22 00:00:00,000
6977;2024-07-16 00:00:00,000;"L001";"S10041";405;628;628;2024-07-19 00:00:00,000;2024-07-24 00:00:00,000;6977;2024-08-22 00:00:00,000
6992;2024-07-17 00:00:00,000;"L001";"S10041";20;63;63;2024-07-19 00:00:00,000;2024-07-23 00:00:00,000;6965;2024-08-22 00:00:00,000
7015;2024-07-18 00:00:00,000;"L001";"S10041";470;673;673;2024-07-22 00:00:00,000;2024-07-23 00:00:00,000;6967;2024-08-22 00:00:00,000
7034;2024-07-19 00:00:00,000;"L001";"S10041";255;675;675;2024-07-22 00:00:00,000;2024-07-29 00:00:00,000;7039;2024-08-29 00:00:00,000
7052;2024-07-22 00:00:00,000;"L001";"S10041";120;705;705;2024-07-29 00:00:00,000;2024-08-01 00:00:00,000;7085;2024-08-29 00:00:00,000
7068;2024-07-23 00:00:00,000;"L001";"S10041";20;643;643;2024-07-24 00:00:00,000;2024-07-29 00:00:00,000;7053;2024-08-29 00:00:00,000
7090;2024-07-24 00:00:00,000;"L001";"S10041";175;631;631;2024-07-29 00:00:00,000;2024-08-05 00:00:00,000;7118;2024-09-05 00:00:00,000
7115;2024-07-25 00:00:00,000;"L001";"S10041";315;602;602;2024-07-29 00:00:00,000;2024-08-01 00:00:00,000;7102;2024-08-29 00:00:00,000
7132;2024-07-26 00:00:00,000;"L001";"S10041";130;716;716;2024-07-29 00:00:00,000;2024-08-02 00:00:00,000;7115;2024-08-29 00:00:00,000
7146;2024-07-29 00:00:00,000;"L001";"S10041";90;729;729;2024-08-02 00:00:00,000;2024-08-06 00:00:00,000;7155;2024-09-05 00:00:00,000
7165;2024-07-30 00:00:00,000;"L001";"S10041";170;671;671;2024-08-01 00:00:00,000;2024-08-06 00:00:00,000;7161;2024-09-05 00:00:00,000
7178;2024-07-31 00:00:00,000;"L001";"S10041";30;61;61;2024-08-05 00:00:00,000;2024-08-12 00:00:00,000;7207;2024-09-12 00:00:00,000
7201;2024-08-01 00:00:00,000;"L001";"S10041";395;755;755;2024-08-05 00:00:00,000;2024-08-06 00:00:00,000;7165;2024-09-05 00:00:00,000
7214;2024-08-02 00:00:00,000;"L001";"S10041";35;666;666;2024-08-06 00:00:00,000;2024-08-08 00:00:00,000;7196;2024-09-05 00:00:00,000
7227;2024-08-05 00:00:00,000;"L001";"S10041";145;708;708;2024-08-06 00:00:00,000;2024-08-12 00:00:00,000;7221;2024-09-12 00:00:00,000
7243;2024-08-06 00:00:00,000;"L001";"S10041";15;704;704;2024-08-12 00:00:00,000;2024-08-16 00:00:00,000;7268;2024-09-12 00:00:00,000
7271;2024-08-07 00:00:00,000;"L001";"S10041";465;644;644;2024-08-12 00:00:00,000;2024-08-14 00:00:00,000;7253;2024-09-12 00:00:00,000
7282;2024-08-08 00:00:00,000;"L001";"S10041";45;597;597;2024-08-12 00:00:00,000;2024-08-15 00:00:00,000;7266;2024-09-12 00:00:00,000
7303;2024-08-09 00:00:00,000;"L001";"S10041";465;6;6;2024-08-12 00:00:00,000;2024-08-16 00:00:00,000;7285;2024-09-12 00:00:00,000
7317;2024-08-12 00:00:00,000;"L001";"S10041";200;666;666;2024-08-14 00:00:00,000;2024-08-19 00:00:00,000;7314;2024-09-19 00:00:00,000
7331;2024-08-13 00:00:00,000;"L001";"S10041";70;703;703;2024-08-16 00:00:00,000;2024-08-23 00:00:00,000;7355;2024-09-19 00:00:00,000
7351;2024-08-14 00:00:00,000;"L001";"S10041";420;609;609;2024-08-16 00:00:00,000;2024-08-22 00:00:00,000;7347;2024-09-19 00:00:00,000
7372;2024-08-15 00:00:00,000;"L001";"S10041";95;676;676;2024-08-20 00:00:00,000;2024-08-23 00:00:00,000;7364;2024-09-19 00:00:00,000
7384;2024-08-16 00:00:00,000;"L001";"S10041";35;716;716;2024-08-19 00:00:00,000;2024-08-26 00:00:00,000;7386;2024-09-26 00:00:00,000
7393;2024-08-19 00:00:00,000;"L001";"S10041";35;638;638;2024-08-20 00:00:00,000;2024-08-26 00:00:00,000;7392;2024-09-26 00:00:00,000
7408;2024-08-20 00:00:00,000;"L001";"S10041";135;701;701;2024-08-22 00:00:00,000;2024-08-28 00:00:00,000;7418;2024-09-26 00:00:00,000
7436;2024-08-22 00:00:00,000;"L001";"S10041";35;705;705;2024-08-27 00:00:00,000;2024-09-02 00:00:00,000;7452;2024-10-03 00:00:00,000
7457;2024-08-23 00:00:00,000;"L001";"S10041";105;751;751;2024-08-26 00:00:00,000;2024-08-27 00:00:00,000;7415;2024-09-26 00:00:00,000
7467;2024-08-26 00:00:00,000;"L001";"S10041";55;703;703;2024-08-30 00:00:00,000;2024-09-02 00:00:00,000;7464;2024-10-03 00:00:00,000
7483;2024-08-27 00:00:00,000;"L001";"S10041";150;763;763;2024-09-02 00:00:00,000;2024-09-03 00:00:00,000;7480;2024-10-03 00:00:00,000
7507;2024-08-28 00:00:00,000;"L001";"S10041";125;629;629;2024-09-02 00:00:00,000;2024-09-09 00:00:00,000;7535;2024-10-10 00:00:00,000
7531;2024-08-29 00:00:00,000;"L001";"S10041";205;704;704;2024-09-02 00:00:00,000;2024-09-09 00:00:00,000;7541;2024-10-10 00:00:00,000
7543;2024-09-02 00:00:00,000;"L001";"S10041";115;764;764;2024-09-03 00:00:00,000;2024-09-10 00:00:00,000;7554;2024-10-10 00:00:00,000
7561;2024-09-03 00:00:00,000;"L001";"S10041";270;756;756;2024-09-05 00:00:00,000;2024-09-09 00:00:00,000;7549;2024-10-10 00:00:00,000
7583;2024-09-04 00:00:00,000;"L001";"S10041";275;665;665;2024-09-09 00:00:00,000;2024-09-12 00:00:00,000;7581;2024-10-10 00:00:00,000
7607;2024-09-05 00:00:00,000;"L001";"S10041";270;587;587;2024-09-09 00:00:00,000;2024-09-12 00:00:00,000;7588;2024-10-10 00:00:00,000
7621;2024-09-06 00:00:00,000;"L001";"S10041";160;679;679;2024-09-10 00:00:00,000;2024-09-16 00:00:00,000;7624;2024-10-17 00:00:00,000
7633;2024-09-09 00:00:00,000;"L001";"S10041";175;707;707;2024-09-10 00:00:00,000;2024-09-16 00:00:00,000;7630;2024-10-17 00:00:00,000
7648;2024-09-10 00:00:00,000;"L001";"S10041";165;642;642;2024-09-12 00:00:00,000;2024-09-17 00:00:00,000;7641;2024-10-17 00:00:00,000
7664;2024-09-11 00:00:00,000;"L001";"S10041";20;667;667;2024-09-16 00:00:00,000;2024-09-23 00:00:00,000;7679;2024-10-24 00:00:00,000
7689;2024-09-13 00:00:00,000;"L001";"S10041";55;677;677;2024-09-17 00:00:00,000;2024-09-23 00:00:00,000;7689;2024-10-24 00:00:00,000
7698;2024-09-16 00:00:00,000;"L001";"S10041";165;67;67;2024-09-17 00:00:00,000;2024-09-23 00:00:00,000;7693;2024-10-24 00:00:00,000
7707;2024-09-17 00:00:00,000;"L001";"S10041";20;733;733;2024-09-23 00:00:00,000;2024-09-26 00:00:00,000;7729;2024-10-24 00:00:00,000
7732;2024-09-18 00:00:00,000;"L001";"S10041";205;666;666;2024-09-23 00:00:00,000;2024-09-30 00:00:00,000;7762;2024-10-31 00:00:00,000
7753;2024-09-19 00:00:00,000;"L001";"S10041";400;635;635;2024-09-23 00:00:00,000;2024-09-25 00:00:00,000;7725;2024-10-24 00:00:00,000
7766;2024-09-20 00:00:00,000;"L001";"S10041";25;674;674;2024-09-23 00:00:00,000;2024-09-30 00:00:00,000;7774;2024-10-31 00:00:00,000
7791;2024-09-23 00:00:00,000;"L001";"S10041";335;602;602;2024-09-25 00:00:00,000;2024-09-30 00:00:00,000;7787;2024-10-31 00:00:00,000
7813;2024-09-24 00:00:00,000;"L001";"S10041";160;704;704;2024-09-25 00:00:00,000;2024-09-27 00:00:00,000;7760;2024-10-24 00:00:00,000
7838;2024-09-25 00:00:00,000;"L001";"S10041";165;726;726;2024-09-30 00:00:00,000;2024-10-07 00:00:00,000;7864;2024-11-07 00:00:00,000
7854;2024-09-26 00:00:00,000;"L001";"S10041";80;586;586;2024-09-30 00:00:00,000;2024-10-02 00:00:00,000;7826;2024-10-31 00:00:00,000
7868;2024-09-27 00:00:00,000;"L001";"S10041";75;757;757;2024-10-01 00:00:00,000;2024-10-08 00:00:00,000;7888;2024-11-07 00:00:00,000
7877;2024-09-30 00:00:00,000;"L001";"S10041";85;745;745;2024-10-07 00:00:00,000;2024-10-08 00:00:00,000;7891;2024-11-07 00:00:00,000
7904;2024-10-01 00:00:00,000;"L001";"S10041";120;618;618;2024-10-03 00:00:00,000;2024-10-10 00:00:00,000;7915;2024-11-07 00:00:00,000
7931;2024-10-02 00:00:00,000;"L001";"S10041";220;646;646;2024-10-03 00:00:00,000;2024-10-09 00:00:00,000;7906;2024-11-07 00:00:00,000
7964;2024-10-07 00:00:00,000;"L001";"S10041";115;7;7;2024-10-08 00:00:00,000;2024-10-14 00:00:00,000;7960;2024-11-14 00:00:00,000
7976;2024-10-08 00:00:00,000;"L001";"S10041";90;666;666;2024-10-10 00:00:00,000;2024-10-14 00:00:00,000;7964;2024-11-14 00:00:00,000
7985;2024-10-09 00:00:00,000;"L001";"S10041";100;624;624;2024-10-11 00:00:00,000;2024-10-14 00:00:00,000;7967;2024-11-14 00:00:00,000
8003;2024-10-10 00:00:00,000;"L001";"S10041";65;701;701;2024-10-14 00:00:00,000;2024-10-21 00:00:00,000;8013;2024-11-21 00:00:00,000
8018;2024-10-11 00:00:00,000;"L001";"S10041";50;767;767;2024-10-14 00:00:00,000;2024-10-18 00:00:00,000;8006;2024-11-14 00:00:00,000
8035;2024-10-14 00:00:00,000;"L001";"S10041";100;609;609;2024-10-15 00:00:00,000;2024-10-18 00:00:00,000;8007;2024-11-14 00:00:00,000
8047;2024-10-15 00:00:00,000;"L001";"S10041";30;675;675;2024-10-16 00:00:00,000;2024-10-18 00:00:00,000;8008;2024-11-14 00:00:00,000
8072;2024-10-16 00:00:00,000;"L001";"S10041";135;651;651;2024-10-18 00:00:00,000;2024-10-22 00:00:00,000;8057;2024-11-21 00:00:00,000
8099;2024-10-17 00:00:00,000;"L001";"S10041";90;736;736;2024-10-21 00:00:00,000;2024-10-22 00:00:00,000;8060;2024-11-21 00:00:00,000
8126;2024-10-18 00:00:00,000;"L001";"S10041";195;701;701;2024-10-21 00:00:00,000;2024-10-28 00:00:00,000;8128;2024-11-28 00:00:00,000
8142;2024-10-21 00:00:00,000;"L001";"S10041";125;71;71;2024-10-25 00:00:00,000;2024-10-31 00:00:00,000;8169;2024-11-28 00:00:00,000
8158;2024-10-22 00:00:00,000;"L001";"S10041";150;654;654;2024-10-23 00:00:00,000;2024-10-28 00:00:00,000;8139;2024-11-28 00:00:00,000
8171;2024-10-23 00:00:00,000;"L001";"S10041";55;648;648;2024-10-25 00:00:00,000;2024-10-30 00:00:00,000;8164;2024-11-28 00:00:00,000
8186;2024-10-24 00:00:00,000;"L001";"S10041";90;723;723;2024-10-28 00:00:00,000;2024-11-01 00:00:00,000;8186;2024-11-28 00:00:00,000
8199;2024-10-25 00:00:00,000;"L001";"S10041";35;671;671;2024-10-28 00:00:00,000;2024-11-01 00:00:00,000;8189;2024-11-28 00:00:00,000
8212;2024-10-28 00:00:00,000;"L001";"S10041";15;675;675;2024-11-04 00:00:00,000;2024-11-07 00:00:00,000;8235;2024-12-05 00:00:00,000
8240;2024-10-30 00:00:00,000;"L001";"S10041";310;727;727;2024-11-01 00:00:00,000;2024-11-06 00:00:00,000;8229;2024-12-05 00:00:00,000
8255;2024-10-31 00:00:00,000;"L001";"S10041";100;727;727;2024-11-04 00:00:00,000;2024-11-07 00:00:00,000;8246;2024-12-05 00:00:00,000
8265;2024-11-01 00:00:00,000;"L001";"S10041";85;627;627;2024-11-05 00:00:00,000;2024-11-11 00:00:00,000;8269;2024-12-12 00:00:00,000
8272;2024-11-04 00:00:00,000;"L001";"S10041";55;626;626;2024-11-08 00:00:00,000;2024-11-14 00:00:00,000;8310;2024-12-12 00:00:00,000
8300;2024-11-05 00:00:00,000;"L001";"S10041";265;785;785;2024-11-08 00:00:00,000;2024-11-12 00:00:00,000;8290;2024-12-12 00:00:00,000
8313;2024-11-06 00:00:00,000;"L001";"S10041";85;656;656;2024-11-11 00:00:00,000;2024-11-15 00:00:00,000;8327;2024-12-12 00:00:00,000
8326;2024-11-07 00:00:00,000;"L001";"S10041";115;707;707;2024-11-11 00:00:00,000;2024-11-15 00:00:00,000;8328;2024-12-12 00:00:00,000
8345;2024-11-08 00:00:00,000;"L001";"S10041";10;605;605;2024-11-11 00:00:00,000;2024-11-14 00:00:00,000;8324;2024-12-12 00:00:00,000
8363;2024-11-11 00:00:00,000;"L001";"S10041";270;749;749;2024-11-12 00:00:00,000;2024-11-18 00:00:00,000;8356;2024-12-19 00:00:00,000
8378;2024-11-12 00:00:00,000;"L001";"S10041";185;727;727;2024-11-14 00:00:00,000;2024-11-18 00:00:00,000;8361;2024-12-19 00:00:00,000
8397;2024-11-13 00:00:00,000;"L001";"S10041";110;711;711;2024-11-18 00:00:00,000;2024-11-20 00:00:00,000;8395;2024-12-19 00:00:00,000
8413;2024-11-14 00:00:00,000;"L001";"S10041";130;677;677;2024-11-18 00:00:00,000;2024-11-19 00:00:00,000;8383;2024-12-19 00:00:00,000
8422;2024-11-15 00:00:00,000;"L001";"S10041";50;67;67;2024-11-18 00:00:00,000;2024-11-25 00:00:00,000;8422;1900-01-01 00:00:00,000
8432;2024-11-18 00:00:00,000;"L001";"S10041";25;673;673;2024-11-22 00:00:00,000;2024-11-28 00:00:00,000;8466;1900-01-01 00:00:00,000
8445;2024-11-19 00:00:00,000;"L001";"S10041";80;596;596;2024-11-25 00:00:00,000;2024-11-28 00:00:00,000;8468;1900-01-01 00:00:00,000
8463;2024-11-20 00:00:00,000;"L001";"S10041";260;676;676;2024-11-22 00:00:00,000;2024-11-27 00:00:00,000;8458;1900-01-01 00:00:00,000
8488;2024-11-21 00:00:00,000;"L001";"S10041";435;713;713;2024-11-25 00:00:00,000;2024-11-29 00:00:00,000;8484;1900-01-01 00:00:00,000
8509;2024-11-22 00:00:00,000;"L001";"S10041";90;728;728;2024-11-27 00:00:00,000;2024-12-02 00:00:00,000;8512;1900-01-01 00:00:00,000
8555;2024-11-26 00:00:00,000;"L001";"S10041";470;644;644;2024-11-29 00:00:00,000;2024-12-06 00:00:00,000;8585;1900-01-01 00:00:00,000
8576;2024-11-27 00:00:00,000;"L001";"S10041";90;707;707;2024-12-02 00:00:00,000;2024-12-06 00:00:00,000;8588;1900-01-01 00:00:00,000
8597;2024-11-28 00:00:00,000;"L001";"S10041";180;701;701;2024-11-29 00:00:00,000;2024-12-06 00:00:00,000;8592;1900-01-01 00:00:00,000
8607;2024-11-29 00:00:00,000;"L001";"S10041";20;781;781;2024-12-03 00:00:00,000;2024-12-09 00:00:00,000;8609;1900-01-01 00:00:00,000
8619;2024-12-02 00:00:00,000;"L001";"S10041";80;72;72;2024-12-04 00:00:00,000;2024-12-10 00:00:00,000;8637;1900-01-01 00:00:00,000
8641;2024-12-03 00:00:00,000;"L001";"S10041";235;726;726;2024-12-06 00:00:00,000;2024-12-09 00:00:00,000;8626;1900-01-01 00:00:00,000
8661;2024-12-04 00:00:00,000;"L001";"S10041";180;663;663;2024-12-09 00:00:00,000;2024-12-09 00:00:00,000;8630;1900-01-01 00:00:00,000
8678;2024-12-05 00:00:00,000;"L001";"S10041";80;655;655;2024-12-09 00:00:00,000;2024-12-11 00:00:00,000;8660;1900-01-01 00:00:00,000
8699;2024-12-06 00:00:00,000;"L001";"S10041";350;669;669;2024-12-09 00:00:00,000;2024-12-16 00:00:00,000;8704;1900-01-01 00:00:00,000
8745;2024-12-11 00:00:00,000;"L001";"S10041";85;727;727;2024-12-16 00:00:00,000;2024-12-19 00:00:00,000;8748;1900-01-01 00:00:00,000
8768;2024-12-12 00:00:00,000;"L001";"S10041";170;711;711;2024-12-17 00:00:00,000;2024-12-23 00:00:00,000;8790;1900-01-01 00:00:00,000
8794;2024-12-13 00:00:00,000;"L001";"S10041";160;603;603;2024-12-16 00:00:00,000;2024-12-23 00:00:00,000;8799;1900-01-01 00:00:00,000
8812;2024-12-16 00:00:00,000;"L001";"S10041";135;743;743;2024-12-17 00:00:00,000;2024-12-20 00:00:00,000;8783;1900-01-01 00:00:00,000
8835;2024-12-17 00:00:00,000;"L001";"S10041";275;726;726;2024-12-20 00:00:00,000;2024-12-23 00:00:00,000;8810;1900-01-01 00:00:00,000
8851;2024-12-18 00:00:00,000;"L001";"S10041";80;677;677;2024-12-23 00:00:00,000;2024-12-27 00:00:00,000;8848;1900-01-01 00:00:00,000
8864;2024-12-19 00:00:00,000;"L001";"S10041";135;677;677;2024-12-23 00:00:00,000;2024-12-27 00:00:00,000;8857;1900-01-01 00:00:00,000
8887;2024-12-20 00:00:00,000;"L001";"S10041";540;608;608;2024-12-24 00:00:00,000;2024-12-30 00:00:00,000;8891;1900-01-01 00:00:00,000
8902;2024-12-23 00:00:00,000;"L001";"S10041";20;63;63;2024-12-24 00:00:00,000;2024-12-30 00:00:00,000;8898;1900-01-01 00:00:00,000
8923;2024-12-24 00:00:00,000;"L001";"S10041";435;701;701;2024-12-27 00:00:00,000;2024-12-30 00:00:00,000;8905;1900-01-01 00:00:00,000
8949;2024-12-27 00:00:00,000;"L001";"S10041";575;648;0;2024-12-30 00:00:00,000;1900-01-01 00:00:00,000;0;1900-01-01 00:00:00,000
8972;2024-12-30 00:00:00,000;"L001";"S10041";220;722;0;1900-01-01 00:00:00,000;1900-01-01 00:00:00,000;0;1900-01-01 00:00:00,000
8985;2024-12-31 00:00:00,000;"L001";"S10041";110;602;0;1900-01-01 00:00:00,000;1900-01-01 00:00:00,000;0;1900-01-01 00:00:00,000
4084;2023-11-23 00:00:00,000;"L004";"A10012";210;197;197;2023-11-28 00:00:00,000;2023-12-04 00:00:00,000;4104;2024-01-04 00:00:00,000
4137;2023-11-28 00:00:00,000;"L004";"A10012";300;181;181;2023-12-04 00:00:00,000;2023-12-06 00:00:00,000;4158;2024-01-04 00:00:00,000
4161;2023-11-29 00:00:00,000;"L004";"A10012";200;191;191;2023-12-04 00:00:00,000;2023-12-07 00:00:00,000;4174;2024-01-04 00:00:00,000
4180;2023-11-30 00:00:00,000;"L004";"A10012";150;194;194;2023-12-04 00:00:00,000;2023-12-05 00:00:00,000;4147;2024-01-04 00:00:00,000
4202;2023-12-01 00:00:00,000;"L004";"A10012";340;182;182;2023-12-04 00:00:00,000;2023-12-11 00:00:00,000;4215;2024-01-11 00:00:00,000
4224;2023-12-04 00:00:00,000;"L004";"A10012";95;193;193;2023-12-08 00:00:00,000;2023-12-15 00:00:00,000;4276;2024-01-11 00:00:00,000
4243;2023-12-05 00:00:00,000;"L004";"A10012";80;196;196;2023-12-06 00:00:00,000;2023-12-12 00:00:00,000;4240;2024-01-11 00:00:00,000
4264;2023-12-06 00:00:00,000;"L004";"A10012";230;183;183;2023-12-08 00:00:00,000;2023-12-11 00:00:00,000;4236;2024-01-11 00:00:00,000
4280;2023-12-07 00:00:00,000;"L004";"A10012";15;192;192;2023-12-11 00:00:00,000;2023-12-13 00:00:00,000;4264;2024-01-11 00:00:00,000
4299;2023-12-11 00:00:00,000;"L004";"A10012";195;186;186;2023-12-18 00:00:00,000;2023-12-22 00:00:00,000;4349;2024-01-18 00:00:00,000
4320;2023-12-12 00:00:00,000;"L004";"A10012";135;177;177;2023-12-13 00:00:00,000;2023-12-18 00:00:00,000;4307;2024-01-18 00:00:00,000
4337;2023-12-13 00:00:00,000;"L004";"A10012";165;199;199;2023-12-14 00:00:00,000;2023-12-18 00:00:00,000;4312;2024-01-18 00:00:00,000
4350;2023-12-14 00:00:00,000;"L004";"A10012";75;191;191;2023-12-18 00:00:00,000;2023-12-20 00:00:00,000;4333;2024-01-18 00:00:00,000
4367;2023-12-15 00:00:00,000;"L004";"A10012";20;187;187;2023-12-18 00:00:00,000;2023-12-22 00:00:00,000;4360;2024-01-18 00:00:00,000
4381;2023-12-18 00:00:00,000;"L004";"A10012";220;193;193;2023-12-19 00:00:00,000;2023-12-27 00:00:00,000;4381;2024-01-25 00:00:00,000
4401;2023-12-19 00:00:00,000;"L004";"A10012";300;192;192;2023-12-20 00:00:00,000;2023-12-27 00:00:00,000;4395;2024-01-25 00:00:00,000
4420;2023-12-20 00:00:00,000;"L004";"A10012";40;182;182;2023-12-21 00:00:00,000;2023-12-27 00:00:00,000;4405;2024-01-25 00:00:00,000
4441;2023-12-21 00:00:00,000;"L004";"A10012";345;183;183;2023-12-27 00:00:00,000;2024-01-02 00:00:00,000;4453;2024-02-01 00:00:00,000
4462;2023-12-22 00:00:00,000;"L004";"A10012";45;185;185;2023-12-27 00:00:00,000;2023-12-27 00:00:00,000;4420;2024-01-25 00:00:00,000
4471;2023-12-27 00:00:00,000;"L004";"A10012";185;191;191;2023-12-28 00:00:00,000;2024-01-02 00:00:00,000;4466;2024-02-01 00:00:00,000
4489;2023-12-28 00:00:00,000;"L004";"A10012";50;186;186;2024-01-02 00:00:00,000;2024-01-08 00:00:00,000;4506;2024-02-08 00:00:00,000
4504;2023-12-29 00:00:00,000;"L004";"A10012";290;181;181;2024-01-02 00:00:00,000;2024-01-08 00:00:00,000;4510;2024-02-08 00:00:00,000
4522;2024-01-02 00:00:00,000;"L004";"A10012";350;193;193;2024-01-08 00:00:00,000;2024-01-11 00:00:00,000;4552;2024-02-08 00:00:00,000
4536;2024-01-03 00:00:00,000;"L004";"A10012";10;204;204;2024-01-05 00:00:00,000;2024-01-11 00:00:00,000;4554;2024-02-08 00:00:00,000
4552;2024-01-04 00:00:00,000;"L004";"A10012";300;195;195;2024-01-05 00:00:00,000;2024-01-09 00:00:00,000;4533;2024-02-08 00:00:00,000
4585;2024-01-08 00:00:00,000;"L004";"A10012";85;204;204;2024-01-10 00:00:00,000;2024-01-15 00:00:00,000;4587;2024-02-15 00:00:00,000
4598;2024-01-09 00:00:00,000;"L004";"A10012";330;207;207;2024-01-12 00:00:00,000;2024-01-17 00:00:00,000;4615;2024-02-15 00:00:00,000
4624;2024-01-10 00:00:00,000;"L004";"A10012";230;179;179;2024-01-12 00:00:00,000;2024-01-18 00:00:00,000;4635;2024-02-15 00:00:00,000
4651;2024-01-11 00:00:00,000;"L004";"A10012";125;184;184;2024-01-12 00:00:00,000;2024-01-17 00:00:00,000;4627;2024-02-15 00:00:00,000
4671;2024-01-12 00:00:00,000;"L004";"A10012";60;199;199;2024-01-15 00:00:00,000;2024-01-19 00:00:00,000;4659;2024-02-15 00:00:00,000
4686;2024-01-15 00:00:00,000;"L004";"A10012";185;196;196;2024-01-18 00:00:00,000;2024-01-23 00:00:00,000;4700;2024-02-22 00:00:00,000
4728;2024-01-18 00:00:00,000;"L004";"A10012";20;181;181;2024-01-22 00:00:00,000;2024-01-26 00:00:00,000;4732;2024-02-22 00:00:00,000
4739;2024-01-19 00:00:00,000;"L004";"A10012";105;183;183;2024-01-23 00:00:00,000;2024-01-29 00:00:00,000;4746;2024-02-29 00:00:00,000
4755;2024-01-22 00:00:00,000;"L004";"A10012";375;197;197;2024-01-29 00:00:00,000;2024-02-05 00:00:00,000;4818;2024-03-07 00:00:00,000
4778;2024-01-23 00:00:00,000;"L004";"A10012";280;199;199;2024-01-26 00:00:00,000;2024-01-29 00:00:00,000;4765;2024-02-29 00:00:00,000
4801;2024-01-24 00:00:00,000;"L004";"A10012";100;17;17;2024-01-29 00:00:00,000;2024-02-05 00:00:00,000;4823;2024-03-07 00:00:00,000
4814;2024-01-25 00:00:00,000;"L004";"A10012";115;181;181;2024-01-29 00:00:00,000;2024-02-01 00:00:00,000;4805;2024-02-29 00:00:00,000
4829;2024-01-26 00:00:00,000;"L004";"A10012";70;192;192;2024-01-29 00:00:00,000;2024-02-05 00:00:00,000;4833;2024-03-07 00:00:00,000
4848;2024-01-29 00:00:00,000;"L004";"A10012";385;192;192;2024-01-30 00:00:00,000;2024-02-05 00:00:00,000;4843;2024-03-07 00:00:00,000
4870;2024-01-30 00:00:00,000;"L004";"A10012";60;209;209;2024-02-01 00:00:00,000;2024-02-06 00:00:00,000;4867;2024-03-07 00:00:00,000
4894;2024-02-01 00:00:00,000;"L004";"A10012";15;173;173;2024-02-05 00:00:00,000;2024-02-05 00:00:00,000;4858;2024-03-07 00:00:00,000
4907;2024-02-02 00:00:00,000;"L004";"A10012";60;185;185;2024-02-06 00:00:00,000;2024-02-12 00:00:00,000;4911;2024-03-14 00:00:00,000
4918;2024-02-05 00:00:00,000;"L004";"A10012";295;194;194;2024-02-07 00:00:00,000;2024-02-13 00:00:00,000;4935;2024-03-14 00:00:00,000
4940;2024-02-06 00:00:00,000;"L004";"A10012";60;169;169;2024-02-09 00:00:00,000;2024-02-14 00:00:00,000;4955;2024-03-14 00:00:00,000
4954;2024-02-07 00:00:00,000;"L004";"A10012";130;184;184;2024-02-12 00:00:00,000;2024-02-19 00:00:00,000;4984;2024-03-21 00:00:00,000
4974;2024-02-08 00:00:00,000;"L004";"A10012";115;205;205;2024-02-12 00:00:00,000;2024-02-14 00:00:00,000;4961;2024-03-14 00:00:00,000
4987;2024-02-09 00:00:00,000;"L004";"A10012";95;193;193;2024-02-12 00:00:00,000;2024-02-15 00:00:00,000;4971;2024-03-14 00:00:00,000
5002;2024-02-12 00:00:00,000;"L004";"A10012";350;206;206;2024-02-14 00:00:00,000;2024-02-16 00:00:00,000;4981;2024-03-14 00:00:00,000
5028;2024-02-13 00:00:00,000;"L004";"A10012";145;202;202;2024-02-16 00:00:00,000;2024-02-23 00:00:00,000;5059;2024-03-21 00:00:00,000
5048;2024-02-14 00:00:00,000;"L004";"A10012";80;199;199;2024-02-16 00:00:00,000;2024-02-20 00:00:00,000;5032;2024-03-21 00:00:00,000
5065;2024-02-15 00:00:00,000;"L004";"A10012";30;214;214;2024-02-19 00:00:00,000;2024-02-26 00:00:00,000;5072;2024-03-28 00:00:00,000
5071;2024-02-16 00:00:00,000;"L004";"A10012";105;194;194;2024-02-20 00:00:00,000;2024-02-26 00:00:00,000;5075;2024-03-28 00:00:00,000
5086;2024-02-19 00:00:00,000;"L004";"A10012";65;195;195;2024-02-26 00:00:00,000;2024-02-27 00:00:00,000;5107;2024-03-28 00:00:00,000
5109;2024-02-20 00:00:00,000;"L004";"A10012";355;183;183;2024-02-22 00:00:00,000;2024-02-29 00:00:00,000;5145;2024-03-28 00:00:00,000
5139;2024-02-21 00:00:00,000;"L004";"A10012";295;171;171;2024-02-26 00:00:00,000;2024-02-29 00:00:00,000;5151;2024-03-28 00:00:00,000
5166;2024-02-22 00:00:00,000;"L004";"A10012";245;185;185;2024-02-26 00:00:00,000;2024-03-04 00:00:00,000;5177;2024-04-04 00:00:00,000
5186;2024-02-26 00:00:00,000;"L004";"A10012";40;215;215;2024-02-28 00:00:00,000;2024-03-06 00:00:00,000;5210;2024-04-04 00:00:00,000
5200;2024-02-27 00:00:00,000;"L004";"A10012";160;184;184;2024-02-28 00:00:00,000;2024-03-04 00:00:00,000;5190;2024-04-04 00:00:00,000
5214;2024-02-28 00:00:00,000;"L004";"A10012";395;176;176;2024-02-29 00:00:00,000;2024-03-06 00:00:00,000;5216;2024-04-04 00:00:00,000
5240;2024-02-29 00:00:00,000;"L004";"A10012";230;196;196;2024-03-05 00:00:00,000;2024-03-11 00:00:00,000;5263;2024-04-11 00:00:00,000
5260;2024-03-01 00:00:00,000;"L004";"A10012";145;17;17;2024-03-04 00:00:00,000;2024-03-11 00:00:00,000;5267;2024-04-11 00:00:00,000
5278;2024-03-04 00:00:00,000;"L004";"A10012";215;182;182;2024-03-08 00:00:00,000;2024-03-13 00:00:00,000;5303;2024-04-11 00:00:00,000
5304;2024-03-06 00:00:00,000;"L004";"A10012";30;2;2;2024-03-08 00:00:00,000;2024-03-12 00:00:00,000;5296;2024-04-11 00:00:00,000
5318;2024-03-07 00:00:00,000;"L004";"A10012";50;173;173;2024-03-11 00:00:00,000;2024-03-15 00:00:00,000;5323;2024-04-11 00:00:00,000
5333;2024-03-08 00:00:00,000;"L004";"A10012";10;194;194;2024-03-11 00:00:00,000;2024-03-15 00:00:00,000;5326;2024-04-11 00:00:00,000
5347;2024-03-11 00:00:00,000;"L004";"A10012";65;181;181;2024-03-14 00:00:00,000;2024-03-18 00:00:00,000;5344;2024-04-18 00:00:00,000
5368;2024-03-12 00:00:00,000;"L004";"A10012";120;198;198;2024-03-13 00:00:00,000;2024-03-18 00:00:00,000;5350;2024-04-18 00:00:00,000
5388;2024-03-13 00:00:00,000;"L004";"A10012";550;185;185;2024-03-14 00:00:00,000;2024-03-20 00:00:00,000;5385;2024-04-18 00:00:00,000
5412;2024-03-14 00:00:00,000;"L004";"A10012";245;181;181;2024-03-18 00:00:00,000;2024-03-22 00:00:00,000;5420;2024-04-18 00:00:00,000
5433;2024-03-15 00:00:00,000;"L004";"A10012";80;172;172;2024-03-18 00:00:00,000;2024-03-19 00:00:00,000;5373;2024-04-18 00:00:00,000
5451;2024-03-18 00:00:00,000;"L004";"A10012";200;199;199;2024-03-19 00:00:00,000;2024-03-25 00:00:00,000;5450;2024-04-25 00:00:00,000
5469;2024-03-19 00:00:00,000;"L004";"A10012";35;211;211;2024-03-21 00:00:00,000;2024-03-27 00:00:00,000;5481;2024-04-25 00:00:00,000
5482;2024-03-20 00:00:00,000;"L004";"A10012";370;186;186;2024-03-25 00:00:00,000;2024-04-02 00:00:00,000;5518;2024-05-02 00:00:00,000
5505;2024-03-21 00:00:00,000;"L004";"A10012";110;195;195;2024-03-22 00:00:00,000;2024-03-27 00:00:00,000;5491;2024-04-25 00:00:00,000
5521;2024-03-22 00:00:00,000;"L004";"A10012";45;183;183;2024-03-26 00:00:00,000;2024-03-28 00:00:00,000;5505;2024-04-25 00:00:00,000
5540;2024-03-25 00:00:00,000;"L004";"A10012";545;166;166;2024-03-29 00:00:00,000;2024-04-02 00:00:00,000;5541;2024-05-02 00:00:00,000
5562;2024-03-26 00:00:00,000;"L004";"A10012";45;214;214;2024-03-28 00:00:00,000;2024-04-02 00:00:00,000;5559;2024-05-02 00:00:00,000
5576;2024-03-27 00:00:00,000;"L004";"A10012";285;204;204;2024-03-28 00:00:00,000;2024-04-02 00:00:00,000;5567;2024-05-02 00:00:00,000
5601;2024-03-28 00:00:00,000;"L004";"A10012";225;203;203;2024-04-02 00:00:00,000;2024-04-08 00:00:00,000;5633;2024-05-16 00:00:00,000
5634;2024-03-29 00:00:00,000;"L004";"A10012";235;209;209;2024-04-02 00:00:00,000;2024-04-08 00:00:00,000;5644;2024-05-16 00:00:00,000
5658;2024-04-02 00:00:00,000;"L004";"A10012";60;216;216;2024-04-04 00:00:00,000;2024-04-10 00:00:00,000;5667;2024-05-16 00:00:00,000
5669;2024-04-03 00:00:00,000;"L004";"A10012";100;172;172;2024-04-08 00:00:00,000;2024-04-11 00:00:00,000;5676;2024-05-16 00:00:00,000
5682;2024-04-04 00:00:00,000;"L004";"A10012";25;178;178;2024-04-08 00:00:00,000;2024-04-12 00:00:00,000;5686;2024-05-16 00:00:00,000
5694;2024-04-05 00:00:00,000;"L004";"A10012";60;203;203;2024-04-08 00:00:00,000;2024-04-12 00:00:00,000;5689;2024-05-16 00:00:00,000
5706;2024-04-08 00:00:00,000;"L004";"A10012";70;176;176;2024-04-10 00:00:00,000;2024-04-17 00:00:00,000;5743;2024-05-16 00:00:00,000
5720;2024-04-09 00:00:00,000;"L004";"A10012";130;198;198;2024-04-10 00:00:00,000;2024-04-15 00:00:00,000;5708;2024-05-16 00:00:00,000
5748;2024-04-10 00:00:00,000;"L004";"A10012";290;204;204;2024-04-15 00:00:00,000;2024-04-17 00:00:00,000;5749;2024-05-16 00:00:00,000
5770;2024-04-11 00:00:00,000;"L004";"A10012";165;186;186;2024-04-15 00:00:00,000;2024-04-22 00:00:00,000;5788;2024-05-23 00:00:00,000
5790;2024-04-12 00:00:00,000;"L004";"A10012";290;192;192;2024-04-15 00:00:00,000;2024-04-22 00:00:00,000;5796;2024-05-23 00:00:00,000
5807;2024-04-15 00:00:00,000;"L004";"A10012";105;193;193;2024-04-22 00:00:00,000;2024-04-24 00:00:00,000;5821;2024-05-23 00:00:00,000
5821;2024-04-16 00:00:00,000;"L004";"A10012";95;215;215;2024-04-19 00:00:00,000;2024-04-22 00:00:00,000;5808;2024-05-23 00:00:00,000
5831;2024-04-17 00:00:00,000;"L004";"A10012";90;185;185;2024-04-18 00:00:00,000;2024-04-22 00:00:00,000;5813;2024-05-23 00:00:00,000
5845;2024-04-18 00:00:00,000;"L004";"A10012";45;201;201;2024-04-22 00:00:00,000;2024-04-29 00:00:00,000;5860;2024-05-30 00:00:00,000
5858;2024-04-19 00:00:00,000;"L004";"A10012";50;17;17;2024-04-22 00:00:00,000;2024-04-25 00:00:00,000;5843;2024-05-23 00:00:00,000
5878;2024-04-22 00:00:00,000;"L004";"A10012";395;212;212;2024-04-25 00:00:00,000;2024-04-30 00:00:00,000;5895;2024-05-30 00:00:00,000
5903;2024-04-23 00:00:00,000;"L004";"A10012";200;178;178;2024-04-29 00:00:00,000;2024-05-06 00:00:00,000;5964;2024-06-06 00:00:00,000
5919;2024-04-24 00:00:00,000;"L004";"A10012";150;161;161;2024-04-29 00:00:00,000;2024-05-06 00:00:00,000;5967;2024-06-06 00:00:00,000
5945;2024-04-25 00:00:00,000;"L004";"A10012";405;194;194;2024-04-26 00:00:00,000;2024-04-29 00:00:00,000;5890;2024-05-30 00:00:00,000
5969;2024-04-26 00:00:00,000;"L004";"A10012";65;201;201;2024-04-29 00:00:00,000;2024-05-03 00:00:00,000;5958;2024-05-30 00:00:00,000
5980;2024-04-29 00:00:00,000;"L004";"A10012";580;204;204;2024-04-30 00:00:00,000;2024-05-02 00:00:00,000;5949;2024-05-30 00:00:00,000
6017;2024-05-01 00:00:00,000;"L004";"A10012";160;176;176;2024-05-03 00:00:00,000;2024-05-10 00:00:00,000;6035;2024-06-06 00:00:00,000
6037;2024-05-02 00:00:00,000;"L004";"A10012";570;21;21;2024-05-03 00:00:00,000;2024-05-07 00:00:00,000;6002;2024-06-06 00:00:00,000
6089;2024-05-08 00:00:00,000;"L004";"A10012";80;184;184;2024-05-10 00:00:00,000;2024-05-15 00:00:00,000;6086;2024-06-13 00:00:00,000
6111;2024-05-10 00:00:00,000;"L004";"A10012";110;2;2;2024-05-13 00:00:00,000;2024-05-16 00:00:00,000;6096;2024-06-13 00:00:00,000
6132;2024-05-13 00:00:00,000;"L004";"A10012";100;169;169;2024-05-14 00:00:00,000;2024-05-21 00:00:00,000;6132;2024-06-20 00:00:00,000
6153;2024-05-14 00:00:00,000;"L004";"A10012";160;206;206;2024-05-16 00:00:00,000;2024-05-21 00:00:00,000;6146;2024-06-20 00:00:00,000
6171;2024-05-15 00:00:00,000;"L004";"A10012";90;185;185;2024-05-21 00:00:00,000;2024-05-27 00:00:00,000;6196;2024-06-27 00:00:00,000
6200;2024-05-17 00:00:00,000;"L004";"A10012";135;209;209;2024-05-21 00:00:00,000;2024-05-27 00:00:00,000;6204;2024-06-27 00:00:00,000
6213;2024-05-21 00:00:00,000;"L004";"A10012";195;193;193;2024-05-27 00:00:00,000;2024-05-27 00:00:00,000;6210;2024-06-27 00:00:00,000
6243;2024-05-23 00:00:00,000;"L004";"A10012";195;178;178;2024-05-27 00:00:00,000;2024-06-03 00:00:00,000;6274;2024-07-04 00:00:00,000
6269;2024-05-24 00:00:00,000;"L004";"A10012";215;165;165;2024-05-27 00:00:00,000;2024-05-30 00:00:00,000;6251;2024-06-27 00:00:00,000
6292;2024-05-27 00:00:00,000;"L004";"A10012";275;183;183;2024-05-30 00:00:00,000;2024-06-03 00:00:00,000;6291;2024-07-04 00:00:00,000
6315;2024-05-28 00:00:00,000;"L004";"A10012";270;196;196;2024-05-30 00:00:00,000;2024-06-03 00:00:00,000;6302;2024-07-04 00:00:00,000
6334;2024-05-29 00:00:00,000;"L004";"A10012";170;193;193;2024-06-03 00:00:00,000;2024-06-04 00:00:00,000;6320;2024-07-04 00:00:00,000
6350;2024-05-30 00:00:00,000;"L004";"A10012";105;194;194;2024-06-03 00:00:00,000;2024-06-06 00:00:00,000;6345;2024-07-04 00:00:00,000
6366;2024-05-31 00:00:00,000;"L004";"A10012";40;214;214;2024-06-03 00:00:00,000;2024-06-07 00:00:00,000;6360;2024-07-04 00:00:00,000
6380;2024-06-03 00:00:00,000;"L004";"A10012";25;208;208;2024-06-07 00:00:00,000;2024-06-13 00:00:00,000;6402;2024-07-11 00:00:00,000
6391;2024-06-04 00:00:00,000;"L004";"A10012";45;186;186;2024-06-07 00:00:00,000;2024-06-13 00:00:00,000;6406;2024-07-11 00:00:00,000
6401;2024-06-05 00:00:00,000;"L004";"A10012";270;177;177;2024-06-06 00:00:00,000;2024-06-10 00:00:00,000;6383;2024-07-11 00:00:00,000
6417;2024-06-06 00:00:00,000;"L004";"A10012";60;197;197;2024-06-10 00:00:00,000;2024-06-17 00:00:00,000;6426;2024-07-18 00:00:00,000
6427;2024-06-07 00:00:00,000;"L004";"A10012";25;2;2;2024-06-10 00:00:00,000;2024-06-13 00:00:00,000;6413;2024-07-11 00:00:00,000
6434;2024-06-10 00:00:00,000;"L004";"A10012";110;184;184;2024-06-12 00:00:00,000;2024-06-17 00:00:00,000;6432;2024-07-18 00:00:00,000
6465;2024-06-12 00:00:00,000;"L004";"A10012";260;216;216;2024-06-13 00:00:00,000;2024-06-17 00:00:00,000;6443;2024-07-18 00:00:00,000
6492;2024-06-13 00:00:00,000;"L004";"A10012";25;176;176;2024-06-14 00:00:00,000;2024-06-19 00:00:00,000;6472;2024-07-18 00:00:00,000
6507;2024-06-14 00:00:00,000;"L004";"A10012";135;193;193;2024-06-17 00:00:00,000;2024-06-19 00:00:00,000;6476;2024-07-18 00:00:00,000
6535;2024-06-17 00:00:00,000;"L004";"A10012";105;178;178;2024-06-19 00:00:00,000;2024-06-25 00:00:00,000;6554;2024-07-25 00:00:00,000
6554;2024-06-18 00:00:00,000;"L004";"A10012";115;194;194;2024-06-19 00:00:00,000;2024-06-25 00:00:00,000;6560;2024-07-25 00:00:00,000
6571;2024-06-19 00:00:00,000;"L004";"A10012";205;176;176;2024-06-21 00:00:00,000;2024-06-28 00:00:00,000;6605;2024-07-25 00:00:00,000
6596;2024-06-20 00:00:00,000;"L004";"A10012";135;204;204;2024-06-21 00:00:00,000;2024-06-26 00:00:00,000;6581;2024-07-25 00:00:00,000
6616;2024-06-21 00:00:00,000;"L004";"A10012";335;192;192;2024-06-25 00:00:00,000;2024-06-28 00:00:00,000;6612;2024-07-25 00:00:00,000
6642;2024-06-24 00:00:00,000;"L004";"A10012";95;181;181;2024-06-25 00:00:00,000;2024-07-01 00:00:00,000;6640;2024-08-01 00:00:00,000
6660;2024-06-25 00:00:00,000;"L004";"A10012";230;199;199;2024-06-27 00:00:00,000;2024-07-03 00:00:00,000;6674;2024-08-01 00:00:00,000
6681;2024-06-26 00:00:00,000;"L004";"A10012";145;198;198;2024-07-01 00:00:00,000;2024-07-08 00:00:00,000;6721;2024-08-08 00:00:00,000
6704;2024-06-27 00:00:00,000;"L004";"A10012";85;183;183;2024-07-01 00:00:00,000;2024-07-03 00:00:00,000;6683;2024-08-01 00:00:00,000
6718;2024-06-28 00:00:00,000;"L004";"A10012";55;208;208;2024-07-01 00:00:00,000;2024-07-05 00:00:00,000;6712;2024-08-01 00:00:00,000
6780;2024-07-03 00:00:00,000;"L004";"A10012";110;214;214;2024-07-08 00:00:00,000;2024-07-11 00:00:00,000;6783;2024-08-08 00:00:00,000
6794;2024-07-04 00:00:00,000;"L004";"A10012";10;195;195;2024-07-08 00:00:00,000;2024-07-12 00:00:00,000;6801;2024-08-08 00:00:00,000
6807;2024-07-05 00:00:00,000;"L004";"A10012";70;184;184;2024-07-09 00:00:00,000;2024-07-16 00:00:00,000;6837;2024-08-15 00:00:00,000
6819;2024-07-08 00:00:00,000;"L004";"A10012";150;206;206;2024-07-11 00:00:00,000;2024-07-17 00:00:00,000;6850;2024-08-15 00:00:00,000
6834;2024-07-09 00:00:00,000;"L004";"A10012";235;186;186;2024-07-10 00:00:00,000;2024-07-15 00:00:00,000;6823;2024-08-15 00:00:00,000
6855;2024-07-10 00:00:00,000;"L004";"A10012";125;181;181;2024-07-12 00:00:00,000;2024-07-15 00:00:00,000;6830;2024-08-15 00:00:00,000
6874;2024-07-11 00:00:00,000;"L004";"A10012";120;204;204;2024-07-15 00:00:00,000;2024-07-22 00:00:00,000;6901;2024-08-22 00:00:00,000
6902;2024-07-12 00:00:00,000;"L004";"A10012";820;186;186;2024-07-15 00:00:00,000;2024-07-17 00:00:00,000;6858;2024-08-15 00:00:00,000
6931;2024-07-15 00:00:00,000;"L004";"A10012";135;195;195;2024-07-16 00:00:00,000;2024-07-22 00:00:00,000;6926;2024-08-22 00:00:00,000
6962;2024-07-16 00:00:00,000;"L004";"A10012";275;202;202;2024-07-22 00:00:00,000;2024-07-25 00:00:00,000;6991;2024-08-22 00:00:00,000
6985;2024-07-17 00:00:00,000;"L004";"A10012";30;186;186;2024-07-22 00:00:00,000;2024-07-25 00:00:00,000;6995;2024-08-22 00:00:00,000
7003;2024-07-18 00:00:00,000;"L004";"A10012";500;186;186;2024-07-22 00:00:00,000;2024-07-24 00:00:00,000;6981;2024-08-22 00:00:00,000
7025;2024-07-19 00:00:00,000;"L004";"A10012";45;182;182;2024-07-22 00:00:00,000;2024-07-24 00:00:00,000;6985;2024-08-22 00:00:00,000
7043;2024-07-22 00:00:00,000;"L004";"A10012";85;193;193;2024-07-23 00:00:00,000;2024-07-25 00:00:00,000;7008;2024-08-22 00:00:00,000
7060;2024-07-23 00:00:00,000;"L004";"A10012";165;197;197;2024-07-25 00:00:00,000;2024-07-30 00:00:00,000;7063;2024-08-29 00:00:00,000
7076;2024-07-24 00:00:00,000;"L004";"A10012";180;199;199;2024-07-26 00:00:00,000;2024-07-31 00:00:00,000;7076;2024-08-29 00:00:00,000
7101;2024-07-25 00:00:00,000;"L004";"A10012";270;167;167;2024-07-29 00:00:00,000;2024-08-01 00:00:00,000;7098;2024-08-29 00:00:00,000
7124;2024-07-26 00:00:00,000;"L004";"A10012";55;184;184;2024-07-29 00:00:00,000;2024-08-05 00:00:00,000;7129;2024-09-05 00:00:00,000
7137;2024-07-29 00:00:00,000;"L004";"A10012";235;162;162;2024-08-01 00:00:00,000;2024-08-06 00:00:00,000;7152;2024-09-05 00:00:00,000
7155;2024-07-30 00:00:00,000;"L004";"A10012";155;21;21;2024-08-05 00:00:00,000;2024-08-09 00:00:00,000;7197;2024-09-05 00:00:00,000
7170;2024-07-31 00:00:00,000;"L004";"A10012";235;193;193;2024-08-02 00:00:00,000;2024-08-06 00:00:00,000;7162;2024-09-05 00:00:00,000
7188;2024-08-01 00:00:00,000;"L004";"A10012";205;202;202;2024-08-05 00:00:00,000;2024-08-08 00:00:00,000;7189;2024-09-05 00:00:00,000
7222;2024-08-05 00:00:00,000;"L004";"A10012";20;194;194;2024-08-09 00:00:00,000;2024-08-14 00:00:00,000;7238;2024-09-12 00:00:00,000
7234;2024-08-06 00:00:00,000;"L004";"A10012";25;202;202;2024-08-12 00:00:00,000;2024-08-16 00:00:00,000;7267;2024-09-12 00:00:00,000
7255;2024-08-07 00:00:00,000;"L004";"A10012";245;169;169;2024-08-12 00:00:00,000;2024-08-15 00:00:00,000;7263;2024-09-12 00:00:00,000
7280;2024-08-08 00:00:00,000;"L004";"A10012";235;194;194;2024-08-12 00:00:00,000;2024-08-16 00:00:00,000;7280;2024-09-12 00:00:00,000
7293;2024-08-09 00:00:00,000;"L004";"A10012";75;205;205;2024-08-13 00:00:00,000;2024-08-19 00:00:00,000;7301;2024-09-19 00:00:00,000
7312;2024-08-12 00:00:00,000;"L004";"A10012";60;195;195;2024-08-14 00:00:00,000;2024-08-19 00:00:00,000;7310;2024-09-19 00:00:00,000
7326;2024-08-13 00:00:00,000;"L004";"A10012";85;2;2;2024-08-14 00:00:00,000;2024-08-16 00:00:00,000;7287;2024-09-12 00:00:00,000
7341;2024-08-14 00:00:00,000;"L004";"A10012";85;193;193;2024-08-16 00:00:00,000;2024-08-19 00:00:00,000;7324;2024-09-19 00:00:00,000
7362;2024-08-15 00:00:00,000;"L004";"A10012";110;183;183;2024-08-16 00:00:00,000;2024-08-20 00:00:00,000;7336;2024-09-19 00:00:00,000
7379;2024-08-16 00:00:00,000;"L004";"A10012";35;181;181;2024-08-19 00:00:00,000;2024-08-26 00:00:00,000;7381;2024-09-26 00:00:00,000
7389;2024-08-19 00:00:00,000;"L004";"A10012";40;207;207;2024-08-20 00:00:00,000;2024-08-26 00:00:00,000;7390;2024-09-26 00:00:00,000
7401;2024-08-20 00:00:00,000;"L004";"A10012";195;186;186;2024-08-22 00:00:00,000;2024-08-26 00:00:00,000;7397;2024-09-26 00:00:00,000
7416;2024-08-21 00:00:00,000;"L004";"A10012";55;186;186;2024-08-23 00:00:00,000;2024-08-26 00:00:00,000;7402;2024-09-26 00:00:00,000
7445;2024-08-23 00:00:00,000;"L004";"A10012";30;207;207;2024-08-26 00:00:00,000;2024-08-28 00:00:00,000;7425;2024-09-26 00:00:00,000
7463;2024-08-26 00:00:00,000;"L004";"A10012";85;198;198;2024-08-28 00:00:00,000;2024-09-02 00:00:00,000;7462;2024-10-03 00:00:00,000
7473;2024-08-27 00:00:00,000;"L004";"A10012";20;177;177;2024-09-02 00:00:00,000;2024-09-06 00:00:00,000;7514;2024-10-03 00:00:00,000
7494;2024-08-28 00:00:00,000;"L004";"A10012";205;208;208;2024-09-02 00:00:00,000;2024-09-06 00:00:00,000;7518;2024-10-03 00:00:00,000
7519;2024-08-29 00:00:00,000;"L004";"A10012";515;193;193;2024-09-02 00:00:00,000;2024-09-09 00:00:00,000;7538;2024-10-10 00:00:00,000
7550;2024-09-03 00:00:00,000;"L004";"A10012";195;205;205;2024-09-09 00:00:00,000;2024-09-12 00:00:00,000;7577;2024-10-10 00:00:00,000
7571;2024-09-04 00:00:00,000;"L004";"A10012";75;182;182;2024-09-06 00:00:00,000;2024-09-11 00:00:00,000;7569;2024-10-10 00:00:00,000
7595;2024-09-05 00:00:00,000;"L004";"A10012";585;166;166;2024-09-10 00:00:00,000;2024-09-13 00:00:00,000;7598;2024-10-10 00:00:00,000
7616;2024-09-06 00:00:00,000;"L004";"A10012";70;184;184;2024-09-09 00:00:00,000;2024-09-12 00:00:00,000;7590;2024-10-10 00:00:00,000
7628;2024-09-09 00:00:00,000;"L004";"A10012";30;176;176;2024-09-11 00:00:00,000;2024-09-16 00:00:00,000;7627;2024-10-17 00:00:00,000
7638;2024-09-10 00:00:00,000;"L004";"A10012";25;2;2;2024-09-16 00:00:00,000;2024-09-23 00:00:00,000;7676;2024-10-24 00:00:00,000
7655;2024-09-11 00:00:00,000;"L004";"A10012";200;185;185;2024-09-16 00:00:00,000;2024-09-19 00:00:00,000;7659;2024-10-17 00:00:00,000
7670;2024-09-12 00:00:00,000;"L004";"A10012";20;176;176;2024-09-16 00:00:00,000;2024-09-19 00:00:00,000;7661;2024-10-17 00:00:00,000
7682;2024-09-13 00:00:00,000;"L004";"A10012";10;183;183;2024-09-17 00:00:00,000;2024-09-23 00:00:00,000;7688;2024-10-24 00:00:00,000
7717;2024-09-18 00:00:00,000;"L004";"A10012";190;183;183;2024-09-20 00:00:00,000;2024-09-24 00:00:00,000;7707;2024-10-24 00:00:00,000
7741;2024-09-19 00:00:00,000;"L004";"A10012";105;169;169;2024-09-20 00:00:00,000;2024-09-24 00:00:00,000;7710;2024-10-24 00:00:00,000
7775;2024-09-23 00:00:00,000;"L004";"A10012";270;192;192;2024-09-27 00:00:00,000;2024-09-30 00:00:00,000;7778;2024-10-31 00:00:00,000
7803;2024-09-24 00:00:00,000;"L004";"A10012";425;213;213;2024-09-26 00:00:00,000;2024-09-30 00:00:00,000;7793;2024-10-31 00:00:00,000
7827;2024-09-25 00:00:00,000;"L004";"A10012";510;201;201;2024-09-30 00:00:00,000;2024-10-07 00:00:00,000;7861;2024-11-07 00:00:00,000
7846;2024-09-26 00:00:00,000;"L004";"A10012";15;166;166;2024-09-30 00:00:00,000;2024-10-03 00:00:00,000;7838;2024-10-31 00:00:00,000
7863;2024-09-27 00:00:00,000;"L004";"A10012";115;185;185;2024-09-30 00:00:00,000;2024-10-02 00:00:00,000;7829;2024-10-31 00:00:00,000
7886;2024-10-01 00:00:00,000;"L004";"A10012";255;2;2;2024-10-07 00:00:00,000;2024-10-14 00:00:00,000;7935;2024-11-14 00:00:00,000
7914;2024-10-02 00:00:00,000;"L004";"A10012";450;196;196;2024-10-07 00:00:00,000;2024-10-14 00:00:00,000;7939;2024-11-14 00:00:00,000
7940;2024-10-03 00:00:00,000;"L004";"A10012";15;167;167;2024-10-04 00:00:00,000;2024-10-09 00:00:00,000;7909;2024-11-07 00:00:00,000
7958;2024-10-07 00:00:00,000;"L004";"A10012";20;2;2;2024-10-11 00:00:00,000;2024-10-16 00:00:00,000;7981;2024-11-14 00:00:00,000
7971;2024-10-08 00:00:00,000;"L004";"A10012";145;209;209;2024-10-11 00:00:00,000;2024-10-15 00:00:00,000;7973;2024-11-14 00:00:00,000
7980;2024-10-09 00:00:00,000;"L004";"A10012";105;201;201;2024-10-11 00:00:00,000;2024-10-15 00:00:00,000;7975;2024-11-14 00:00:00,000
7994;2024-10-10 00:00:00,000;"L004";"A10012";85;178;178;2024-10-11 00:00:00,000;2024-10-17 00:00:00,000;7999;2024-11-14 00:00:00,000
8012;2024-10-11 00:00:00,000;"L004";"A10012";105;201;201;2024-10-15 00:00:00,000;2024-10-17 00:00:00,000;8000;2024-11-14 00:00:00,000
8027;2024-10-14 00:00:00,000;"L004";"A10012";145;205;205;2024-10-15 00:00:00,000;2024-10-21 00:00:00,000;8024;2024-11-21 00:00:00,000
8041;2024-10-15 00:00:00,000;"L004";"A10012";70;197;197;2024-10-16 00:00:00,000;2024-10-23 00:00:00,000;8065;2024-11-21 00:00:00,000
8058;2024-10-16 00:00:00,000;"L004";"A10012";275;184;184;2024-10-21 00:00:00,000;2024-10-25 00:00:00,000;8097;2024-11-21 00:00:00,000
8086;2024-10-17 00:00:00,000;"L004";"A10012";450;186;186;2024-10-21 00:00:00,000;2024-10-21 00:00:00,000;8040;2024-11-21 00:00:00,000
8110;2024-10-18 00:00:00,000;"L004";"A10012";95;172;172;2024-10-22 00:00:00,000;2024-10-29 00:00:00,000;8143;2024-11-28 00:00:00,000
8134;2024-10-21 00:00:00,000;"L004";"A10012";115;192;192;2024-10-24 00:00:00,000;2024-10-31 00:00:00,000;8168;2024-11-28 00:00:00,000
8150;2024-10-22 00:00:00,000;"L004";"A10012";180;178;178;2024-10-28 00:00:00,000;2024-10-30 00:00:00,000;8159;2024-11-28 00:00:00,000
8164;2024-10-23 00:00:00,000;"L004";"A10012";70;184;184;2024-10-28 00:00:00,000;2024-10-30 00:00:00,000;8161;2024-11-28 00:00:00,000
8193;2024-10-25 00:00:00,000;"L004";"A10012";95;21;21;2024-10-30 00:00:00,000;2024-11-01 00:00:00,000;8187;2024-11-28 00:00:00,000
8216;2024-10-29 00:00:00,000;"L004";"A10012";90;181;181;2024-10-31 00:00:00,000;2024-11-05 00:00:00,000;8216;2024-12-05 00:00:00,000
8227;2024-10-30 00:00:00,000;"L004";"A10012";215;21;21;2024-11-04 00:00:00,000;2024-11-08 00:00:00,000;8251;2024-12-05 00:00:00,000
8249;2024-10-31 00:00:00,000;"L004";"A10012";30;183;183;2024-11-04 00:00:00,000;2024-11-11 00:00:00,000;8264;2024-12-12 00:00:00,000
8269;2024-11-04 00:00:00,000;"L004";"A10012";55;165;165;2024-11-06 00:00:00,000;2024-11-11 00:00:00,000;8271;2024-12-12 00:00:00,000
8283;2024-11-05 00:00:00,000;"L004";"A10012";255;216;216;2024-11-08 00:00:00,000;2024-11-14 00:00:00,000;8313;2024-12-12 00:00:00,000
8310;2024-11-06 00:00:00,000;"L004";"A10012";160;216;216;2024-11-07 00:00:00,000;2024-11-13 00:00:00,000;8306;2024-12-12 00:00:00,000
8322;2024-11-07 00:00:00,000;"L004";"A10012";35;17;17;2024-11-11 00:00:00,000;2024-11-18 00:00:00,000;8341;2024-12-19 00:00:00,000
8335;2024-11-08 00:00:00,000;"L004";"A10012";60;192;192;2024-11-11 00:00:00,000;2024-11-14 00:00:00,000;8319;2024-12-12 00:00:00,000
8353;2024-11-11 00:00:00,000;"L004";"A10012";135;193;193;2024-11-14 00:00:00,000;2024-11-19 00:00:00,000;8372;2024-12-19 00:00:00,000
8374;2024-11-12 00:00:00,000;"L004";"A10012";70;184;184;2024-11-18 00:00:00,000;2024-11-22 00:00:00,000;8410;2024-12-19 00:00:00,000
8388;2024-11-13 00:00:00,000;"L004";"A10012";25;186;186;2024-11-15 00:00:00,000;2024-11-19 00:00:00,000;8378;2024-12-19 00:00:00,000
8406;2024-11-14 00:00:00,000;"L004";"A10012";30;178;178;2024-11-18 00:00:00,000;2024-11-21 00:00:00,000;8404;2024-12-19 00:00:00,000
8416;2024-11-15 00:00:00,000;"L004";"A10012";50;193;193;2024-11-18 00:00:00,000;2024-11-22 00:00:00,000;8413;2024-12-19 00:00:00,000
8427;2024-11-18 00:00:00,000;"L004";"A10012";105;186;186;2024-11-22 00:00:00,000;2024-11-27 00:00:00,000;8454;1900-01-01 00:00:00,000
8438;2024-11-19 00:00:00,000;"L004";"A10012";130;192;192;2024-11-22 00:00:00,000;2024-11-25 00:00:00,000;8428;1900-01-01 00:00:00,000
8454;2024-11-20 00:00:00,000;"L004";"A10012";355;174;174;2024-11-21 00:00:00,000;2024-11-26 00:00:00,000;8444;1900-01-01 00:00:00,000
8475;2024-11-21 00:00:00,000;"L004";"A10012";440;164;164;2024-11-25 00:00:00,000;2024-11-27 00:00:00,000;8462;1900-01-01 00:00:00,000
8499;2024-11-22 00:00:00,000;"L004";"A10012";170;161;161;2024-11-25 00:00:00,000;2024-12-02 00:00:00,000;8505;1900-01-01 00:00:00,000
8520;2024-11-25 00:00:00,000;"L004";"A10012";120;178;178;2024-11-27 00:00:00,000;2024-12-02 00:00:00,000;8517;1900-01-01 00:00:00,000
8538;2024-11-26 00:00:00,000;"L004";"A10012";285;161;161;2024-11-27 00:00:00,000;2024-12-02 00:00:00,000;8523;1900-01-01 00:00:00,000
8565;2024-11-27 00:00:00,000;"L004";"A10012";70;196;196;2024-12-02 00:00:00,000;2024-12-05 00:00:00,000;8571;1900-01-01 00:00:00,000
8586;2024-11-28 00:00:00,000;"L004";"A10012";370;21;21;2024-12-02 00:00:00,000;2024-12-06 00:00:00,000;8590;1900-01-01 00:00:00,000
8614;2024-12-02 00:00:00,000;"L004";"A10012";10;192;192;2024-12-04 00:00:00,000;2024-12-09 00:00:00,000;8614;1900-01-01 00:00:00,000
8627;2024-12-03 00:00:00,000;"L004";"A10012";150;183;183;2024-12-04 00:00:00,000;2024-12-09 00:00:00,000;8620;1900-01-01 00:00:00,000
8652;2024-12-04 00:00:00,000;"L004";"A10012";60;192;192;2024-12-09 00:00:00,000;2024-12-13 00:00:00,000;8679;1900-01-01 00:00:00,000
8669;2024-12-05 00:00:00,000;"L004";"A10012";150;194;194;2024-12-09 00:00:00,000;2024-12-13 00:00:00,000;8683;1900-01-01 00:00:00,000
8688;2024-12-06 00:00:00,000;"L004";"A10012";65;2;2;2024-12-09 00:00:00,000;2024-12-16 00:00:00,000;8697;1900-01-01 00:00:00,000
8706;2024-12-09 00:00:00,000;"L004";"A10012";95;193;193;2024-12-11 00:00:00,000;2024-12-16 00:00:00,000;8707;1900-01-01 00:00:00,000
8724;2024-12-10 00:00:00,000;"L004";"A10012";125;196;196;2024-12-11 00:00:00,000;2024-12-17 00:00:00,000;8725;1900-01-01 00:00:00,000
8758;2024-12-12 00:00:00,000;"L004";"A10012";210;183;183;2024-12-13 00:00:00,000;2024-12-17 00:00:00,000;8733;1900-01-01 00:00:00,000
8779;2024-12-13 00:00:00,000;"L004";"A10012";85;197;197;2024-12-17 00:00:00,000;2024-12-19 00:00:00,000;8753;1900-01-01 00:00:00,000
8804;2024-12-16 00:00:00,000;"L004";"A10012";295;184;184;2024-12-19 00:00:00,000;2024-12-24 00:00:00,000;8818;1900-01-01 00:00:00,000
8821;2024-12-17 00:00:00,000;"L004";"A10012";215;193;193;2024-12-19 00:00:00,000;2024-12-24 00:00:00,000;8824;1900-01-01 00:00:00,000
8857;2024-12-19 00:00:00,000;"L004";"A10012";100;169;169;2024-12-23 00:00:00,000;2024-12-27 00:00:00,000;8852;1900-01-01 00:00:00,000
8875;2024-12-20 00:00:00,000;"L004";"A10012";320;182;182;2024-12-23 00:00:00,000;2024-12-27 00:00:00,000;8862;1900-01-01 00:00:00,000
8894;2024-12-23 00:00:00,000;"L004";"A10012";100;204;204;2024-12-24 00:00:00,000;2024-12-30 00:00:00,000;8893;1900-01-01 00:00:00,000
8910;2024-12-24 00:00:00,000;"L004";"A10012";340;185;185;2024-12-27 00:00:00,000;2024-12-30 00:00:00,000;8900;1900-01-01 00:00:00,000
8937;2024-12-27 00:00:00,000;"L004";"A10012";155;18;0;2024-12-30 00:00:00,000;1900-01-01 00:00:00,000;0;1900-01-01 00:00:00,000
8960;2024-12-30 00:00:00,000;"L004";"A10012";225;207;0;1900-01-01 00:00:00,000;1900-01-01 00:00:00,000;0;1900-01-01 00:00:00,000
8978;2024-12-31 00:00:00,000;"L004";"A10012";75;2;0;1900-01-01 00:00:00,000;1900-01-01 00:00:00,000;0;1900-01-01 00:00:00,000
4116;2023-11-27 00:00:00,000;"L004";"A10011";30;154;154;2023-12-01 00:00:00,000;2023-12-06 00:00:00,000;4153;2024-01-04 00:00:00,000
4136;2023-11-28 00:00:00,000;"L004";"A10011";105;156;156;2023-12-04 00:00:00,000;2023-12-08 00:00:00,000;4185;2024-01-04 00:00:00,000
4160;2023-11-29 00:00:00,000;"L004";"A10011";55;154;154;2023-12-04 00:00:00,000;2023-12-11 00:00:00,000;4204;2024-01-11 00:00:00,000
4179;2023-11-30 00:00:00,000;"L004";"A10011";20;158;158;2023-12-04 00:00:00,000;2023-12-05 00:00:00,000;4146;2024-01-04 00:00:00,000
4201;2023-12-01 00:00:00,000;"L004";"A10011";40;146;146;2023-12-05 00:00:00,000;2023-12-11 00:00:00,000;4214;2024-01-11 00:00:00,000
4223;2023-12-04 00:00:00,000;"L004";"A10011";10;147;147;2023-12-08 00:00:00,000;2023-12-12 00:00:00,000;4238;2024-01-11 00:00:00,000
4242;2023-12-05 00:00:00,000;"L004";"A10011";15;155;155;2023-12-07 00:00:00,000;2023-12-11 00:00:00,000;4232;2024-01-11 00:00:00,000
4263;2023-12-06 00:00:00,000;"L004";"A10011";60;155;155;2023-12-11 00:00:00,000;2023-12-18 00:00:00,000;4284;2024-01-18 00:00:00,000
4380;2023-12-18 00:00:00,000;"L004";"A10011";90;163;163;2023-12-19 00:00:00,000;2023-12-27 00:00:00,000;4380;2024-01-25 00:00:00,000
4400;2023-12-19 00:00:00,000;"L004";"A10011";140;149;149;2023-12-22 00:00:00,000;2023-12-28 00:00:00,000;4424;2024-01-25 00:00:00,000
4440;2023-12-21 00:00:00,000;"L004";"A10011";210;16;16;2023-12-22 00:00:00,000;2023-12-27 00:00:00,000;4414;2024-01-25 00:00:00,000
4461;2023-12-22 00:00:00,000;"L004";"A10011";15;154;154;2023-12-27 00:00:00,000;2024-01-02 00:00:00,000;4462;2024-02-01 00:00:00,000
4470;2023-12-27 00:00:00,000;"L004";"A10011";30;155;155;2024-01-02 00:00:00,000;2024-01-03 00:00:00,000;4476;2024-02-01 00:00:00,000
4551;2024-01-04 00:00:00,000;"L004";"A10011";25;147;147;2024-01-08 00:00:00,000;2024-01-15 00:00:00,000;4580;2024-02-15 00:00:00,000
4571;2024-01-05 00:00:00,000;"L004";"A10011";20;166;166;2024-01-09 00:00:00,000;2024-01-16 00:00:00,000;4597;2024-02-15 00:00:00,000
4597;2024-01-09 00:00:00,000;"L004";"A10011";15;134;134;2024-01-11 00:00:00,000;2024-01-16 00:00:00,000;4599;2024-02-15 00:00:00,000
4623;2024-01-10 00:00:00,000;"L004";"A10011";20;181;181;2024-01-15 00:00:00,000;2024-01-17 00:00:00,000;4623;2024-02-15 00:00:00,000
4650;2024-01-11 00:00:00,000;"L004";"A10011";35;162;162;2024-01-15 00:00:00,000;2024-01-17 00:00:00,000;4626;2024-02-15 00:00:00,000
4670;2024-01-12 00:00:00,000;"L004";"A10011";60;144;144;2024-01-17 00:00:00,000;2024-01-22 00:00:00,000;4681;2024-02-22 00:00:00,000
4709;2024-01-16 00:00:00,000;"L004";"A10011";20;176;176;2024-01-22 00:00:00,000;2024-01-25 00:00:00,000;4726;2024-02-22 00:00:00,000
4754;2024-01-22 00:00:00,000;"L004";"A10011";30;152;152;2024-01-24 00:00:00,000;2024-01-29 00:00:00,000;4755;2024-02-29 00:00:00,000
4777;2024-01-23 00:00:00,000;"L004";"A10011";60;169;169;2024-01-29 00:00:00,000;2024-02-05 00:00:00,000;4820;2024-03-07 00:00:00,000
4800;2024-01-24 00:00:00,000;"L004";"A10011";175;173;173;2024-01-25 00:00:00,000;2024-01-29 00:00:00,000;4771;2024-02-29 00:00:00,000
4869;2024-01-30 00:00:00,000;"L004";"A10011";45;162;162;2024-02-01 00:00:00,000;2024-02-07 00:00:00,000;4876;2024-03-07 00:00:00,000
4880;2024-01-31 00:00:00,000;"L004";"A10011";60;154;154;2024-02-05 00:00:00,000;2024-02-08 00:00:00,000;4888;2024-03-07 00:00:00,000
4893;2024-02-01 00:00:00,000;"L004";"A10011";25;178;178;2024-02-05 00:00:00,000;2024-02-07 00:00:00,000;4882;2024-03-07 00:00:00,000
4917;2024-02-05 00:00:00,000;"L004";"A10011";100;148;148;2024-02-09 00:00:00,000;2024-02-14 00:00:00,000;4950;2024-03-14 00:00:00,000
4939;2024-02-06 00:00:00,000;"L004";"A10011";10;173;173;2024-02-09 00:00:00,000;2024-02-14 00:00:00,000;4954;2024-03-14 00:00:00,000
5001;2024-02-12 00:00:00,000;"L004";"A10011";30;151;151;2024-02-15 00:00:00,000;2024-02-19 00:00:00,000;5001;2024-03-21 00:00:00,000
5027;2024-02-13 00:00:00,000;"L004";"A10011";10;147;147;2024-02-15 00:00:00,000;2024-02-19 00:00:00,000;5012;2024-03-21 00:00:00,000
5085;2024-02-19 00:00:00,000;"L004";"A10011";20;154;154;2024-02-20 00:00:00,000;2024-02-22 00:00:00,000;5057;2024-03-21 00:00:00,000
5108;2024-02-20 00:00:00,000;"L004";"A10011";15;155;155;2024-02-26 00:00:00,000;2024-02-27 00:00:00,000;5116;2024-03-28 00:00:00,000
5138;2024-02-21 00:00:00,000;"L004";"A10011";105;178;178;2024-02-26 00:00:00,000;2024-02-28 00:00:00,000;5131;2024-03-28 00:00:00,000
5165;2024-02-22 00:00:00,000;"L004";"A10011";10;14;14;2024-02-27 00:00:00,000;2024-03-04 00:00:00,000;5176;2024-04-04 00:00:00,000
5185;2024-02-26 00:00:00,000;"L004";"A10011";65;166;166;2024-02-28 00:00:00,000;2024-03-04 00:00:00,000;5184;2024-04-04 00:00:00,000
5213;2024-02-28 00:00:00,000;"L004";"A10011";115;144;144;2024-03-04 00:00:00,000;2024-03-07 00:00:00,000;5227;2024-04-04 00:00:00,000
5259;2024-03-01 00:00:00,000;"L004";"A10011";50;161;161;2024-03-04 00:00:00,000;2024-03-05 00:00:00,000;5209;2024-04-04 00:00:00,000
5277;2024-03-04 00:00:00,000;"L004";"A10011";70;165;165;2024-03-08 00:00:00,000;2024-03-11 00:00:00,000;5274;2024-04-11 00:00:00,000
5296;2024-03-05 00:00:00,000;"L004";"A10011";25;168;168;2024-03-11 00:00:00,000;2024-03-13 00:00:00,000;5306;2024-04-11 00:00:00,000
5346;2024-03-11 00:00:00,000;"L004";"A10011";65;166;166;2024-03-15 00:00:00,000;2024-03-21 00:00:00,000;5395;2024-04-18 00:00:00,000
5387;2024-03-13 00:00:00,000;"L004";"A10011";100;147;147;2024-03-18 00:00:00,000;2024-03-20 00:00:00,000;5384;2024-04-18 00:00:00,000
5411;2024-03-14 00:00:00,000;"L004";"A10011";55;162;162;2024-03-18 00:00:00,000;2024-03-21 00:00:00,000;5407;2024-04-18 00:00:00,000
5432;2024-03-15 00:00:00,000;"L004";"A10011";70;146;146;2024-03-19 00:00:00,000;2024-03-25 00:00:00,000;5443;2024-04-25 00:00:00,000
5450;2024-03-18 00:00:00,000;"L004";"A10011";30;164;164;2024-03-19 00:00:00,000;2024-03-25 00:00:00,000;5449;2024-04-25 00:00:00,000
5468;2024-03-19 00:00:00,000;"L004";"A10011";100;172;172;2024-03-22 00:00:00,000;2024-03-28 00:00:00,000;5499;2024-04-25 00:00:00,000
5520;2024-03-22 00:00:00,000;"L004";"A10011";55;167;167;2024-03-25 00:00:00,000;2024-04-02 00:00:00,000;5531;2024-05-02 00:00:00,000
5561;2024-03-26 00:00:00,000;"L004";"A10011";45;16;16;2024-03-27 00:00:00,000;2024-04-02 00:00:00,000;5558;2024-05-02 00:00:00,000
5575;2024-03-27 00:00:00,000;"L004";"A10011";15;137;137;2024-04-02 00:00:00,000;2024-04-02 00:00:00,000;5566;2024-05-02 00:00:00,000
5600;2024-03-28 00:00:00,000;"L004";"A10011";15;154;154;2024-04-02 00:00:00,000;2024-04-08 00:00:00,000;5632;2024-05-16 00:00:00,000
5633;2024-03-29 00:00:00,000;"L004";"A10011";185;18;18;2024-04-03 00:00:00,000;2024-04-08 00:00:00,000;5643;2024-05-16 00:00:00,000
5747;2024-04-10 00:00:00,000;"L004";"A10011";10;16;16;2024-04-11 00:00:00,000;2024-04-15 00:00:00,000;5721;2024-05-16 00:00:00,000
5789;2024-04-12 00:00:00,000;"L004";"A10011";35;135;135;2024-04-16 00:00:00,000;2024-04-22 00:00:00,000;5795;2024-05-23 00:00:00,000
5820;2024-04-16 00:00:00,000;"L004";"A10011";20;154;154;2024-04-18 00:00:00,000;2024-04-25 00:00:00,000;5836;2024-05-23 00:00:00,000
5844;2024-04-18 00:00:00,000;"L004";"A10011";65;167;167;2024-04-22 00:00:00,000;2024-04-26 00:00:00,000;5850;2024-05-23 00:00:00,000
5877;2024-04-22 00:00:00,000;"L004";"A10011";130;143;143;2024-04-26 00:00:00,000;2024-05-01 00:00:00,000;5909;2024-05-30 00:00:00,000
5918;2024-04-24 00:00:00,000;"L004";"A10011";30;168;168;2024-04-29 00:00:00,000;2024-05-03 00:00:00,000;5952;2024-05-30 00:00:00,000
5944;2024-04-25 00:00:00,000;"L004";"A10011";20;165;165;2024-04-29 00:00:00,000;2024-05-06 00:00:00,000;5971;2024-06-06 00:00:00,000
5968;2024-04-26 00:00:00,000;"L004";"A10011";20;168;168;2024-04-29 00:00:00,000;2024-05-02 00:00:00,000;5947;2024-05-30 00:00:00,000
6016;2024-05-01 00:00:00,000;"L004";"A10011";70;139;139;2024-05-02 00:00:00,000;2024-05-06 00:00:00,000;5991;2024-06-06 00:00:00,000
6036;2024-05-02 00:00:00,000;"L004";"A10011";75;162;162;2024-05-03 00:00:00,000;2024-05-06 00:00:00,000;5994;2024-06-06 00:00:00,000
6088;2024-05-08 00:00:00,000;"L004";"A10011";40;15;15;2024-05-13 00:00:00,000;2024-05-13 00:00:00,000;6072;2024-06-13 00:00:00,000
6110;2024-05-10 00:00:00,000;"L004";"A10011";30;137;137;2024-05-13 00:00:00,000;2024-05-15 00:00:00,000;6091;2024-06-13 00:00:00,000
6131;2024-05-13 00:00:00,000;"L004";"A10011";45;165;165;2024-05-16 00:00:00,000;2024-05-21 00:00:00,000;6131;2024-06-20 00:00:00,000
6152;2024-05-14 00:00:00,000;"L004";"A10011";10;144;144;2024-05-17 00:00:00,000;2024-05-23 00:00:00,000;6171;2024-06-20 00:00:00,000
6170;2024-05-15 00:00:00,000;"L004";"A10011";30;154;154;2024-05-17 00:00:00,000;2024-05-23 00:00:00,000;6174;2024-06-20 00:00:00,000
6187;2024-05-16 00:00:00,000;"L004";"A10011";30;148;148;2024-05-17 00:00:00,000;2024-05-21 00:00:00,000;6159;2024-06-20 00:00:00,000
6268;2024-05-24 00:00:00,000;"L004";"A10011";80;146;146;2024-05-27 00:00:00,000;2024-05-29 00:00:00,000;6237;2024-06-27 00:00:00,000
6291;2024-05-27 00:00:00,000;"L004";"A10011";25;167;167;2024-05-28 00:00:00,000;2024-06-03 00:00:00,000;6290;2024-07-04 00:00:00,000
6314;2024-05-28 00:00:00,000;"L004";"A10011";20;174;174;2024-06-03 00:00:00,000;2024-06-04 00:00:00,000;6315;2024-07-04 00:00:00,000
6349;2024-05-30 00:00:00,000;"L004";"A10011";15;148;148;2024-06-03 00:00:00,000;2024-06-10 00:00:00,000;6368;2024-07-11 00:00:00,000
6379;2024-06-03 00:00:00,000;"L004";"A10011";45;159;159;2024-06-04 00:00:00,000;2024-06-06 00:00:00,000;6351;2024-07-04 00:00:00,000
6400;2024-06-05 00:00:00,000;"L004";"A10011";15;149;149;2024-06-10 00:00:00,000;2024-06-13 00:00:00,000;6407;2024-07-11 00:00:00,000
6426;2024-06-07 00:00:00,000;"L004";"A10011";15;164;164;2024-06-10 00:00:00,000;2024-06-14 00:00:00,000;6421;2024-07-11 00:00:00,000
6433;2024-06-10 00:00:00,000;"L004";"A10011";25;154;154;2024-06-12 00:00:00,000;2024-06-17 00:00:00,000;6431;2024-07-18 00:00:00,000
6464;2024-06-12 00:00:00,000;"L004";"A10011";35;15;15;2024-06-14 00:00:00,000;2024-06-20 00:00:00,000;6483;2024-07-18 00:00:00,000
6506;2024-06-14 00:00:00,000;"L004";"A10011";10;142;142;2024-06-17 00:00:00,000;2024-06-24 00:00:00,000;6522;2024-07-25 00:00:00,000
6570;2024-06-19 00:00:00,000;"L004";"A10011";35;154;154;2024-06-20 00:00:00,000;2024-06-24 00:00:00,000;6546;2024-07-25 00:00:00,000
6615;2024-06-21 00:00:00,000;"L004";"A10011";75;153;153;2024-06-25 00:00:00,000;2024-07-01 00:00:00,000;6629;2024-08-01 00:00:00,000
6659;2024-06-25 00:00:00,000;"L004";"A10011";40;161;161;2024-07-01 00:00:00,000;2024-07-05 00:00:00,000;6703;2024-08-01 00:00:00,000
6717;2024-06-28 00:00:00,000;"L004";"A10011";50;163;163;2024-07-01 00:00:00,000;2024-07-08 00:00:00,000;6728;2024-08-08 00:00:00,000
6739;2024-07-01 00:00:00,000;"L004";"A10011";450;134;134;2024-07-03 00:00:00,000;2024-07-08 00:00:00,000;6735;2024-08-08 00:00:00,000
6793;2024-07-04 00:00:00,000;"L004";"A10011";15;167;167;2024-07-08 00:00:00,000;2024-07-15 00:00:00,000;6806;2024-08-15 00:00:00,000
6833;2024-07-09 00:00:00,000;"L004";"A10011";110;146;146;2024-07-10 00:00:00,000;2024-07-15 00:00:00,000;6822;2024-08-15 00:00:00,000
6873;2024-07-11 00:00:00,000;"L004";"A10011";100;163;163;2024-07-15 00:00:00,000;2024-07-18 00:00:00,000;6867;2024-08-15 00:00:00,000
6901;2024-07-12 00:00:00,000;"L004";"A10011";60;152;152;2024-07-17 00:00:00,000;2024-07-22 00:00:00,000;6913;2024-08-22 00:00:00,000
6961;2024-07-16 00:00:00,000;"L004";"A10011";145;164;164;2024-07-17 00:00:00,000;2024-07-23 00:00:00,000;6959;2024-08-22 00:00:00,000
7002;2024-07-18 00:00:00,000;"L004";"A10011";110;142;142;2024-07-22 00:00:00,000;2024-07-26 00:00:00,000;7017;2024-08-22 00:00:00,000
7100;2024-07-25 00:00:00,000;"L004";"A10011";55;15;15;2024-07-29 00:00:00,000;2024-08-02 00:00:00,000;7110;2024-08-29 00:00:00,000
7154;2024-07-30 00:00:00,000;"L004";"A10011";45;154;154;2024-08-01 00:00:00,000;2024-08-07 00:00:00,000;7170;2024-09-05 00:00:00,000
7187;2024-08-01 00:00:00,000;"L004";"A10011";40;174;174;2024-08-05 00:00:00,000;2024-08-07 00:00:00,000;7177;2024-09-05 00:00:00,000
7254;2024-08-07 00:00:00,000;"L004";"A10011";40;176;176;2024-08-09 00:00:00,000;2024-08-14 00:00:00,000;7247;2024-09-12 00:00:00,000
7292;2024-08-09 00:00:00,000;"L004";"A10011";60;154;154;2024-08-12 00:00:00,000;2024-08-13 00:00:00,000;7236;2024-09-12 00:00:00,000
7311;2024-08-12 00:00:00,000;"L004";"A10011";90;146;146;2024-08-14 00:00:00,000;2024-08-19 00:00:00,000;7309;2024-09-19 00:00:00,000
7378;2024-08-16 00:00:00,000;"L004";"A10011";30;171;171;2024-08-19 00:00:00,000;2024-08-20 00:00:00,000;7338;2024-09-19 00:00:00,000
7428;2024-08-22 00:00:00,000;"L004";"A10011";35;135;135;2024-08-27 00:00:00,000;2024-08-30 00:00:00,000;7444;2024-09-26 00:00:00,000
7493;2024-08-28 00:00:00,000;"L004";"A10011";25;152;152;2024-08-30 00:00:00,000;2024-09-04 00:00:00,000;7495;2024-10-03 00:00:00,000
7518;2024-08-29 00:00:00,000;"L004";"A10011";75;153;153;2024-09-03 00:00:00,000;2024-09-09 00:00:00,000;7537;2024-10-10 00:00:00,000
7570;2024-09-04 00:00:00,000;"L004";"A10011";110;149;149;2024-09-09 00:00:00,000;2024-09-13 00:00:00,000;7595;2024-10-10 00:00:00,000
7594;2024-09-05 00:00:00,000;"L004";"A10011";90;177;177;2024-09-10 00:00:00,000;2024-09-16 00:00:00,000;7613;2024-10-17 00:00:00,000
7615;2024-09-06 00:00:00,000;"L004";"A10011";25;151;151;2024-09-09 00:00:00,000;2024-09-16 00:00:00,000;7622;2024-10-17 00:00:00,000
7627;2024-09-09 00:00:00,000;"L004";"A10011";15;161;161;2024-09-10 00:00:00,000;2024-09-16 00:00:00,000;7626;2024-10-17 00:00:00,000
7654;2024-09-11 00:00:00,000;"L004";"A10011";80;151;151;2024-09-13 00:00:00,000;2024-09-16 00:00:00,000;7635;2024-10-17 00:00:00,000
7774;2024-09-23 00:00:00,000;"L004";"A10011";35;142;142;2024-09-25 00:00:00,000;2024-09-30 00:00:00,000;7777;2024-10-31 00:00:00,000
7826;2024-09-25 00:00:00,000;"L004";"A10011";80;14;14;2024-09-30 00:00:00,000;2024-10-07 00:00:00,000;7860;2024-11-07 00:00:00,000
7872;2024-09-30 00:00:00,000;"L004";"A10011";50;14;14;2024-10-07 00:00:00,000;2024-10-10 00:00:00,000;7911;2024-11-07 00:00:00,000
7885;2024-10-01 00:00:00,000;"L004";"A10011";45;139;139;2024-10-07 00:00:00,000;2024-10-14 00:00:00,000;7934;2024-11-14 00:00:00,000
7950;2024-10-04 00:00:00,000;"L004";"A10011";60;152;152;2024-10-07 00:00:00,000;2024-10-14 00:00:00,000;7950;2024-11-14 00:00:00,000
7993;2024-10-10 00:00:00,000;"L004";"A10011";30;178;178;2024-10-14 00:00:00,000;2024-10-17 00:00:00,000;7998;2024-11-14 00:00:00,000
8026;2024-10-14 00:00:00,000;"L004";"A10011";15;147;147;2024-10-17 00:00:00,000;2024-10-22 00:00:00,000;8047;2024-11-21 00:00:00,000
8057;2024-10-16 00:00:00,000;"L004";"A10011";15;146;146;2024-10-21 00:00:00,000;2024-10-24 00:00:00,000;8080;2024-11-21 00:00:00,000
8085;2024-10-17 00:00:00,000;"L004";"A10011";30;153;153;2024-10-18 00:00:00,000;2024-10-21 00:00:00,000;8039;2024-11-21 00:00:00,000
8133;2024-10-21 00:00:00,000;"L004";"A10011";65;153;153;2024-10-23 00:00:00,000;2024-10-25 00:00:00,000;8112;2024-11-21 00:00:00,000
8149;2024-10-22 00:00:00,000;"L004";"A10011";50;164;164;2024-10-25 00:00:00,000;2024-10-28 00:00:00,000;8137;2024-11-28 00:00:00,000
8179;2024-10-24 00:00:00,000;"L004";"A10011";45;154;154;2024-10-28 00:00:00,000;2024-10-30 00:00:00,000;8165;2024-11-28 00:00:00,000
8226;2024-10-30 00:00:00,000;"L004";"A10011";15;151;151;2024-11-04 00:00:00,000;2024-11-07 00:00:00,000;8237;2024-12-05 00:00:00,000
8334;2024-11-08 00:00:00,000;"L004";"A10011";20;163;163;2024-11-11 00:00:00,000;2024-11-15 00:00:00,000;8330;2024-12-12 00:00:00,000
8352;2024-11-11 00:00:00,000;"L004";"A10011";95;166;166;2024-11-13 00:00:00,000;2024-11-15 00:00:00,000;8332;2024-12-12 00:00:00,000
8373;2024-11-12 00:00:00,000;"L004";"A10011";80;139;139;2024-11-18 00:00:00,000;2024-11-22 00:00:00,000;8409;2024-12-19 00:00:00,000
8405;2024-11-14 00:00:00,000;"L004";"A10011";85;178;178;2024-11-18 00:00:00,000;2024-11-20 00:00:00,000;8397;2024-12-19 00:00:00,000
8474;2024-11-21 00:00:00,000;"L004";"A10011";70;16;16;2024-11-25 00:00:00,000;2024-11-28 00:00:00,000;8471;1900-01-01 00:00:00,000
8537;2024-11-26 00:00:00,000;"L004";"A10011";15;161;161;2024-11-28 00:00:00,000;2024-12-03 00:00:00,000;8541;1900-01-01 00:00:00,000
8585;2024-11-28 00:00:00,000;"L004";"A10011";15;149;149;2024-12-02 00:00:00,000;2024-12-05 00:00:00,000;8575;1900-01-01 00:00:00,000
8602;2024-11-29 00:00:00,000;"L004";"A10011";30;162;162;2024-12-02 00:00:00,000;2024-12-06 00:00:00,000;8594;1900-01-01 00:00:00,000
8626;2024-12-03 00:00:00,000;"L004";"A10011";10;139;139;2024-12-09 00:00:00,000;2024-12-12 00:00:00,000;8664;1900-01-01 00:00:00,000
8668;2024-12-05 00:00:00,000;"L004";"A10011";50;162;162;2024-12-06 00:00:00,000;2024-12-10 00:00:00,000;8647;1900-01-01 00:00:00,000
8687;2024-12-06 00:00:00,000;"L004";"A10011";15;161;161;2024-12-09 00:00:00,000;2024-12-16 00:00:00,000;8696;1900-01-01 00:00:00,000
8705;2024-12-09 00:00:00,000;"L004";"A10011";60;138;138;2024-12-16 00:00:00,000;2024-12-17 00:00:00,000;8723;1900-01-01 00:00:00,000
8757;2024-12-12 00:00:00,000;"L004";"A10011";20;166;166;2024-12-16 00:00:00,000;2024-12-19 00:00:00,000;8751;1900-01-01 00:00:00,000
8820;2024-12-17 00:00:00,000;"L004";"A10011";15;149;149;2024-12-18 00:00:00,000;2024-12-24 00:00:00,000;8823;1900-01-01 00:00:00,000
8874;2024-12-20 00:00:00,000;"L004";"A10011";110;179;179;2024-12-23 00:00:00,000;2024-12-30 00:00:00,000;8885;1900-01-01 00:00:00,000
8909;2024-12-24 00:00:00,000;"L004";"A10011";90;148;148;2024-12-27 00:00:00,000;2024-12-30 00:00:00,000;8899;1900-01-01 00:00:00,000
8936;2024-12-27 00:00:00,000;"L004";"A10011";85;155;0;2024-12-31 00:00:00,000;1900-01-01 00:00:00,000;0;1900-01-01 00:00:00,000
4121;2023-11-27 00:00:00,000;"L004";"A10027";15;186;186;2023-11-29 00:00:00,000;2023-12-04 00:00:00,000;4118;2024-01-04 00:00:00,000
4145;2023-11-28 00:00:00,000;"L004";"A10027";95;179;179;2023-11-30 00:00:00,000;2023-12-06 00:00:00,000;4159;2024-01-04 00:00:00,000
4167;2023-11-29 00:00:00,000;"L004";"A10027";65;192;192;2023-12-04 00:00:00,000;2023-12-08 00:00:00,000;4189;2024-01-04 00:00:00,000
4186;2023-11-30 00:00:00,000;"L004";"A10027";145;184;184;2023-12-04 00:00:00,000;2023-12-06 00:00:00,000;4166;2024-01-04 00:00:00,000
4212;2023-12-01 00:00:00,000;"L004";"A10027";15;191;191;2023-12-04 00:00:00,000;2023-12-08 00:00:00,000;4199;2024-01-04 00:00:00,000
4248;2023-12-05 00:00:00,000;"L004";"A10027";15;199;199;2023-12-07 00:00:00,000;2023-12-11 00:00:00,000;4234;2024-01-11 00:00:00,000
4306;2023-12-11 00:00:00,000;"L004";"A10027";20;182;182;2023-12-14 00:00:00,000;2023-12-18 00:00:00,000;4301;2024-01-18 00:00:00,000
4355;2023-12-14 00:00:00,000;"L004";"A10027";50;187;187;2023-12-18 00:00:00,000;2023-12-19 00:00:00,000;4327;2024-01-18 00:00:00,000
4370;2023-12-15 00:00:00,000;"L004";"A10027";40;185;185;2023-12-18 00:00:00,000;2023-12-22 00:00:00,000;4362;2024-01-18 00:00:00,000
4408;2023-12-19 00:00:00,000;"L004";"A10027";40;184;184;2023-12-21 00:00:00,000;2023-12-27 00:00:00,000;4399;2024-01-25 00:00:00,000
4450;2023-12-21 00:00:00,000;"L004";"A10027";30;187;187;2023-12-22 00:00:00,000;2023-12-28 00:00:00,000;4435;2024-01-25 00:00:00,000
4510;2023-12-29 00:00:00,000;"L004";"A10027";40;191;191;2024-01-03 00:00:00,000;2024-01-10 00:00:00,000;4537;2024-02-08 00:00:00,000
4559;2024-01-04 00:00:00,000;"L004";"A10027";25;178;178;2024-01-08 00:00:00,000;2024-01-12 00:00:00,000;4566;2024-02-08 00:00:00,000
4578;2024-01-05 00:00:00,000;"L004";"A10027";35;199;199;2024-01-08 00:00:00,000;2024-01-10 00:00:00,000;4550;2024-02-08 00:00:00,000
4634;2024-01-10 00:00:00,000;"L004";"A10027";140;204;204;2024-01-15 00:00:00,000;2024-01-18 00:00:00,000;4637;2024-02-15 00:00:00,000
4659;2024-01-11 00:00:00,000;"L004";"A10027";45;175;175;2024-01-16 00:00:00,000;2024-01-22 00:00:00,000;4674;2024-02-22 00:00:00,000
4693;2024-01-15 00:00:00,000;"L004";"A10027";45;192;192;2024-01-22 00:00:00,000;2024-01-25 00:00:00,000;4723;2024-02-22 00:00:00,000
4719;2024-01-17 00:00:00,000;"L004";"A10027";20;175;175;2024-01-22 00:00:00,000;2024-01-26 00:00:00,000;4731;2024-02-22 00:00:00,000
4744;2024-01-19 00:00:00,000;"L004";"A10027";40;184;184;2024-01-23 00:00:00,000;2024-01-29 00:00:00,000;4750;2024-02-29 00:00:00,000
4762;2024-01-22 00:00:00,000;"L004";"A10027";40;198;198;2024-01-25 00:00:00,000;2024-01-30 00:00:00,000;4777;2024-02-29 00:00:00,000
4898;2024-02-01 00:00:00,000;"L004";"A10027";25;165;165;2024-02-02 00:00:00,000;2024-02-08 00:00:00,000;4891;2024-03-07 00:00:00,000
4924;2024-02-05 00:00:00,000;"L004";"A10027";40;195;195;2024-02-06 00:00:00,000;2024-02-12 00:00:00,000;4920;2024-03-14 00:00:00,000
4960;2024-02-07 00:00:00,000;"L004";"A10027";85;18;18;2024-02-09 00:00:00,000;2024-02-14 00:00:00,000;4958;2024-03-14 00:00:00,000
5012;2024-02-12 00:00:00,000;"L004";"A10027";25;21;21;2024-02-14 00:00:00,000;2024-02-19 00:00:00,000;5005;2024-03-21 00:00:00,000
5148;2024-02-21 00:00:00,000;"L004";"A10027";20;196;196;2024-02-23 00:00:00,000;2024-02-28 00:00:00,000;5134;2024-03-28 00:00:00,000
5190;2024-02-26 00:00:00,000;"L004";"A10027";55;193;193;2024-02-28 00:00:00,000;2024-03-01 00:00:00,000;5171;2024-03-28 00:00:00,000
5223;2024-02-28 00:00:00,000;"L004";"A10027";140;199;199;2024-03-04 00:00:00,000;2024-03-07 00:00:00,000;5230;2024-04-04 00:00:00,000
5282;2024-03-04 00:00:00,000;"L004";"A10027";10;2;2;2024-03-07 00:00:00,000;2024-03-12 00:00:00,000;5291;2024-04-11 00:00:00,000
5336;2024-03-08 00:00:00,000;"L004";"A10027";100;194;194;2024-03-12 00:00:00,000;2024-03-19 00:00:00,000;5357;2024-04-18 00:00:00,000
5395;2024-03-13 00:00:00,000;"L004";"A10027";65;199;199;2024-03-15 00:00:00,000;2024-03-18 00:00:00,000;5355;2024-04-18 00:00:00,000
5419;2024-03-14 00:00:00,000;"L004";"A10027";65;181;181;2024-03-15 00:00:00,000;2024-03-20 00:00:00,000;5391;2024-04-18 00:00:00,000
5492;2024-03-20 00:00:00,000;"L004";"A10027";10;206;206;2024-03-21 00:00:00,000;2024-03-25 00:00:00,000;5461;2024-04-25 00:00:00,000
5512;2024-03-21 00:00:00,000;"L004";"A10027";45;169;169;2024-03-26 00:00:00,000;2024-04-02 00:00:00,000;5527;2024-05-02 00:00:00,000
5545;2024-03-25 00:00:00,000;"L004";"A10027";15;184;184;2024-03-27 00:00:00,000;2024-04-02 00:00:00,000;5546;2024-05-02 00:00:00,000
5566;2024-03-26 00:00:00,000;"L004";"A10027";40;168;168;2024-03-27 00:00:00,000;2024-04-02 00:00:00,000;5561;2024-05-02 00:00:00,000
5644;2024-03-29 00:00:00,000;"L004";"A10027";30;197;197;2024-04-02 00:00:00,000;2024-04-08 00:00:00,000;5645;2024-05-16 00:00:00,000
5664;2024-04-02 00:00:00,000;"L004";"A10027";120;2;2;2024-04-08 00:00:00,000;2024-04-15 00:00:00,000;5691;2024-05-16 00:00:00,000
5687;2024-04-04 00:00:00,000;"L004";"A10027";125;18;18;2024-04-08 00:00:00,000;2024-04-11 00:00:00,000;5679;2024-05-16 00:00:00,000
5697;2024-04-05 00:00:00,000;"L004";"A10027";50;195;195;2024-04-09 00:00:00,000;2024-04-15 00:00:00,000;5698;2024-05-16 00:00:00,000
5710;2024-04-08 00:00:00,000;"L004";"A10027";40;212;212;2024-04-09 00:00:00,000;2024-04-15 00:00:00,000;5703;2024-05-16 00:00:00,000
5728;2024-04-09 00:00:00,000;"L004";"A10027";15;197;197;2024-04-11 00:00:00,000;2024-04-15 00:00:00,000;5712;2024-05-16 00:00:00,000
5754;2024-04-10 00:00:00,000;"L004";"A10027";10;173;173;2024-04-15 00:00:00,000;2024-04-16 00:00:00,000;5739;2024-05-16 00:00:00,000
5778;2024-04-11 00:00:00,000;"L004";"A10027";75;175;175;2024-04-15 00:00:00,000;2024-04-22 00:00:00,000;5790;2024-05-23 00:00:00,000
5864;2024-04-19 00:00:00,000;"L004";"A10027";20;186;186;2024-04-22 00:00:00,000;2024-04-29 00:00:00,000;5869;2024-05-30 00:00:00,000
5888;2024-04-22 00:00:00,000;"L004";"A10027";170;201;201;2024-04-24 00:00:00,000;2024-04-29 00:00:00,000;5879;2024-05-30 00:00:00,000
5925;2024-04-24 00:00:00,000;"L004";"A10027";150;181;181;2024-04-29 00:00:00,000;2024-04-30 00:00:00,000;5901;2024-05-30 00:00:00,000
5954;2024-04-25 00:00:00,000;"L004";"A10027";45;185;185;2024-04-29 00:00:00,000;2024-05-01 00:00:00,000;5922;2024-05-30 00:00:00,000
6065;2024-05-06 00:00:00,000;"L004";"A10027";35;171;171;2024-05-08 00:00:00,000;2024-05-10 00:00:00,000;6049;2024-06-06 00:00:00,000
6095;2024-05-08 00:00:00,000;"L004";"A10027";65;215;215;2024-05-13 00:00:00,000;2024-05-17 00:00:00,000;6104;2024-06-13 00:00:00,000
6136;2024-05-13 00:00:00,000;"L004";"A10027";95;195;195;2024-05-14 00:00:00,000;2024-05-16 00:00:00,000;6099;2024-06-13 00:00:00,000
6159;2024-05-14 00:00:00,000;"L004";"A10027";50;193;193;2024-05-21 00:00:00,000;2024-05-24 00:00:00,000;6185;2024-06-20 00:00:00,000
6220;2024-05-21 00:00:00,000;"L004";"A10027";130;181;181;2024-05-23 00:00:00,000;2024-05-27 00:00:00,000;6213;2024-06-27 00:00:00,000
6250;2024-05-23 00:00:00,000;"L004";"A10027";115;183;183;2024-05-27 00:00:00,000;2024-06-03 00:00:00,000;6277;2024-07-04 00:00:00,000
6277;2024-05-24 00:00:00,000;"L004";"A10027";10;192;192;2024-05-27 00:00:00,000;2024-05-29 00:00:00,000;6238;2024-06-27 00:00:00,000
6321;2024-05-28 00:00:00,000;"L004";"A10027";65;167;167;2024-06-03 00:00:00,000;2024-06-06 00:00:00,000;6342;2024-07-04 00:00:00,000
6369;2024-05-31 00:00:00,000;"L004";"A10027";35;195;195;2024-06-03 00:00:00,000;2024-06-06 00:00:00,000;6349;2024-07-04 00:00:00,000
6392;2024-06-04 00:00:00,000;"L004";"A10027";45;195;195;2024-06-07 00:00:00,000;2024-06-12 00:00:00,000;6396;2024-07-11 00:00:00,000
6437;2024-06-10 00:00:00,000;"L004";"A10027";20;183;183;2024-06-12 00:00:00,000;2024-06-17 00:00:00,000;6434;2024-07-18 00:00:00,000
6473;2024-06-12 00:00:00,000;"L004";"A10027";30;194;194;2024-06-17 00:00:00,000;2024-06-19 00:00:00,000;6469;2024-07-18 00:00:00,000
6515;2024-06-14 00:00:00,000;"L004";"A10027";135;192;192;2024-06-17 00:00:00,000;2024-06-19 00:00:00,000;6479;2024-07-18 00:00:00,000
6558;2024-06-18 00:00:00,000;"L004";"A10027";125;179;179;2024-06-21 00:00:00,000;2024-06-24 00:00:00,000;6543;2024-07-25 00:00:00,000
6578;2024-06-19 00:00:00,000;"L004";"A10027";140;182;182;2024-06-21 00:00:00,000;2024-06-25 00:00:00,000;6566;2024-07-25 00:00:00,000
6627;2024-06-21 00:00:00,000;"L004";"A10027";85;192;192;2024-06-24 00:00:00,000;2024-06-27 00:00:00,000;6600;2024-07-25 00:00:00,000
6648;2024-06-24 00:00:00,000;"L004";"A10027";50;181;181;2024-06-27 00:00:00,000;2024-07-02 00:00:00,000;6657;2024-08-01 00:00:00,000
6667;2024-06-25 00:00:00,000;"L004";"A10027";15;184;184;2024-07-01 00:00:00,000;2024-07-03 00:00:00,000;6676;2024-08-01 00:00:00,000
6688;2024-06-26 00:00:00,000;"L004";"A10027";125;183;183;2024-06-28 00:00:00,000;2024-07-02 00:00:00,000;6664;2024-08-01 00:00:00,000
6840;2024-07-09 00:00:00,000;"L004";"A10027";55;185;185;2024-07-10 00:00:00,000;2024-07-15 00:00:00,000;6824;2024-08-15 00:00:00,000
6861;2024-07-10 00:00:00,000;"L004";"A10027";70;185;185;2024-07-15 00:00:00,000;2024-07-15 00:00:00,000;6832;2024-08-15 00:00:00,000
6882;2024-07-11 00:00:00,000;"L004";"A10027";105;193;193;2024-07-15 00:00:00,000;2024-07-22 00:00:00,000;6904;2024-08-22 00:00:00,000
6912;2024-07-12 00:00:00,000;"L004";"A10027";110;197;197;2024-07-15 00:00:00,000;2024-07-16 00:00:00,000;6849;2024-08-15 00:00:00,000
6939;2024-07-15 00:00:00,000;"L004";"A10027";15;199;199;2024-07-19 00:00:00,000;2024-07-26 00:00:00,000;7010;2024-08-22 00:00:00,000
6971;2024-07-16 00:00:00,000;"L004";"A10027";165;2;2;2024-07-22 00:00:00,000;2024-07-29 00:00:00,000;7028;2024-08-29 00:00:00,000
6989;2024-07-17 00:00:00,000;"L004";"A10027";20;184;184;2024-07-22 00:00:00,000;2024-07-25 00:00:00,000;6997;2024-08-22 00:00:00,000
7010;2024-07-18 00:00:00,000;"L004";"A10027";165;184;184;2024-07-19 00:00:00,000;2024-07-22 00:00:00,000;6944;2024-08-22 00:00:00,000
7048;2024-07-22 00:00:00,000;"L004";"A10027";65;174;174;2024-07-24 00:00:00,000;2024-07-29 00:00:00,000;7045;2024-08-29 00:00:00,000
7085;2024-07-24 00:00:00,000;"L004";"A10027";25;203;203;2024-07-26 00:00:00,000;2024-07-29 00:00:00,000;7057;2024-08-29 00:00:00,000
7109;2024-07-25 00:00:00,000;"L004";"A10027";60;201;201;2024-07-29 00:00:00,000;2024-08-05 00:00:00,000;7123;2024-09-05 00:00:00,000
7196;2024-08-01 00:00:00,000;"L004";"A10027";115;192;192;2024-08-05 00:00:00,000;2024-08-12 00:00:00,000;7211;2024-09-12 00:00:00,000
7210;2024-08-02 00:00:00,000;"L004";"A10027";60;197;197;2024-08-05 00:00:00,000;2024-08-07 00:00:00,000;7181;2024-09-05 00:00:00,000
7239;2024-08-06 00:00:00,000;"L004";"A10027";60;198;198;2024-08-09 00:00:00,000;2024-08-15 00:00:00,000;7261;2024-09-12 00:00:00,000
7262;2024-08-07 00:00:00,000;"L004";"A10027";120;186;186;2024-08-12 00:00:00,000;2024-08-16 00:00:00,000;7276;2024-09-12 00:00:00,000
7300;2024-08-09 00:00:00,000;"L004";"A10027";15;186;186;2024-08-14 00:00:00,000;2024-08-21 00:00:00,000;7340;2024-09-19 00:00:00,000
7329;2024-08-13 00:00:00,000;"L004";"A10027";60;175;175;2024-08-15 00:00:00,000;2024-08-19 00:00:00,000;7320;2024-09-19 00:00:00,000
7431;2024-08-22 00:00:00,000;"L004";"A10027";65;196;196;2024-08-27 00:00:00,000;2024-09-02 00:00:00,000;7450;2024-10-03 00:00:00,000
7480;2024-08-27 00:00:00,000;"L004";"A10027";70;17;17;2024-08-30 00:00:00,000;2024-09-03 00:00:00,000;7479;2024-10-03 00:00:00,000
7501;2024-08-28 00:00:00,000;"L004";"A10027";25;182;182;2024-08-29 00:00:00,000;2024-09-04 00:00:00,000;7498;2024-10-03 00:00:00,000
7525;2024-08-29 00:00:00,000;"L004";"A10027";155;194;194;2024-09-02 00:00:00,000;2024-09-03 00:00:00,000;7487;2024-10-03 00:00:00,000
7602;2024-09-05 00:00:00,000;"L004";"A10027";90;198;198;2024-09-09 00:00:00,000;2024-09-16 00:00:00,000;7616;2024-10-17 00:00:00,000
7644;2024-09-10 00:00:00,000;"L004";"A10027";20;166;166;2024-09-13 00:00:00,000;2024-09-18 00:00:00,000;7649;2024-10-17 00:00:00,000
7659;2024-09-11 00:00:00,000;"L004";"A10027";20;203;203;2024-09-13 00:00:00,000;2024-09-19 00:00:00,000;7660;2024-10-17 00:00:00,000
7697;2024-09-16 00:00:00,000;"L004";"A10027";15;186;186;2024-09-20 00:00:00,000;2024-09-24 00:00:00,000;7705;2024-10-24 00:00:00,000
7727;2024-09-18 00:00:00,000;"L004";"A10027";30;2;2;2024-09-20 00:00:00,000;2024-09-24 00:00:00,000;7709;2024-10-24 00:00:00,000
7747;2024-09-19 00:00:00,000;"L004";"A10027";35;184;184;2024-09-20 00:00:00,000;2024-09-26 00:00:00,000;7740;2024-10-24 00:00:00,000
7784;2024-09-23 00:00:00,000;"L004";"A10027";70;211;211;2024-09-25 00:00:00,000;2024-10-01 00:00:00,000;7802;2024-10-31 00:00:00,000
7809;2024-09-24 00:00:00,000;"L004";"A10027";85;164;164;2024-09-30 00:00:00,000;2024-10-03 00:00:00,000;7833;2024-10-31 00:00:00,000
7835;2024-09-25 00:00:00,000;"L004";"A10027";45;186;186;2024-09-27 00:00:00,000;2024-09-30 00:00:00,000;7798;2024-10-31 00:00:00,000
7867;2024-09-27 00:00:00,000;"L004";"A10027";25;181;181;2024-09-30 00:00:00,000;2024-10-04 00:00:00,000;7858;2024-10-31 00:00:00,000
7896;2024-10-01 00:00:00,000;"L004";"A10027";10;197;197;2024-10-07 00:00:00,000;2024-10-08 00:00:00,000;7893;2024-11-07 00:00:00,000
7924;2024-10-02 00:00:00,000;"L004";"A10027";70;186;186;2024-10-07 00:00:00,000;2024-10-14 00:00:00,000;7941;2024-11-14 00:00:00,000
7944;2024-10-03 00:00:00,000;"L004";"A10027";120;194;194;2024-10-08 00:00:00,000;2024-10-15 00:00:00,000;7969;2024-11-14 00:00:00,000
8068;2024-10-16 00:00:00,000;"L004";"A10027";95;185;185;2024-10-18 00:00:00,000;2024-10-23 00:00:00,000;8069;2024-11-21 00:00:00,000
8095;2024-10-17 00:00:00,000;"L004";"A10027";80;166;166;2024-10-21 00:00:00,000;2024-10-28 00:00:00,000;8120;2024-11-28 00:00:00,000
8118;2024-10-18 00:00:00,000;"L004";"A10027";10;201;201;2024-10-21 00:00:00,000;2024-10-28 00:00:00,000;8127;2024-11-28 00:00:00,000
8139;2024-10-21 00:00:00,000;"L004";"A10027";60;181;181;2024-10-24 00:00:00,000;2024-10-28 00:00:00,000;8133;2024-11-28 00:00:00,000
8156;2024-10-22 00:00:00,000;"L004";"A10027";45;207;207;2024-10-24 00:00:00,000;2024-10-28 00:00:00,000;8138;2024-11-28 00:00:00,000
8183;2024-10-24 00:00:00,000;"L004";"A10027";35;176;176;2024-10-25 00:00:00,000;2024-11-01 00:00:00,000;8185;2024-11-28 00:00:00,000
8196;2024-10-25 00:00:00,000;"L004";"A10027";25;204;204;2024-10-28 00:00:00,000;2024-11-04 00:00:00,000;8203;2024-12-05 00:00:00,000
8235;2024-10-30 00:00:00,000;"L004";"A10027";85;192;192;2024-11-04 00:00:00,000;2024-11-07 00:00:00,000;8240;2024-12-05 00:00:00,000
8252;2024-10-31 00:00:00,000;"L004";"A10027";65;185;185;2024-11-01 00:00:00,000;2024-11-05 00:00:00,000;8222;2024-12-05 00:00:00,000
8293;2024-11-05 00:00:00,000;"L004";"A10027";75;197;197;2024-11-06 00:00:00,000;2024-11-11 00:00:00,000;8281;2024-12-12 00:00:00,000
8325;2024-11-07 00:00:00,000;"L004";"A10027";40;173;173;2024-11-08 00:00:00,000;2024-11-13 00:00:00,000;8309;2024-12-12 00:00:00,000
8342;2024-11-08 00:00:00,000;"L004";"A10027";20;198;198;2024-11-11 00:00:00,000;2024-11-14 00:00:00,000;8322;2024-12-12 00:00:00,000
8377;2024-11-12 00:00:00,000;"L004";"A10027";45;163;163;2024-11-18 00:00:00,000;2024-11-22 00:00:00,000;8411;2024-12-19 00:00:00,000
8411;2024-11-14 00:00:00,000;"L004";"A10027";35;192;192;2024-11-18 00:00:00,000;2024-11-21 00:00:00,000;8406;2024-12-19 00:00:00,000
8442;2024-11-19 00:00:00,000;"L004";"A10027";255;167;167;2024-11-20 00:00:00,000;2024-11-25 00:00:00,000;8431;1900-01-01 00:00:00,000
8462;2024-11-20 00:00:00,000;"L004";"A10027";100;195;195;2024-11-25 00:00:00,000;2024-11-29 00:00:00,000;8479;1900-01-01 00:00:00,000
8482;2024-11-21 00:00:00,000;"L004";"A10027";125;206;206;2024-11-26 00:00:00,000;2024-12-03 00:00:00,000;8533;1900-01-01 00:00:00,000
8507;2024-11-22 00:00:00,000;"L004";"A10027";75;172;172;2024-11-25 00:00:00,000;2024-11-25 00:00:00,000;8436;1900-01-01 00:00:00,000
8525;2024-11-25 00:00:00,000;"L004";"A10027";35;184;184;2024-11-28 00:00:00,000;2024-12-02 00:00:00,000;8519;1900-01-01 00:00:00,000
8595;2024-11-28 00:00:00,000;"L004";"A10027";75;202;202;2024-12-02 00:00:00,000;2024-12-09 00:00:00,000;8605;1900-01-01 00:00:00,000
8605;2024-11-29 00:00:00,000;"L004";"A10027";15;201;201;2024-12-02 00:00:00,000;2024-12-05 00:00:00,000;8581;1900-01-01 00:00:00,000
8616;2024-12-02 00:00:00,000;"L004";"A10027";10;201;201;2024-12-04 00:00:00,000;2024-12-09 00:00:00,000;8616;1900-01-01 00:00:00,000
8633;2024-12-03 00:00:00,000;"L004";"A10027";50;167;167;2024-12-05 00:00:00,000;2024-12-09 00:00:00,000;8622;1900-01-01 00:00:00,000
8676;2024-12-05 00:00:00,000;"L004";"A10027";40;18;18;2024-12-06 00:00:00,000;2024-12-11 00:00:00,000;8658;1900-01-01 00:00:00,000
8695;2024-12-06 00:00:00,000;"L004";"A10027";65;195;195;2024-12-09 00:00:00,000;2024-12-16 00:00:00,000;8702;1900-01-01 00:00:00,000
8713;2024-12-09 00:00:00,000;"L004";"A10027";65;213;213;2024-12-10 00:00:00,000;2024-12-12 00:00:00,000;8677;1900-01-01 00:00:00,000
8764;2024-12-12 00:00:00,000;"L004";"A10027";80;163;163;2024-12-13 00:00:00,000;2024-12-16 00:00:00,000;8720;1900-01-01 00:00:00,000
8787;2024-12-13 00:00:00,000;"L004";"A10027";70;217;217;2024-12-17 00:00:00,000;2024-12-23 00:00:00,000;8796;1900-01-01 00:00:00,000
8829;2024-12-17 00:00:00,000;"L004";"A10027";15;178;178;2024-12-23 00:00:00,000;2024-12-23 00:00:00,000;8805;1900-01-01 00:00:00,000
8943;2024-12-27 00:00:00,000;"L004";"A10027";95;184;184;2024-12-30 00:00:00,000;2024-12-31 00:00:00,000;8916;1900-01-01 00:00:00,000
8969;2024-12-30 00:00:00,000;"L004";"A10027";75;207;0;1900-01-01 00:00:00,000;1900-01-01 00:00:00,000;0;1900-01-01 00:00:00,000
8981;2024-12-31 00:00:00,000;"L004";"A10027";15;21;0;1900-01-01 00:00:00,000;1900-01-01 00:00:00,000;0;1900-01-01 00:00:00,000
4166;2023-11-29 00:00:00,000;"L004";"A10026";20;164;164;2023-12-04 00:00:00,000;2023-12-06 00:00:00,000;4161;2024-01-04 00:00:00,000
4185;2023-11-30 00:00:00,000;"L004";"A10026";35;165;165;2023-12-04 00:00:00,000;2023-12-11 00:00:00,000;4208;2024-01-11 00:00:00,000
4211;2023-12-01 00:00:00,000;"L004";"A10026";20;175;175;2023-12-04 00:00:00,000;2023-12-04 00:00:00,000;4131;2024-01-04 00:00:00,000
4324;2023-12-12 00:00:00,000;"L004";"A10026";80;176;176;2023-12-18 00:00:00,000;2023-12-22 00:00:00,000;4353;2024-01-18 00:00:00,000
4426;2023-12-20 00:00:00,000;"L004";"A10026";25;164;164;2023-12-27 00:00:00,000;2024-01-02 00:00:00,000;4450;2024-02-01 00:00:00,000
4449;2023-12-21 00:00:00,000;"L004";"A10026";25;169;169;2023-12-27 00:00:00,000;2023-12-27 00:00:00,000;4418;2024-01-25 00:00:00,000
4477;2023-12-27 00:00:00,000;"L004";"A10026";20;164;164;2023-12-28 00:00:00,000;2024-01-02 00:00:00,000;4468;2024-02-01 00:00:00,000
4492;2023-12-28 00:00:00,000;"L004";"A10026";55;159;159;2023-12-29 00:00:00,000;2024-01-03 00:00:00,000;4483;2024-02-01 00:00:00,000
4526;2024-01-02 00:00:00,000;"L004";"A10026";115;161;161;2024-01-04 00:00:00,000;2024-01-08 00:00:00,000;4517;2024-02-08 00:00:00,000
4539;2024-01-03 00:00:00,000;"L004";"A10026";15;162;162;2024-01-08 00:00:00,000;2024-01-10 00:00:00,000;4546;2024-02-08 00:00:00,000
4558;2024-01-04 00:00:00,000;"L004";"A10026";30;176;176;2024-01-08 00:00:00,000;2024-01-09 00:00:00,000;4535;2024-02-08 00:00:00,000
4577;2024-01-05 00:00:00,000;"L004";"A10026";95;158;158;2024-01-08 00:00:00,000;2024-01-08 00:00:00,000;4522;2024-02-08 00:00:00,000
4605;2024-01-09 00:00:00,000;"L004";"A10026";80;161;161;2024-01-10 00:00:00,000;2024-01-15 00:00:00,000;4592;2024-02-15 00:00:00,000
4633;2024-01-10 00:00:00,000;"L004";"A10026";55;172;172;2024-01-15 00:00:00,000;2024-01-22 00:00:00,000;4668;2024-02-22 00:00:00,000
4658;2024-01-11 00:00:00,000;"L004";"A10026";100;187;187;2024-01-15 00:00:00,000;2024-01-17 00:00:00,000;4629;2024-02-15 00:00:00,000
4692;2024-01-15 00:00:00,000;"L004";"A10026";75;178;178;2024-01-19 00:00:00,000;2024-01-23 00:00:00,000;4702;2024-02-22 00:00:00,000
4761;2024-01-22 00:00:00,000;"L004";"A10026";135;169;169;2024-01-23 00:00:00,000;2024-01-29 00:00:00,000;4758;2024-02-29 00:00:00,000
4783;2024-01-23 00:00:00,000;"L004";"A10026";75;152;152;2024-01-25 00:00:00,000;2024-02-01 00:00:00,000;4801;2024-02-29 00:00:00,000
4835;2024-01-26 00:00:00,000;"L004";"A10026";25;162;162;2024-01-30 00:00:00,000;2024-02-05 00:00:00,000;4837;2024-03-07 00:00:00,000
4854;2024-01-29 00:00:00,000;"L004";"A10026";135;162;162;2024-02-02 00:00:00,000;2024-02-07 00:00:00,000;4875;2024-03-07 00:00:00,000
4943;2024-02-06 00:00:00,000;"L004";"A10026";15;163;163;2024-02-08 00:00:00,000;2024-02-15 00:00:00,000;4964;2024-03-14 00:00:00,000
5011;2024-02-12 00:00:00,000;"L004";"A10026";65;162;162;2024-02-15 00:00:00,000;2024-02-19 00:00:00,000;5004;2024-03-21 00:00:00,000
5034;2024-02-13 00:00:00,000;"L004";"A10026";70;172;172;2024-02-15 00:00:00,000;2024-02-21 00:00:00,000;5041;2024-03-21 00:00:00,000
5117;2024-02-20 00:00:00,000;"L004";"A10026";20;172;172;2024-02-21 00:00:00,000;2024-02-27 00:00:00,000;5117;2024-03-28 00:00:00,000
5147;2024-02-21 00:00:00,000;"L004";"A10026";55;178;178;2024-02-26 00:00:00,000;2024-02-28 00:00:00,000;5133;2024-03-28 00:00:00,000
5222;2024-02-28 00:00:00,000;"L004";"A10026";25;174;174;2024-03-01 00:00:00,000;2024-03-05 00:00:00,000;5207;2024-04-04 00:00:00,000
5265;2024-03-01 00:00:00,000;"L004";"A10026";70;176;176;2024-03-04 00:00:00,000;2024-03-08 00:00:00,000;5253;2024-04-04 00:00:00,000
5353;2024-03-11 00:00:00,000;"L004";"A10026";30;173;173;2024-03-14 00:00:00,000;2024-03-19 00:00:00,000;5359;2024-04-18 00:00:00,000
5418;2024-03-14 00:00:00,000;"L004";"A10026";30;182;182;2024-03-18 00:00:00,000;2024-03-22 00:00:00,000;5422;2024-04-18 00:00:00,000
5438;2024-03-15 00:00:00,000;"L004";"A10026";10;157;157;2024-03-18 00:00:00,000;2024-03-21 00:00:00,000;5412;2024-04-18 00:00:00,000
5471;2024-03-19 00:00:00,000;"L004";"A10026";45;163;163;2024-03-20 00:00:00,000;2024-03-25 00:00:00,000;5456;2024-04-25 00:00:00,000
5491;2024-03-20 00:00:00,000;"L004";"A10026";45;161;161;2024-03-25 00:00:00,000;2024-03-26 00:00:00,000;5472;2024-04-25 00:00:00,000
5511;2024-03-21 00:00:00,000;"L004";"A10026";15;177;177;2024-03-25 00:00:00,000;2024-04-02 00:00:00,000;5526;2024-05-02 00:00:00,000
5527;2024-03-22 00:00:00,000;"L004";"A10026";55;145;145;2024-03-25 00:00:00,000;2024-03-26 00:00:00,000;5476;2024-04-25 00:00:00,000
5611;2024-03-28 00:00:00,000;"L004";"A10026";35;161;161;2024-04-02 00:00:00,000;2024-04-08 00:00:00,000;5635;2024-05-16 00:00:00,000
5643;2024-03-29 00:00:00,000;"L004";"A10026";70;169;169;2024-04-02 00:00:00,000;2024-04-03 00:00:00,000;5598;2024-05-02 00:00:00,000
5671;2024-04-03 00:00:00,000;"L004";"A10026";50;171;171;2024-04-08 00:00:00,000;2024-04-12 00:00:00,000;5682;2024-05-16 00:00:00,000
5686;2024-04-04 00:00:00,000;"L004";"A10026";80;169;169;2024-04-08 00:00:00,000;2024-04-15 00:00:00,000;5693;2024-05-16 00:00:00,000
5753;2024-04-10 00:00:00,000;"L004";"A10026";90;163;163;2024-04-15 00:00:00,000;2024-04-17 00:00:00,000;5751;2024-05-16 00:00:00,000
5777;2024-04-11 00:00:00,000;"L004";"A10026";40;172;172;2024-04-12 00:00:00,000;2024-04-17 00:00:00,000;5758;2024-05-16 00:00:00,000
5797;2024-04-12 00:00:00,000;"L004";"A10026";30;159;159;2024-04-16 00:00:00,000;2024-04-18 00:00:00,000;5769;2024-05-16 00:00:00,000
5811;2024-04-15 00:00:00,000;"L004";"A10026";15;17;17;2024-04-18 00:00:00,000;2024-04-24 00:00:00,000;5825;2024-05-23 00:00:00,000
5887;2024-04-22 00:00:00,000;"L004";"A10026";80;161;161;2024-04-25 00:00:00,000;2024-05-01 00:00:00,000;5911;2024-05-30 00:00:00,000
5953;2024-04-25 00:00:00,000;"L004";"A10026";125;161;161;2024-04-29 00:00:00,000;2024-05-06 00:00:00,000;5972;2024-06-06 00:00:00,000
5987;2024-04-29 00:00:00,000;"L004";"A10026";155;171;171;2024-05-01 00:00:00,000;2024-05-03 00:00:00,000;5963;2024-05-30 00:00:00,000
6043;2024-05-02 00:00:00,000;"L004";"A10026";15;156;156;2024-05-06 00:00:00,000;2024-05-10 00:00:00,000;6040;2024-06-06 00:00:00,000
6094;2024-05-08 00:00:00,000;"L004";"A10026";100;175;175;2024-05-10 00:00:00,000;2024-05-15 00:00:00,000;6088;2024-06-13 00:00:00,000
6118;2024-05-10 00:00:00,000;"L004";"A10026";100;159;159;2024-05-13 00:00:00,000;2024-05-21 00:00:00,000;6124;2024-06-20 00:00:00,000
6175;2024-05-15 00:00:00,000;"L004";"A10026";55;171;171;2024-05-17 00:00:00,000;2024-05-23 00:00:00,000;6176;2024-06-20 00:00:00,000
6219;2024-05-21 00:00:00,000;"L004";"A10026";30;171;171;2024-05-27 00:00:00,000;2024-05-29 00:00:00,000;6230;2024-06-27 00:00:00,000
6249;2024-05-23 00:00:00,000;"L004";"A10026";15;164;164;2024-05-27 00:00:00,000;2024-06-03 00:00:00,000;6276;2024-07-04 00:00:00,000
6276;2024-05-24 00:00:00,000;"L004";"A10026";25;171;171;2024-05-28 00:00:00,000;2024-06-03 00:00:00,000;6285;2024-07-04 00:00:00,000
6298;2024-05-27 00:00:00,000;"L004";"A10026";75;171;171;2024-05-31 00:00:00,000;2024-06-03 00:00:00,000;6294;2024-07-04 00:00:00,000
6356;2024-05-30 00:00:00,000;"L004";"A10026";105;171;171;2024-06-04 00:00:00,000;2024-06-10 00:00:00,000;6371;2024-07-11 00:00:00,000
6407;2024-06-05 00:00:00,000;"L004";"A10026";125;185;185;2024-06-07 00:00:00,000;2024-06-13 00:00:00,000;6408;2024-07-11 00:00:00,000
6472;2024-06-12 00:00:00,000;"L004";"A10026";50;181;181;2024-06-13 00:00:00,000;2024-06-19 00:00:00,000;6468;2024-07-18 00:00:00,000
6514;2024-06-14 00:00:00,000;"L004";"A10026";80;175;175;2024-06-17 00:00:00,000;2024-06-24 00:00:00,000;6524;2024-07-25 00:00:00,000
6539;2024-06-17 00:00:00,000;"L004";"A10026";110;162;162;2024-06-18 00:00:00,000;2024-06-24 00:00:00,000;6534;2024-07-25 00:00:00,000
6626;2024-06-21 00:00:00,000;"L004";"A10026";15;161;161;2024-06-25 00:00:00,000;2024-07-01 00:00:00,000;6633;2024-08-01 00:00:00,000
6666;2024-06-25 00:00:00,000;"L004";"A10026";15;186;186;2024-06-27 00:00:00,000;2024-07-01 00:00:00,000;6646;2024-08-01 00:00:00,000
6687;2024-06-26 00:00:00,000;"L004";"A10026";25;163;163;2024-06-28 00:00:00,000;2024-07-03 00:00:00,000;6680;2024-08-01 00:00:00,000
6749;2024-07-01 00:00:00,000;"L004";"A10026";180;151;151;2024-07-02 00:00:00,000;2024-07-08 00:00:00,000;6740;2024-08-08 00:00:00,000
6812;2024-07-05 00:00:00,000;"L004";"A10026";35;156;156;2024-07-08 00:00:00,000;2024-07-15 00:00:00,000;6813;2024-08-15 00:00:00,000
6820;2024-07-08 00:00:00,000;"L004";"A10026";20;146;146;2024-07-12 00:00:00,000;2024-07-18 00:00:00,000;6860;2024-08-15 00:00:00,000
6839;2024-07-09 00:00:00,000;"L004";"A10026";80;149;149;2024-07-10 00:00:00,000;2024-07-12 00:00:00,000;6804;2024-08-08 00:00:00,000
6860;2024-07-10 00:00:00,000;"L004";"A10026";40;162;162;2024-07-15 00:00:00,000;2024-07-15 00:00:00,000;6831;2024-08-15 00:00:00,000
6881;2024-07-11 00:00:00,000;"L004";"A10026";35;17;17;2024-07-15 00:00:00,000;2024-07-22 00:00:00,000;6903;2024-08-22 00:00:00,000
6911;2024-07-12 00:00:00,000;"L004";"A10026";40;163;163;2024-07-16 00:00:00,000;2024-07-22 00:00:00,000;6916;2024-08-22 00:00:00,000
6938;2024-07-15 00:00:00,000;"L004";"A10026";20;169;169;2024-07-16 00:00:00,000;2024-07-22 00:00:00,000;6929;2024-08-22 00:00:00,000
6970;2024-07-16 00:00:00,000;"L004";"A10026";80;16;16;2024-07-18 00:00:00,000;2024-07-22 00:00:00,000;6938;2024-08-22 00:00:00,000
7009;2024-07-18 00:00:00,000;"L004";"A10026";75;173;173;2024-07-22 00:00:00,000;2024-07-26 00:00:00,000;7019;2024-08-22 00:00:00,000
7047;2024-07-22 00:00:00,000;"L004";"A10026";20;174;174;2024-07-23 00:00:00,000;2024-07-29 00:00:00,000;7044;2024-08-29 00:00:00,000
7084;2024-07-24 00:00:00,000;"L004";"A10026";15;176;176;2024-07-25 00:00:00,000;2024-07-29 00:00:00,000;7056;2024-08-29 00:00:00,000
7108;2024-07-25 00:00:00,000;"L004";"A10026";40;169;169;2024-07-29 00:00:00,000;2024-07-31 00:00:00,000;7081;2024-08-29 00:00:00,000
7160;2024-07-30 00:00:00,000;"L004";"A10026";100;18;18;2024-08-05 00:00:00,000;2024-08-12 00:00:00,000;7205;2024-09-12 00:00:00,000
7195;2024-08-01 00:00:00,000;"L004";"A10026";55;185;185;2024-08-06 00:00:00,000;2024-08-12 00:00:00,000;7210;2024-09-12 00:00:00,000
7348;2024-08-14 00:00:00,000;"L004";"A10026";110;182;182;2024-08-19 00:00:00,000;2024-08-26 00:00:00,000;7371;2024-09-26 00:00:00,000
7406;2024-08-20 00:00:00,000;"L004";"A10026";25;173;173;2024-08-22 00:00:00,000;2024-08-27 00:00:00,000;7407;2024-09-26 00:00:00,000
7419;2024-08-21 00:00:00,000;"L004";"A10026";50;169;169;2024-08-22 00:00:00,000;2024-08-28 00:00:00,000;7420;2024-09-26 00:00:00,000
7453;2024-08-23 00:00:00,000;"L004";"A10026";15;144;144;2024-08-26 00:00:00,000;2024-08-29 00:00:00,000;7439;2024-09-26 00:00:00,000
7466;2024-08-26 00:00:00,000;"L004";"A10026";95;169;169;2024-08-29 00:00:00,000;2024-09-03 00:00:00,000;7476;2024-10-03 00:00:00,000
7524;2024-08-29 00:00:00,000;"L004";"A10026";15;152;152;2024-09-02 00:00:00,000;2024-09-03 00:00:00,000;7486;2024-10-03 00:00:00,000
7555;2024-09-03 00:00:00,000;"L004";"A10026";80;172;172;2024-09-06 00:00:00,000;2024-09-11 00:00:00,000;7565;2024-10-10 00:00:00,000
7601;2024-09-05 00:00:00,000;"L004";"A10026";95;169;169;2024-09-09 00:00:00,000;2024-09-12 00:00:00,000;7586;2024-10-10 00:00:00,000
7704;2024-09-17 00:00:00,000;"L004";"A10026";20;187;187;2024-09-19 00:00:00,000;2024-09-25 00:00:00,000;7715;2024-10-24 00:00:00,000
7726;2024-09-18 00:00:00,000;"L004";"A10026";15;173;173;2024-09-23 00:00:00,000;2024-09-23 00:00:00,000;7697;2024-10-24 00:00:00,000
7746;2024-09-19 00:00:00,000;"L004";"A10026";30;146;146;2024-09-23 00:00:00,000;2024-09-26 00:00:00,000;7739;2024-10-24 00:00:00,000
7783;2024-09-23 00:00:00,000;"L004";"A10026";90;17;17;2024-09-27 00:00:00,000;2024-10-04 00:00:00,000;7845;2024-10-31 00:00:00,000
7834;2024-09-25 00:00:00,000;"L004";"A10026";25;184;184;2024-09-30 00:00:00,000;2024-10-07 00:00:00,000;7863;2024-11-07 00:00:00,000
7895;2024-10-01 00:00:00,000;"L004";"A10026";60;161;161;2024-10-03 00:00:00,000;2024-10-08 00:00:00,000;7892;2024-11-07 00:00:00,000
7923;2024-10-02 00:00:00,000;"L004";"A10026";125;159;159;2024-10-04 00:00:00,000;2024-10-10 00:00:00,000;7920;2024-11-07 00:00:00,000
7962;2024-10-07 00:00:00,000;"L004";"A10026";65;152;152;2024-10-08 00:00:00,000;2024-10-14 00:00:00,000;7958;2024-11-14 00:00:00,000
7984;2024-10-09 00:00:00,000;"L004";"A10026";35;176;176;2024-10-14 00:00:00,000;2024-10-17 00:00:00,000;7996;2024-11-14 00:00:00,000
8032;2024-10-14 00:00:00,000;"L004";"A10026";50;16;16;2024-10-17 00:00:00,000;2024-10-23 00:00:00,000;8063;2024-11-21 00:00:00,000
8044;2024-10-15 00:00:00,000;"L004";"A10026";100;182;182;2024-10-17 00:00:00,000;2024-10-21 00:00:00,000;8031;2024-11-21 00:00:00,000
8067;2024-10-16 00:00:00,000;"L004";"A10026";80;178;178;2024-10-21 00:00:00,000;2024-10-22 00:00:00,000;8055;2024-11-21 00:00:00,000
8094;2024-10-17 00:00:00,000;"L004";"A10026";210;169;169;2024-10-21 00:00:00,000;2024-10-21 00:00:00,000;8042;2024-11-21 00:00:00,000
8117;2024-10-18 00:00:00,000;"L004";"A10026";145;16;16;2024-10-21 00:00:00,000;2024-10-24 00:00:00,000;8092;2024-11-21 00:00:00,000
8182;2024-10-24 00:00:00,000;"L004";"A10026";15;162;162;2024-10-28 00:00:00,000;2024-10-29 00:00:00,000;8155;2024-11-28 00:00:00,000
8271;2024-11-04 00:00:00,000;"L004";"A10026";45;18;18;2024-11-05 00:00:00,000;2024-11-11 00:00:00,000;8273;2024-12-12 00:00:00,000
8292;2024-11-05 00:00:00,000;"L004";"A10026";55;188;188;2024-11-11 00:00:00,000;2024-11-13 00:00:00,000;8301;2024-12-12 00:00:00,000
8376;2024-11-12 00:00:00,000;"L004";"A10026";50;168;168;2024-11-18 00:00:00,000;2024-11-21 00:00:00,000;8401;2024-12-19 00:00:00,000
8392;2024-11-13 00:00:00,000;"L004";"A10026";20;163;163;2024-11-14 00:00:00,000;2024-11-19 00:00:00,000;8379;2024-12-19 00:00:00,000
8506;2024-11-22 00:00:00,000;"L004";"A10026";15;178;178;2024-11-26 00:00:00,000;2024-12-02 00:00:00,000;8510;1900-01-01 00:00:00,000
8547;2024-11-26 00:00:00,000;"L004";"A10026";185;16;16;2024-11-28 00:00:00,000;2024-12-02 00:00:00,000;8526;1900-01-01 00:00:00,000
8572;2024-11-27 00:00:00,000;"L004";"A10026";30;15;15;2024-11-28 00:00:00,000;2024-12-02 00:00:00,000;8531;1900-01-01 00:00:00,000
8594;2024-11-28 00:00:00,000;"L004";"A10026";45;178;178;2024-11-29 00:00:00,000;2024-12-04 00:00:00,000;8562;1900-01-01 00:00:00,000
8657;2024-12-04 00:00:00,000;"L004";"A10026";20;156;156;2024-12-09 00:00:00,000;2024-12-16 00:00:00,000;8692;1900-01-01 00:00:00,000
8675;2024-12-05 00:00:00,000;"L004";"A10026";60;169;169;2024-12-09 00:00:00,000;2024-12-09 00:00:00,000;8633;1900-01-01 00:00:00,000
8694;2024-12-06 00:00:00,000;"L004";"A10026";80;162;162;2024-12-11 00:00:00,000;2024-12-16 00:00:00,000;8701;1900-01-01 00:00:00,000
8712;2024-12-09 00:00:00,000;"L004";"A10026";15;172;172;2024-12-11 00:00:00,000;2024-12-16 00:00:00,000;8708;1900-01-01 00:00:00,000
8728;2024-12-10 00:00:00,000;"L004";"A10026";25;176;176;2024-12-11 00:00:00,000;2024-12-16 00:00:00,000;8715;1900-01-01 00:00:00,000
8742;2024-12-11 00:00:00,000;"L004";"A10026";50;159;159;2024-12-16 00:00:00,000;2024-12-19 00:00:00,000;8746;1900-01-01 00:00:00,000
8763;2024-12-12 00:00:00,000;"L004";"A10026";115;171;171;2024-12-16 00:00:00,000;2024-12-23 00:00:00,000;8788;1900-01-01 00:00:00,000
8786;2024-12-13 00:00:00,000;"L004";"A10026";45;17;17;2024-12-17 00:00:00,000;2024-12-20 00:00:00,000;8779;1900-01-01 00:00:00,000
8828;2024-12-17 00:00:00,000;"L004";"A10026";125;159;159;2024-12-18 00:00:00,000;2024-12-24 00:00:00,000;8826;1900-01-01 00:00:00,000
8861;2024-12-19 00:00:00,000;"L004";"A10026";20;176;176;2024-12-24 00:00:00,000;2024-12-30 00:00:00,000;8879;1900-01-01 00:00:00,000
8883;2024-12-20 00:00:00,000;"L004";"A10026";140;172;172;2024-12-24 00:00:00,000;2024-12-30 00:00:00,000;8889;1900-01-01 00:00:00,000
8968;2024-12-30 00:00:00,000;"L004";"A10026";55;163;0;1900-01-01 00:00:00,000;1900-01-01 00:00:00,000;0;1900-01-01 00:00:00,000
4126;2023-11-27 00:00:00,000;"L004";"S10038";25;296;296;2023-11-30 00:00:00,000;2023-12-06 00:00:00,000;4156;2024-01-04 00:00:00,000
4148;2023-11-28 00:00:00,000;"L004";"S10038";75;282;282;2023-12-04 00:00:00,000;2023-12-08 00:00:00,000;4187;2024-01-04 00:00:00,000
4214;2023-12-01 00:00:00,000;"L004";"S10038";40;307;307;2023-12-04 00:00:00,000;2023-12-08 00:00:00,000;4200;2024-01-04 00:00:00,000
4272;2023-12-06 00:00:00,000;"L004";"S10038";10;289;289;2023-12-11 00:00:00,000;2023-12-15 00:00:00,000;4277;2024-01-11 00:00:00,000
4327;2023-12-12 00:00:00,000;"L004";"S10038";20;304;304;2023-12-18 00:00:00,000;2023-12-22 00:00:00,000;4354;2024-01-18 00:00:00,000
4339;2023-12-13 00:00:00,000;"L004";"S10038";30;306;306;2023-12-15 00:00:00,000;2023-12-18 00:00:00,000;4313;2024-01-18 00:00:00,000
4371;2023-12-15 00:00:00,000;"L004";"S10038";40;307;307;2023-12-18 00:00:00,000;2023-12-22 00:00:00,000;4363;2024-01-18 00:00:00,000
4410;2023-12-19 00:00:00,000;"L004";"S10038";115;293;293;2023-12-27 00:00:00,000;2023-12-28 00:00:00,000;4428;2024-01-25 00:00:00,000
4429;2023-12-20 00:00:00,000;"L004";"S10038";15;319;319;2023-12-27 00:00:00,000;2023-12-29 00:00:00,000;4444;2024-01-25 00:00:00,000
4530;2024-01-02 00:00:00,000;"L004";"S10038";75;305;305;2024-01-03 00:00:00,000;2024-01-10 00:00:00,000;4542;2024-02-08 00:00:00,000
4562;2024-01-04 00:00:00,000;"L004";"S10038";80;338;338;2024-01-08 00:00:00,000;2024-01-10 00:00:00,000;4548;2024-02-08 00:00:00,000
4698;2024-01-15 00:00:00,000;"L004";"S10038";100;314;314;2024-01-22 00:00:00,000;2024-01-22 00:00:00,000;4690;2024-02-22 00:00:00,000
4929;2024-02-05 00:00:00,000;"L004";"S10038";90;319;319;2024-02-07 00:00:00,000;2024-02-12 00:00:00,000;4924;2024-03-14 00:00:00,000
4944;2024-02-06 00:00:00,000;"L004";"S10038";35;313;313;2024-02-09 00:00:00,000;2024-02-12 00:00:00,000;4931;2024-03-14 00:00:00,000
5056;2024-02-14 00:00:00,000;"L004";"S10038";10;319;319;2024-02-19 00:00:00,000;2024-02-26 00:00:00,000;5071;2024-03-28 00:00:00,000
5096;2024-02-19 00:00:00,000;"L004";"S10038";85;318;318;2024-02-20 00:00:00,000;2024-02-26 00:00:00,000;5083;2024-03-28 00:00:00,000
5125;2024-02-20 00:00:00,000;"L004";"S10038";30;324;324;2024-02-22 00:00:00,000;2024-02-28 00:00:00,000;5128;2024-03-28 00:00:00,000
5248;2024-02-29 00:00:00,000;"L004";"S10038";25;273;273;2024-03-05 00:00:00,000;2024-03-11 00:00:00,000;5264;2024-04-11 00:00:00,000
5269;2024-03-01 00:00:00,000;"L004";"S10038";25;32;32;2024-03-04 00:00:00,000;2024-03-11 00:00:00,000;5269;2024-04-11 00:00:00,000
5299;2024-03-05 00:00:00,000;"L004";"S10038";25;308;308;2024-03-07 00:00:00,000;2024-03-13 00:00:00,000;5307;2024-04-11 00:00:00,000
5309;2024-03-06 00:00:00,000;"L004";"S10038";15;288;288;2024-03-08 00:00:00,000;2024-03-13 00:00:00,000;5310;2024-04-11 00:00:00,000
5325;2024-03-07 00:00:00,000;"L004";"S10038";45;328;328;2024-03-11 00:00:00,000;2024-03-18 00:00:00,000;5331;2024-04-18 00:00:00,000
5400;2024-03-13 00:00:00,000;"L004";"S10038";25;318;318;2024-03-14 00:00:00,000;2024-03-19 00:00:00,000;5370;2024-04-18 00:00:00,000
5421;2024-03-14 00:00:00,000;"L004";"S10038";15;307;307;2024-03-18 00:00:00,000;2024-03-22 00:00:00,000;5424;2024-04-18 00:00:00,000
5440;2024-03-15 00:00:00,000;"L004";"S10038";215;291;291;2024-03-18 00:00:00,000;2024-03-21 00:00:00,000;5413;2024-04-18 00:00:00,000
5472;2024-03-19 00:00:00,000;"L004";"S10038";10;288;288;2024-03-20 00:00:00,000;2024-03-27 00:00:00,000;5482;2024-04-25 00:00:00,000
5495;2024-03-20 00:00:00,000;"L004";"S10038";55;31;31;2024-03-22 00:00:00,000;2024-03-26 00:00:00,000;5473;2024-04-25 00:00:00,000
5552;2024-03-25 00:00:00,000;"L004";"S10038";20;293;293;2024-03-27 00:00:00,000;2024-04-02 00:00:00,000;5552;2024-05-02 00:00:00,000
5587;2024-03-27 00:00:00,000;"L004";"S10038";75;284;284;2024-04-02 00:00:00,000;2024-04-02 00:00:00,000;5569;2024-05-02 00:00:00,000
5614;2024-03-28 00:00:00,000;"L004";"S10038";65;285;285;2024-04-02 00:00:00,000;2024-04-05 00:00:00,000;5616;2024-05-02 00:00:00,000
5649;2024-03-29 00:00:00,000;"L004";"S10038";155;295;295;2024-04-02 00:00:00,000;2024-04-08 00:00:00,000;5649;2024-05-16 00:00:00,000
5698;2024-04-05 00:00:00,000;"L004";"S10038";10;312;312;2024-04-08 00:00:00,000;2024-04-10 00:00:00,000;5671;2024-05-16 00:00:00,000
5756;2024-04-10 00:00:00,000;"L004";"S10038";25;285;285;2024-04-12 00:00:00,000;2024-04-17 00:00:00,000;5752;2024-05-16 00:00:00,000
5909;2024-04-23 00:00:00,000;"L004";"S10038";85;284;284;2024-04-24 00:00:00,000;2024-04-29 00:00:00,000;5886;2024-05-30 00:00:00,000
5959;2024-04-25 00:00:00,000;"L004";"S10038";25;292;292;2024-04-29 00:00:00,000;2024-05-02 00:00:00,000;5944;2024-05-30 00:00:00,000
5972;2024-04-26 00:00:00,000;"L004";"S10038";95;322;322;2024-04-29 00:00:00,000;2024-05-03 00:00:00,000;5959;2024-05-30 00:00:00,000
6005;2024-04-30 00:00:00,000;"L004";"S10038";25;307;307;2024-05-03 00:00:00,000;2024-05-06 00:00:00,000;5988;2024-06-06 00:00:00,000
6067;2024-05-06 00:00:00,000;"L004";"S10038";60;285;285;2024-05-10 00:00:00,000;2024-05-15 00:00:00,000;6081;2024-06-13 00:00:00,000
6078;2024-05-07 00:00:00,000;"L004";"S10038";35;294;294;2024-05-10 00:00:00,000;2024-05-15 00:00:00,000;6082;2024-06-13 00:00:00,000
6122;2024-05-10 00:00:00,000;"L004";"S10038";100;29;29;2024-05-13 00:00:00,000;2024-05-17 00:00:00,000;6111;2024-06-13 00:00:00,000
6256;2024-05-23 00:00:00,000;"L004";"S10038";15;278;278;2024-05-27 00:00:00,000;2024-06-03 00:00:00,000;6278;2024-07-04 00:00:00,000
6325;2024-05-28 00:00:00,000;"L004";"S10038";60;31;31;2024-05-30 00:00:00,000;2024-06-05 00:00:00,000;6332;2024-07-04 00:00:00,000
6358;2024-05-30 00:00:00,000;"L004";"S10038";30;305;305;2024-06-03 00:00:00,000;2024-06-05 00:00:00,000;6337;2024-07-04 00:00:00,000
6480;2024-06-12 00:00:00,000;"L004";"S10038";110;288;288;2024-06-17 00:00:00,000;2024-06-18 00:00:00,000;6459;2024-07-18 00:00:00,000
6495;2024-06-13 00:00:00,000;"L004";"S10038";40;305;305;2024-06-17 00:00:00,000;2024-06-19 00:00:00,000;6474;2024-07-18 00:00:00,000
6521;2024-06-14 00:00:00,000;"L004";"S10038";70;272;272;2024-06-18 00:00:00,000;2024-06-20 00:00:00,000;6497;2024-07-18 00:00:00,000
6692;2024-06-26 00:00:00,000;"L004";"S10038";15;28;28;2024-07-01 00:00:00,000;2024-07-05 00:00:00,000;6708;2024-08-01 00:00:00,000
6759;2024-07-01 00:00:00,000;"L004";"S10038";170;285;285;2024-07-05 00:00:00,000;2024-07-12 00:00:00,000;6795;2024-08-08 00:00:00,000
6785;2024-07-03 00:00:00,000;"L004";"S10038";30;295;295;2024-07-04 00:00:00,000;2024-07-09 00:00:00,000;6762;2024-08-08 00:00:00,000
6824;2024-07-08 00:00:00,000;"L004";"S10038";25;293;293;2024-07-09 00:00:00,000;2024-07-15 00:00:00,000;6816;2024-08-15 00:00:00,000
6845;2024-07-09 00:00:00,000;"L004";"S10038";60;307;307;2024-07-10 00:00:00,000;2024-07-15 00:00:00,000;6827;2024-08-15 00:00:00,000
6916;2024-07-12 00:00:00,000;"L004";"S10038";15;313;313;2024-07-15 00:00:00,000;2024-07-19 00:00:00,000;6892;2024-08-15 00:00:00,000
6946;2024-07-15 00:00:00,000;"L004";"S10038";95;326;326;2024-07-19 00:00:00,000;2024-07-25 00:00:00,000;6989;2024-08-22 00:00:00,000
6976;2024-07-16 00:00:00,000;"L004";"S10038";180;276;276;2024-07-19 00:00:00,000;2024-07-23 00:00:00,000;6961;2024-08-22 00:00:00,000
7014;2024-07-18 00:00:00,000;"L004";"S10038";90;312;312;2024-07-22 00:00:00,000;2024-07-26 00:00:00,000;7021;2024-08-22 00:00:00,000
7033;2024-07-19 00:00:00,000;"L004";"S10038";10;292;292;2024-07-23 00:00:00,000;2024-07-29 00:00:00,000;7038;2024-08-29 00:00:00,000
7270;2024-08-07 00:00:00,000;"L004";"S10038";80;258;258;2024-08-12 00:00:00,000;2024-08-19 00:00:00,000;7291;2024-09-19 00:00:00,000
7371;2024-08-15 00:00:00,000;"L004";"S10038";25;306;306;2024-08-19 00:00:00,000;2024-08-26 00:00:00,000;7379;2024-09-26 00:00:00,000
7420;2024-08-21 00:00:00,000;"L004";"S10038";35;293;293;2024-08-22 00:00:00,000;2024-08-28 00:00:00,000;7421;2024-09-26 00:00:00,000
7435;2024-08-22 00:00:00,000;"L004";"S10038";70;335;335;2024-08-26 00:00:00,000;2024-08-29 00:00:00,000;7435;2024-09-26 00:00:00,000
7456;2024-08-23 00:00:00,000;"L004";"S10038";60;29;29;2024-08-27 00:00:00,000;2024-09-02 00:00:00,000;7459;2024-10-03 00:00:00,000
7506;2024-08-28 00:00:00,000;"L004";"S10038";40;305;305;2024-08-29 00:00:00,000;2024-09-02 00:00:00,000;7471;2024-10-03 00:00:00,000
7560;2024-09-03 00:00:00,000;"L004";"S10038";30;317;317;2024-09-06 00:00:00,000;2024-09-11 00:00:00,000;7566;2024-10-10 00:00:00,000
7765;2024-09-20 00:00:00,000;"L004";"S10038";50;287;287;2024-09-23 00:00:00,000;2024-09-27 00:00:00,000;7753;2024-10-24 00:00:00,000
7790;2024-09-23 00:00:00,000;"L004";"S10038";55;306;306;2024-09-25 00:00:00,000;2024-09-30 00:00:00,000;7786;2024-10-31 00:00:00,000
7903;2024-10-01 00:00:00,000;"L004";"S10038";45;334;334;2024-10-02 00:00:00,000;2024-10-07 00:00:00,000;7879;2024-11-07 00:00:00,000
7929;2024-10-02 00:00:00,000;"L004";"S10038";60;315;315;2024-10-04 00:00:00,000;2024-10-08 00:00:00,000;7897;2024-11-07 00:00:00,000
8002;2024-10-10 00:00:00,000;"L004";"S10038";35;294;294;2024-10-15 00:00:00,000;2024-10-21 00:00:00,000;8012;2024-11-21 00:00:00,000
8098;2024-10-17 00:00:00,000;"L004";"S10038";65;327;327;2024-10-22 00:00:00,000;2024-10-28 00:00:00,000;8121;2024-11-28 00:00:00,000
8125;2024-10-18 00:00:00,000;"L004";"S10038";25;285;285;2024-10-22 00:00:00,000;2024-10-29 00:00:00,000;8144;2024-11-28 00:00:00,000
8198;2024-10-25 00:00:00,000;"L004";"S10038";40;276;276;2024-10-28 00:00:00,000;2024-11-04 00:00:00,000;8204;2024-12-05 00:00:00,000
8298;2024-11-05 00:00:00,000;"L004";"S10038";30;321;321;2024-11-06 00:00:00,000;2024-11-11 00:00:00,000;8282;2024-12-12 00:00:00,000
8362;2024-11-11 00:00:00,000;"L004";"S10038";35;34;34;2024-11-13 00:00:00,000;2024-11-19 00:00:00,000;8374;2024-12-19 00:00:00,000
8554;2024-11-26 00:00:00,000;"L004";"S10038";50;295;295;2024-11-27 00:00:00,000;2024-12-02 00:00:00,000;8528;1900-01-01 00:00:00,000
8575;2024-11-27 00:00:00,000;"L004";"S10038";70;316;316;2024-11-29 00:00:00,000;2024-12-03 00:00:00,000;8551;1900-01-01 00:00:00,000
8606;2024-11-29 00:00:00,000;"L004";"S10038";30;321;321;2024-12-02 00:00:00,000;2024-12-06 00:00:00,000;8596;1900-01-01 00:00:00,000
8639;2024-12-03 00:00:00,000;"L004";"S10038";25;309;309;2024-12-09 00:00:00,000;2024-12-10 00:00:00,000;8642;1900-01-01 00:00:00,000
8660;2024-12-04 00:00:00,000;"L004";"S10038";30;295;295;2024-12-09 00:00:00,000;2024-12-10 00:00:00,000;8646;1900-01-01 00:00:00,000
8715;2024-12-09 00:00:00,000;"L004";"S10038";35;309;309;2024-12-12 00:00:00,000;2024-12-16 00:00:00,000;8710;1900-01-01 00:00:00,000
8793;2024-12-13 00:00:00,000;"L004";"S10038";40;316;316;2024-12-16 00:00:00,000;2024-12-18 00:00:00,000;8740;1900-01-01 00:00:00,000
8811;2024-12-16 00:00:00,000;"L004";"S10038";145;319;319;2024-12-19 00:00:00,000;2024-12-27 00:00:00,000;8833;1900-01-01 00:00:00,000
4064;2023-11-22 00:00:00,000;"L004";"A10002";45;43;43;2023-11-27 00:00:00,000;2023-12-04 00:00:00,000;4101;2024-01-04 00:00:00,000
4082;2023-11-23 00:00:00,000;"L004";"A10010";20;173;173;2023-11-28 00:00:00,000;2023-12-04 00:00:00,000;4103;2024-01-04 00:00:00,000
4142;2023-11-28 00:00:00,000;"L004";"A10020";40;189;189;2023-11-30 00:00:00,000;2023-12-04 00:00:00,000;4127;2024-01-04 00:00:00,000
4152;2023-11-28 00:00:00,000;"L004";"S10044";90;99;99;2023-11-30 00:00:00,000;2023-12-05 00:00:00,000;4138;2024-01-04 00:00:00,000
4188;2023-11-30 00:00:00,000;"L004";"S10044";20;104;104;2023-12-05 00:00:00,000;2023-12-11 00:00:00,000;4209;2024-01-11 00:00:00,000
4200;2023-12-01 00:00:00,000;"L004";"A10010";50;169;169;2023-12-05 00:00:00,000;2023-12-08 00:00:00,000;4198;2024-01-04 00:00:00,000
4207;2023-12-01 00:00:00,000;"L004";"A10020";25;168;168;2023-12-06 00:00:00,000;2023-12-11 00:00:00,000;4217;2024-01-11 00:00:00,000
4233;2023-12-04 00:00:00,000;"L004";"S10044";50;104;104;2023-12-05 00:00:00,000;2023-12-11 00:00:00,000;4228;2024-01-11 00:00:00,000
4256;2023-12-06 00:00:00,000;"L004";"A10002";30;47;47;2023-12-11 00:00:00,000;2023-12-13 00:00:00,000;4256;2024-01-11 00:00:00,000
4275;2023-12-06 00:00:00,000;"L004";"S10044";100;109;109;2023-12-11 00:00:00,000;2023-12-14 00:00:00,000;4273;2024-01-11 00:00:00,000
4284;2023-12-07 00:00:00,000;"L004";"S10031";135;49;49;2023-12-11 00:00:00,000;2023-12-18 00:00:00,000;4287;2024-01-18 00:00:00,000
4288;2023-12-08 00:00:00,000;"L004";"A10002";30;44;44;2023-12-13 00:00:00,000;2023-12-18 00:00:00,000;4289;2024-01-18 00:00:00,000
4329;2023-12-12 00:00:00,000;"L004";"S10047";35;255;255;2023-12-14 00:00:00,000;2023-12-19 00:00:00,000;4321;2024-01-18 00:00:00,000
4388;2023-12-18 00:00:00,000;"L004";"S10031";40;47;47;2023-12-21 00:00:00,000;2023-12-28 00:00:00,000;4422;2024-01-25 00:00:00,000
4392;2023-12-18 00:00:00,000;"L004";"S10044";40;107;107;2023-12-20 00:00:00,000;2023-12-27 00:00:00,000;4389;2024-01-25 00:00:00,000
4405;2023-12-19 00:00:00,000;"L004";"A10020";25;185;185;2023-12-21 00:00:00,000;2023-12-27 00:00:00,000;4397;2024-01-25 00:00:00,000
4416;2023-12-20 00:00:00,000;"L004";"A10002";10;44;44;2023-12-22 00:00:00,000;2023-12-27 00:00:00,000;4404;2024-01-25 00:00:00,000
4424;2023-12-20 00:00:00,000;"L004";"A10020";80;181;181;2023-12-22 00:00:00,000;2023-12-27 00:00:00,000;4409;2024-01-25 00:00:00,000
4446;2023-12-21 00:00:00,000;"L004";"A10020";60;167;167;2023-12-27 00:00:00,000;2023-12-27 00:00:00,000;4417;2024-01-25 00:00:00,000
4475;2023-12-27 00:00:00,000;"L004";"A10020";55;177;177;2023-12-29 00:00:00,000;2024-01-04 00:00:00,000;4488;2024-02-01 00:00:00,000
4500;2023-12-29 00:00:00,000;"L004";"A10002";45;45;45;2024-01-03 00:00:00,000;2024-01-08 00:00:00,000;4507;2024-02-08 00:00:00,000
4507;2023-12-29 00:00:00,000;"L004";"A10020";20;185;185;2024-01-02 00:00:00,000;2024-01-08 00:00:00,000;4512;2024-02-08 00:00:00,000
4511;2023-12-29 00:00:00,000;"L004";"A10029";45;406;406;2024-01-02 00:00:00,000;2024-01-04 00:00:00,000;4493;2024-02-01 00:00:00,000
4513;2023-12-29 00:00:00,000;"L004";"S10044";20;105;105;2024-01-02 00:00:00,000;2024-01-04 00:00:00,000;4494;2024-02-01 00:00:00,000
4540;2024-01-03 00:00:00,000;"L004";"S10031";35;53;53;2024-01-08 00:00:00,000;2024-01-09 00:00:00,000;4530;2024-02-08 00:00:00,000
4546;2024-01-04 00:00:00,000;"L004";"A10002";25;47;47;2024-01-08 00:00:00,000;2024-01-12 00:00:00,000;4564;2024-02-08 00:00:00,000
4593;2024-01-09 00:00:00,000;"L004";"A10002";25;51;51;2024-01-15 00:00:00,000;2024-01-18 00:00:00,000;4630;2024-02-15 00:00:00,000
4606;2024-01-09 00:00:00,000;"L004";"A10029";55;378;378;2024-01-15 00:00:00,000;2024-01-19 00:00:00,000;4649;2024-02-15 00:00:00,000
4612;2024-01-09 00:00:00,000;"L004";"S10044";15;108;108;2024-01-11 00:00:00,000;2024-01-17 00:00:00,000;4617;2024-02-15 00:00:00,000
4636;2024-01-10 00:00:00,000;"L004";"S10031";10;54;54;2024-01-11 00:00:00,000;2024-01-16 00:00:00,000;4603;2024-02-15 00:00:00,000
4643;2024-01-10 00:00:00,000;"L004";"S10047";65;279;279;2024-01-15 00:00:00,000;2024-01-16 00:00:00,000;4607;2024-02-15 00:00:00,000
4655;2024-01-11 00:00:00,000;"L004";"A10020";20;183;183;2024-01-15 00:00:00,000;2024-01-22 00:00:00,000;4673;2024-02-22 00:00:00,000
4669;2024-01-12 00:00:00,000;"L004";"A10010";20;179;179;2024-01-15 00:00:00,000;2024-01-15 00:00:00,000;4596;2024-02-15 00:00:00,000
4712;2024-01-16 00:00:00,000;"L004";"A10020";70;168;168;2024-01-18 00:00:00,000;2024-01-22 00:00:00,000;4696;2024-02-22 00:00:00,000
4726;2024-01-18 00:00:00,000;"L004";"A10007";30;694;694;2024-01-22 00:00:00,000;2024-01-23 00:00:00,000;4707;2024-02-22 00:00:00,000
4764;2024-01-22 00:00:00,000;"L004";"A10029";65;362;362;2024-01-25 00:00:00,000;2024-01-29 00:00:00,000;4760;2024-02-29 00:00:00,000
4781;2024-01-23 00:00:00,000;"L004";"A10020";30;17;17;2024-01-29 00:00:00,000;2024-01-30 00:00:00,000;4780;2024-02-29 00:00:00,000
4785;2024-01-23 00:00:00,000;"L004";"S10031";15;46;46;2024-01-29 00:00:00,000;2024-02-01 00:00:00,000;4802;2024-02-29 00:00:00,000
4794;2024-01-24 00:00:00,000;"L004";"A10002";70;5;5;2024-01-26 00:00:00,000;2024-01-30 00:00:00,000;4782;2024-02-29 00:00:00,000
4799;2024-01-24 00:00:00,000;"L004";"A10010";30;15;15;2024-01-26 00:00:00,000;2024-02-02 00:00:00,000;4812;2024-02-29 00:00:00,000
4821;2024-01-25 00:00:00,000;"L004";"S10044";40;11;11;2024-01-29 00:00:00,000;2024-02-05 00:00:00,000;4828;2024-03-07 00:00:00,000
4833;2024-01-26 00:00:00,000;"L004";"A10020";30;183;183;2024-01-29 00:00:00,000;2024-02-02 00:00:00,000;4816;2024-02-29 00:00:00,000
4842;2024-01-29 00:00:00,000;"L004";"A10002";70;45;45;2024-02-02 00:00:00,000;2024-02-07 00:00:00,000;4873;2024-03-07 00:00:00,000
4856;2024-01-29 00:00:00,000;"L004";"A10029";15;359;359;2024-02-05 00:00:00,000;2024-02-09 00:00:00,000;4896;2024-03-07 00:00:00,000
4874;2024-01-30 00:00:00,000;"L004";"S10047";70;236;236;2024-02-02 00:00:00,000;2024-02-05 00:00:00,000;4856;2024-03-07 00:00:00,000
4910;2024-02-02 00:00:00,000;"L004";"A10029";65;395;395;2024-02-07 00:00:00,000;2024-02-12 00:00:00,000;4912;2024-03-14 00:00:00,000
4922;2024-02-05 00:00:00,000;"L004";"A10020";100;201;201;2024-02-07 00:00:00,000;2024-02-13 00:00:00,000;4936;2024-03-14 00:00:00,000
4949;2024-02-07 00:00:00,000;"L004";"A10002";20;49;49;2024-02-08 00:00:00,000;2024-02-14 00:00:00,000;4957;2024-03-14 00:00:00,000
4972;2024-02-08 00:00:00,000;"L004";"A10007";45;765;765;2024-02-12 00:00:00,000;2024-02-13 00:00:00,000;4945;2024-03-14 00:00:00,000
4980;2024-02-08 00:00:00,000;"L004";"S10031";40;47;47;2024-02-13 00:00:00,000;2024-02-15 00:00:00,000;4970;2024-03-14 00:00:00,000
4996;2024-02-12 00:00:00,000;"L004";"A10002";100;53;53;2024-02-15 00:00:00,000;2024-02-20 00:00:00,000;5020;2024-03-21 00:00:00,000
5051;2024-02-14 00:00:00,000;"L004";"A10020";45;182;182;2024-02-16 00:00:00,000;2024-02-22 00:00:00,000;5051;2024-03-21 00:00:00,000
5079;2024-02-19 00:00:00,000;"L004";"A10002";25;43;43;2024-02-23 00:00:00,000;2024-02-27 00:00:00,000;5104;2024-03-28 00:00:00,000
5084;2024-02-19 00:00:00,000;"L004";"A10010";145;18;18;2024-02-23 00:00:00,000;2024-03-01 00:00:00,000;5161;2024-03-28 00:00:00,000
5091;2024-02-19 00:00:00,000;"L004";"A10020";25;174;174;2024-02-21 00:00:00,000;2024-02-26 00:00:00,000;5082;2024-03-28 00:00:00,000
5094;2024-02-19 00:00:00,000;"L004";"S10031";40;45;45;2024-02-21 00:00:00,000;2024-02-27 00:00:00,000;5110;2024-03-28 00:00:00,000
5103;2024-02-20 00:00:00,000;"L004";"A10002";50;52;52;2024-02-23 00:00:00,000;2024-03-01 00:00:00,000;5162;2024-03-28 00:00:00,000
5114;2024-02-20 00:00:00,000;"L004";"A10020";10;154;154;2024-02-26 00:00:00,000;2024-02-29 00:00:00,000;5146;2024-03-28 00:00:00,000
5119;2024-02-20 00:00:00,000;"L004";"A10029";30;375;375;2024-02-21 00:00:00,000;2024-02-27 00:00:00,000;5118;2024-03-28 00:00:00,000
5121;2024-02-20 00:00:00,000;"L004";"S10031";20;51;51;2024-02-22 00:00:00,000;2024-02-27 00:00:00,000;5119;2024-03-28 00:00:00,000
5132;2024-02-21 00:00:00,000;"L004";"A10002";50;42;42;2024-02-26 00:00:00,000;2024-02-29 00:00:00,000;5148;2024-03-28 00:00:00,000
5150;2024-02-21 00:00:00,000;"L004";"A10029";10;418;418;2024-02-26 00:00:00,000;2024-02-29 00:00:00,000;5156;2024-03-28 00:00:00,000
5152;2024-02-21 00:00:00,000;"L004";"S10031";65;51;51;2024-02-26 00:00:00,000;2024-02-29 00:00:00,000;5157;2024-03-28 00:00:00,000
5206;2024-02-27 00:00:00,000;"L004";"S10047";20;254;254;2024-03-04 00:00:00,000;2024-03-08 00:00:00,000;5243;2024-04-04 00:00:00,000
5224;2024-02-28 00:00:00,000;"L004";"A10029";30;379;379;2024-03-01 00:00:00,000;2024-03-08 00:00:00,000;5245;2024-04-04 00:00:00,000
5236;2024-02-29 00:00:00,000;"L004";"A10002";25;45;45;2024-03-04 00:00:00,000;2024-03-04 00:00:00,000;5195;2024-04-04 00:00:00,000
5345;2024-03-11 00:00:00,000;"L004";"A10010";10;177;177;2024-03-18 00:00:00,000;2024-03-18 00:00:00,000;5343;2024-04-18 00:00:00,000
5354;2024-03-11 00:00:00,000;"L004";"S10031";20;55;55;2024-03-15 00:00:00,000;2024-03-22 00:00:00,000;5415;2024-04-18 00:00:00,000
5372;2024-03-12 00:00:00,000;"L004";"A10020";35;17;17;2024-03-18 00:00:00,000;2024-03-21 00:00:00,000;5399;2024-04-18 00:00:00,000
5461;2024-03-18 00:00:00,000;"L004";"S10044";20;1;1;2024-03-22 00:00:00,000;2024-03-26 00:00:00,000;5466;2024-04-25 00:00:00,000
5486;2024-03-20 00:00:00,000;"L004";"A10020";15;203;203;2024-03-25 00:00:00,000;2024-04-02 00:00:00,000;5519;2024-05-02 00:00:00,000
5498;2024-03-20 00:00:00,000;"L004";"S10044";50;114;114;2024-03-22 00:00:00,000;2024-03-28 00:00:00,000;5502;2024-04-25 00:00:00,000
5531;2024-03-22 00:00:00,000;"L004";"S10044";65;109;109;2024-03-25 00:00:00,000;2024-03-29 00:00:00,000;5514;2024-04-25 00:00:00,000
5539;2024-03-25 00:00:00,000;"L004";"A10010";35;167;167;2024-03-28 00:00:00,000;2024-04-02 00:00:00,000;5540;2024-05-02 00:00:00,000
5547;2024-03-25 00:00:00,000;"L004";"A10029";35;344;344;2024-03-28 00:00:00,000;2024-04-02 00:00:00,000;5548;2024-05-02 00:00:00,000
5548;2024-03-25 00:00:00,000;"L004";"S10031";20;46;46;2024-03-27 00:00:00,000;2024-04-03 00:00:00,000;5581;2024-05-02 00:00:00,000
5582;2024-03-27 00:00:00,000;"L004";"A10029";80;401;401;2024-04-02 00:00:00,000;2024-04-08 00:00:00,000;5627;2024-05-16 00:00:00,000
5590;2024-03-27 00:00:00,000;"L004";"S10047";55;248;248;2024-03-28 00:00:00,000;2024-04-02 00:00:00,000;5570;2024-05-02 00:00:00,000
5595;2024-03-28 00:00:00,000;"L004";"A10002";55;47;47;2024-03-29 00:00:00,000;2024-04-04 00:00:00,000;5604;2024-05-02 00:00:00,000
5606;2024-03-28 00:00:00,000;"L004";"A10020";35;204;204;2024-03-29 00:00:00,000;2024-04-02 00:00:00,000;5575;2024-05-02 00:00:00,000
5619;2024-03-28 00:00:00,000;"L004";"S10047";65;273;273;2024-04-02 00:00:00,000;2024-04-03 00:00:00,000;5594;2024-05-02 00:00:00,000
5625;2024-03-29 00:00:00,000;"L004";"A10002";65;48;48;2024-04-02 00:00:00,000;2024-04-05 00:00:00,000;5619;2024-05-02 00:00:00,000
5632;2024-03-29 00:00:00,000;"L004";"A10010";15;176;176;2024-04-02 00:00:00,000;2024-04-08 00:00:00,000;5642;2024-05-16 00:00:00,000
5640;2024-03-29 00:00:00,000;"L004";"A10020";15;191;191;2024-04-02 00:00:00,000;2024-04-05 00:00:00,000;5620;2024-05-02 00:00:00,000
5672;2024-04-03 00:00:00,000;"L004";"S10031";55;49;49;2024-04-08 00:00:00,000;2024-04-12 00:00:00,000;5683;2024-05-16 00:00:00,000
5699;2024-04-05 00:00:00,000;"L004";"S10044";95;101;101;2024-04-09 00:00:00,000;2024-04-15 00:00:00,000;5699;2024-05-16 00:00:00,000
5729;2024-04-09 00:00:00,000;"L004";"S10031";20;51;51;2024-04-10 00:00:00,000;2024-04-16 00:00:00,000;5733;2024-05-16 00:00:00,000
5735;2024-04-09 00:00:00,000;"L004";"S10047";35;274;274;2024-04-11 00:00:00,000;2024-04-16 00:00:00,000;5735;2024-05-16 00:00:00,000
5751;2024-04-10 00:00:00,000;"L004";"A10020";75;202;202;2024-04-12 00:00:00,000;2024-04-15 00:00:00,000;5722;2024-05-16 00:00:00,000
5767;2024-04-11 00:00:00,000;"L004";"A10007";10;66;66;2024-04-12 00:00:00,000;2024-04-17 00:00:00,000;5755;2024-05-16 00:00:00,000
5813;2024-04-15 00:00:00,000;"L004";"S10031";30;47;47;2024-04-16 00:00:00,000;2024-04-22 00:00:00,000;5805;2024-05-23 00:00:00,000
5819;2024-04-16 00:00:00,000;"L004";"A10010";40;176;176;2024-04-18 00:00:00,000;2024-04-25 00:00:00,000;5835;2024-05-23 00:00:00,000
5875;2024-04-22 00:00:00,000;"L004";"A10007";20;642;642;2024-04-24 00:00:00,000;2024-04-30 00:00:00,000;5893;2024-05-30 00:00:00,000
5883;2024-04-22 00:00:00,000;"L004";"A10020";90;188;188;2024-04-23 00:00:00,000;2024-04-29 00:00:00,000;5877;2024-05-30 00:00:00,000
5890;2024-04-22 00:00:00,000;"L004";"S10031";25;52;52;2024-04-24 00:00:00,000;2024-04-29 00:00:00,000;5880;2024-05-30 00:00:00,000
5894;2024-04-22 00:00:00,000;"L004";"S10044";15;97;97;2024-04-25 00:00:00,000;2024-05-02 00:00:00,000;5926;2024-05-30 00:00:00,000
5896;2024-04-22 00:00:00,000;"L004";"S10047";15;274;274;2024-04-26 00:00:00,000;2024-04-29 00:00:00,000;5881;2024-05-30 00:00:00,000
5943;2024-04-25 00:00:00,000;"L004";"A10010";30;147;147;2024-04-29 00:00:00,000;2024-04-29 00:00:00,000;5889;2024-05-30 00:00:00,000
5950;2024-04-25 00:00:00,000;"L004";"A10020";30;202;202;2024-04-29 00:00:00,000;2024-05-02 00:00:00,000;5942;2024-05-30 00:00:00,000
5955;2024-04-25 00:00:00,000;"L004";"A10029";15;41;41;2024-04-26 00:00:00,000;2024-04-29 00:00:00,000;5891;2024-05-30 00:00:00,000
5956;2024-04-25 00:00:00,000;"L004";"S10031";15;49;49;2024-04-29 00:00:00,000;2024-04-29 00:00:00,000;5892;2024-05-30 00:00:00,000
5974;2024-04-26 00:00:00,000;"L004";"S10044";25;99;99;2024-05-01 00:00:00,000;2024-05-08 00:00:00,000;6004;2024-06-06 00:00:00,000
5988;2024-04-29 00:00:00,000;"L004";"A10029";95;437;437;2024-05-01 00:00:00,000;2024-05-07 00:00:00,000;5996;2024-06-06 00:00:00,000
5990;2024-04-29 00:00:00,000;"L004";"S10031";20;51;51;2024-05-02 00:00:00,000;2024-05-08 00:00:00,000;6007;2024-06-06 00:00:00,000
6024;2024-05-01 00:00:00,000;"L004";"S10031";20;52;52;2024-05-03 00:00:00,000;2024-05-08 00:00:00,000;6013;2024-06-06 00:00:00,000
6031;2024-05-02 00:00:00,000;"L004";"A10002";30;45;45;2024-05-03 00:00:00,000;2024-05-10 00:00:00,000;6038;2024-06-06 00:00:00,000
6045;2024-05-02 00:00:00,000;"L004";"A10029";15;398;398;2024-05-07 00:00:00,000;2024-05-13 00:00:00,000;6058;2024-06-13 00:00:00,000
6076;2024-05-07 00:00:00,000;"L004";"S10031";50;48;48;2024-05-10 00:00:00,000;2024-05-16 00:00:00,000;6092;2024-06-13 00:00:00,000
6084;2024-05-08 00:00:00,000;"L004";"A10002";70;43;43;2024-05-13 00:00:00,000;2024-05-17 00:00:00,000;6102;2024-06-13 00:00:00,000
6156;2024-05-14 00:00:00,000;"L004";"A10020";60;188;188;2024-05-21 00:00:00,000;2024-05-23 00:00:00,000;6172;2024-06-20 00:00:00,000
6163;2024-05-14 00:00:00,000;"L004";"S10044";20;108;108;2024-05-17 00:00:00,000;2024-05-22 00:00:00,000;6166;2024-06-20 00:00:00,000
6176;2024-05-15 00:00:00,000;"L004";"S10031";10;49;49;2024-05-21 00:00:00,000;2024-05-24 00:00:00,000;6189;2024-06-20 00:00:00,000
6179;2024-05-15 00:00:00,000;"L004";"S10044";30;117;117;2024-05-16 00:00:00,000;2024-05-21 00:00:00,000;6156;2024-06-20 00:00:00,000
6238;2024-05-23 00:00:00,000;"L004";"A10002";20;45;45;2024-05-28 00:00:00,000;2024-06-03 00:00:00,000;6273;2024-07-04 00:00:00,000
6252;2024-05-23 00:00:00,000;"L004";"A10029";50;348;348;2024-05-28 00:00:00,000;2024-05-30 00:00:00,000;6246;2024-06-27 00:00:00,000
6259;2024-05-23 00:00:00,000;"L004";"S10044";25;91;91;2024-05-28 00:00:00,000;2024-05-30 00:00:00,000;6248;2024-06-27 00:00:00,000
6273;2024-05-24 00:00:00,000;"L004";"A10020";35;2;2;2024-05-27 00:00:00,000;2024-05-30 00:00:00,000;6252;2024-06-27 00:00:00,000
6300;2024-05-27 00:00:00,000;"L004";"S10031";25;47;47;2024-05-28 00:00:00,000;2024-06-03 00:00:00,000;6295;2024-07-04 00:00:00,000
6304;2024-05-27 00:00:00,000;"L004";"S10044";100;114;114;2024-05-29 00:00:00,000;2024-06-03 00:00:00,000;6298;2024-07-04 00:00:00,000
6397;2024-06-05 00:00:00,000;"L004";"A10002";40;48;48;2024-06-07 00:00:00,000;2024-06-14 00:00:00,000;6414;2024-07-11 00:00:00,000
6475;2024-06-12 00:00:00,000;"L004";"S10031";20;48;48;2024-06-17 00:00:00,000;2024-06-24 00:00:00,000;6512;2024-07-25 00:00:00,000
6483;2024-06-12 00:00:00,000;"L004";"S10044";50;108;108;2024-06-14 00:00:00,000;2024-06-19 00:00:00,000;6470;2024-07-18 00:00:00,000
6499;2024-06-14 00:00:00,000;"L004";"A10002";15;49;49;2024-06-17 00:00:00,000;2024-06-19 00:00:00,000;6475;2024-07-18 00:00:00,000
6524;2024-06-14 00:00:00,000;"L004";"S10044";85;114;114;2024-06-17 00:00:00,000;2024-06-21 00:00:00,000;6508;2024-07-18 00:00:00,000
6526;2024-06-14 00:00:00,000;"L004";"S10047";75;296;296;2024-06-19 00:00:00,000;2024-06-24 00:00:00,000;6527;2024-07-25 00:00:00,000
6556;2024-06-18 00:00:00,000;"L004";"A10020";30;19;19;2024-06-24 00:00:00,000;2024-07-01 00:00:00,000;6620;2024-08-01 00:00:00,000
6581;2024-06-19 00:00:00,000;"L004";"S10031";40;48;48;2024-06-24 00:00:00,000;2024-06-28 00:00:00,000;6608;2024-07-25 00:00:00,000
6621;2024-06-21 00:00:00,000;"L004";"A10020";30;187;187;2024-06-25 00:00:00,000;2024-06-28 00:00:00,000;6613;2024-07-25 00:00:00,000
6664;2024-06-25 00:00:00,000;"L004";"A10020";15;2;2;2024-06-26 00:00:00,000;2024-07-01 00:00:00,000;6644;2024-08-01 00:00:00,000
6685;2024-06-26 00:00:00,000;"L004";"A10020";85;192;192;2024-06-28 00:00:00,000;2024-07-04 00:00:00,000;6697;2024-08-01 00:00:00,000
6694;2024-06-26 00:00:00,000;"L004";"S10044";20;109;109;2024-06-27 00:00:00,000;2024-07-02 00:00:00,000;6666;2024-08-01 00:00:00,000
6695;2024-06-26 00:00:00,000;"L004";"S10047";90;246;246;2024-07-01 00:00:00,000;2024-07-08 00:00:00,000;6722;2024-08-08 00:00:00,000
6722;2024-06-28 00:00:00,000;"L004";"A10020";15;202;202;2024-07-01 00:00:00,000;2024-07-03 00:00:00,000;6687;2024-08-01 00:00:00,000
6724;2024-06-28 00:00:00,000;"L004";"A10029";50;37;37;2024-07-01 00:00:00,000;2024-07-05 00:00:00,000;6713;2024-08-01 00:00:00,000
6727;2024-06-28 00:00:00,000;"L004";"S10044";85;108;108;2024-07-01 00:00:00,000;2024-07-08 00:00:00,000;6731;2024-08-08 00:00:00,000
6732;2024-07-01 00:00:00,000;"L004";"A10002";85;43;43;2024-07-05 00:00:00,000;2024-07-09 00:00:00,000;6759;2024-08-08 00:00:00,000
6735;2024-07-01 00:00:00,000;"L004";"A10007";100;599;599;2024-07-03 00:00:00,000;2024-07-05 00:00:00,000;6717;2024-08-01 00:00:00,000
6738;2024-07-01 00:00:00,000;"L004";"A10010";5;167;167;2024-07-08 00:00:00,000;2024-07-11 00:00:00,000;6776;2024-08-08 00:00:00,000
6746;2024-07-01 00:00:00,000;"L004";"A10020";30;168;168;2024-07-08 00:00:00,000;2024-07-11 00:00:00,000;6779;2024-08-08 00:00:00,000
6751;2024-07-01 00:00:00,000;"L004";"A10029";120;348;348;2024-07-04 00:00:00,000;2024-07-10 00:00:00,000;6764;2024-08-08 00:00:00,000
6753;2024-07-01 00:00:00,000;"L004";"S10031";15;48;48;2024-07-03 00:00:00,000;2024-07-08 00:00:00,000;6743;2024-08-08 00:00:00,000
6765;2024-07-01 00:00:00,000;"L004";"S10044";75;116;116;2024-07-02 00:00:00,000;2024-07-05 00:00:00,000;6719;2024-08-01 00:00:00,000
6768;2024-07-01 00:00:00,000;"L004";"S10047";10;273;273;2024-07-04 00:00:00,000;2024-07-10 00:00:00,000;6768;2024-08-08 00:00:00,000
6797;2024-07-04 00:00:00,000;"L004";"A10020";20;188;188;2024-07-05 00:00:00,000;2024-07-09 00:00:00,000;6763;2024-08-08 00:00:00,000
6878;2024-07-11 00:00:00,000;"L004";"A10020";65;173;173;2024-07-12 00:00:00,000;2024-07-18 00:00:00,000;6868;2024-08-15 00:00:00,000
6885;2024-07-11 00:00:00,000;"L004";"S10031";20;53;53;2024-07-15 00:00:00,000;2024-07-22 00:00:00,000;6906;2024-08-22 00:00:00,000
6895;2024-07-12 00:00:00,000;"L004";"A10002";10;45;45;2024-07-15 00:00:00,000;2024-07-22 00:00:00,000;6911;2024-08-22 00:00:00,000
6907;2024-07-12 00:00:00,000;"L004";"A10020";30;188;188;2024-07-15 00:00:00,000;2024-07-22 00:00:00,000;6915;2024-08-22 00:00:00,000
6918;2024-07-12 00:00:00,000;"L004";"S10044";65;91;91;2024-07-17 00:00:00,000;2024-07-24 00:00:00,000;6968;2024-08-22 00:00:00,000
6920;2024-07-12 00:00:00,000;"L004";"S10047";20;26;26;2024-07-15 00:00:00,000;2024-07-22 00:00:00,000;6920;2024-08-22 00:00:00,000
6941;2024-07-15 00:00:00,000;"L004";"S10031";25;52;52;2024-07-19 00:00:00,000;2024-07-25 00:00:00,000;6988;2024-08-22 00:00:00,000
6990;2024-07-17 00:00:00,000;"L004";"S10031";30;49;49;2024-07-18 00:00:00,000;2024-07-24 00:00:00,000;6980;2024-08-22 00:00:00,000
6996;2024-07-18 00:00:00,000;"L004";"A10002";30;49;49;2024-07-22 00:00:00,000;2024-07-26 00:00:00,000;7014;2024-08-22 00:00:00,000
7011;2024-07-18 00:00:00,000;"L004";"S10031";45;54;54;2024-07-22 00:00:00,000;2024-07-26 00:00:00,000;7020;2024-08-22 00:00:00,000
7016;2024-07-18 00:00:00,000;"L004";"S10044";55;108;108;2024-07-22 00:00:00,000;2024-07-26 00:00:00,000;7022;2024-08-22 00:00:00,000
7027;2024-07-19 00:00:00,000;"L004";"A10020";45;165;165;2024-07-24 00:00:00,000;2024-07-29 00:00:00,000;7034;2024-08-29 00:00:00,000
7030;2024-07-19 00:00:00,000;"L004";"A10029";10;357;357;2024-07-22 00:00:00,000;2024-07-25 00:00:00,000;7005;2024-08-22 00:00:00,000
7046;2024-07-22 00:00:00,000;"L004";"A10020";75;183;183;2024-07-26 00:00:00,000;2024-08-01 00:00:00,000;7084;2024-08-29 00:00:00,000
7087;2024-07-24 00:00:00,000;"L004";"S10031";20;46;46;2024-07-25 00:00:00,000;2024-08-01 00:00:00,000;7094;2024-08-29 00:00:00,000
7110;2024-07-25 00:00:00,000;"L004";"A10029";15;372;372;2024-07-29 00:00:00,000;2024-08-01 00:00:00,000;7099;2024-08-29 00:00:00,000
7128;2024-07-26 00:00:00,000;"L004";"A10020";45;176;176;2024-07-30 00:00:00,000;2024-08-06 00:00:00,000;7150;2024-09-05 00:00:00,000
7129;2024-07-26 00:00:00,000;"L004";"A10029";95;341;341;2024-07-29 00:00:00,000;2024-08-05 00:00:00,000;7131;2024-09-05 00:00:00,000
7162;2024-07-30 00:00:00,000;"L004";"S10031";125;47;47;2024-08-01 00:00:00,000;2024-08-06 00:00:00,000;7158;2024-09-05 00:00:00,000
7172;2024-07-31 00:00:00,000;"L004";"A10020";20;17;17;2024-08-05 00:00:00,000;2024-08-07 00:00:00,000;7172;2024-09-05 00:00:00,000
7174;2024-07-31 00:00:00,000;"L004";"A10029";75;392;392;2024-08-01 00:00:00,000;2024-08-05 00:00:00,000;7145;2024-09-05 00:00:00,000
7175;2024-07-31 00:00:00,000;"L004";"S10031";40;46;46;2024-08-02 00:00:00,000;2024-08-09 00:00:00,000;7199;2024-09-05 00:00:00,000
7181;2024-08-01 00:00:00,000;"L004";"A10002";60;47;47;2024-08-05 00:00:00,000;2024-08-07 00:00:00,000;7174;2024-09-05 00:00:00,000
7193;2024-08-01 00:00:00,000;"L004";"A10020";85;182;182;2024-08-05 00:00:00,000;2024-08-08 00:00:00,000;7190;2024-09-05 00:00:00,000
7224;2024-08-05 00:00:00,000;"L004";"A10029";30;407;407;2024-08-08 00:00:00,000;2024-08-12 00:00:00,000;7220;2024-09-12 00:00:00,000
7237;2024-08-06 00:00:00,000;"L004";"A10020";55;2;2;2024-08-08 00:00:00,000;2024-08-14 00:00:00,000;7243;2024-09-12 00:00:00,000
7248;2024-08-07 00:00:00,000;"L004";"A10002";55;48;48;2024-08-12 00:00:00,000;2024-08-15 00:00:00,000;7262;2024-09-12 00:00:00,000
7265;2024-08-07 00:00:00,000;"L004";"S10031";60;57;57;2024-08-08 00:00:00,000;2024-08-12 00:00:00,000;7227;2024-09-12 00:00:00,000
7283;2024-08-08 00:00:00,000;"L004";"S10044";25;104;104;2024-08-12 00:00:00,000;2024-08-19 00:00:00,000;7295;2024-09-19 00:00:00,000
7322;2024-08-13 00:00:00,000;"L004";"A10002";85;44;44;2024-08-19 00:00:00,000;2024-08-26 00:00:00,000;7368;2024-09-26 00:00:00,000
7332;2024-08-13 00:00:00,000;"L004";"S10044";85;118;118;2024-08-15 00:00:00,000;2024-08-19 00:00:00,000;7322;2024-09-19 00:00:00,000
7353;2024-08-14 00:00:00,000;"L004";"S10047";45;272;272;2024-08-19 00:00:00,000;2024-08-26 00:00:00,000;7372;2024-09-26 00:00:00,000
7366;2024-08-15 00:00:00,000;"L004";"A10020";155;175;175;2024-08-19 00:00:00,000;2024-08-23 00:00:00,000;7362;2024-09-19 00:00:00,000
7404;2024-08-20 00:00:00,000;"L004";"A10020";20;19;19;2024-08-23 00:00:00,000;2024-08-26 00:00:00,000;7399;2024-09-26 00:00:00,000
7415;2024-08-21 00:00:00,000;"L004";"A10010";50;19;19;2024-08-22 00:00:00,000;2024-08-26 00:00:00,000;7401;2024-09-26 00:00:00,000
7430;2024-08-22 00:00:00,000;"L004";"A10020";15;152;152;2024-08-27 00:00:00,000;2024-09-02 00:00:00,000;7449;2024-10-03 00:00:00,000
7449;2024-08-23 00:00:00,000;"L004";"A10020";30;182;182;2024-08-26 00:00:00,000;2024-09-02 00:00:00,000;7456;2024-10-03 00:00:00,000
7498;2024-08-28 00:00:00,000;"L004";"A10020";15;171;171;2024-09-02 00:00:00,000;2024-09-02 00:00:00,000;7468;2024-10-03 00:00:00,000
7510;2024-08-28 00:00:00,000;"L004";"S10047";65;24;24;2024-09-02 00:00:00,000;2024-09-06 00:00:00,000;7522;2024-10-03 00:00:00,000
7527;2024-08-29 00:00:00,000;"L004";"A10029";20;376;376;2024-09-02 00:00:00,000;2024-09-06 00:00:00,000;7524;2024-10-03 00:00:00,000
7556;2024-09-03 00:00:00,000;"L004";"A10029";75;37;37;2024-09-09 00:00:00,000;2024-09-10 00:00:00,000;7556;2024-10-10 00:00:00,000
7575;2024-09-04 00:00:00,000;"L004";"A10020";50;196;196;2024-09-09 00:00:00,000;2024-09-16 00:00:00,000;7605;2024-10-17 00:00:00,000
7580;2024-09-04 00:00:00,000;"L004";"A10029";35;376;376;2024-09-09 00:00:00,000;2024-09-13 00:00:00,000;7596;2024-10-10 00:00:00,000
7584;2024-09-04 00:00:00,000;"L004";"S10044";10;111;111;2024-09-06 00:00:00,000;2024-09-10 00:00:00,000;7560;2024-10-10 00:00:00,000
7591;2024-09-05 00:00:00,000;"L004";"A10007";75;629;629;2024-09-10 00:00:00,000;2024-09-16 00:00:00,000;7612;2024-10-17 00:00:00,000
7614;2024-09-06 00:00:00,000;"L004";"A10007";35;61;61;2024-09-11 00:00:00,000;2024-09-16 00:00:00,000;7621;2024-10-17 00:00:00,000
7642;2024-09-10 00:00:00,000;"L004";"A10020";75;186;186;2024-09-13 00:00:00,000;2024-09-20 00:00:00,000;7664;2024-10-17 00:00:00,000
7661;2024-09-11 00:00:00,000;"L004";"S10031";20;47;47;2024-09-16 00:00:00,000;2024-09-20 00:00:00,000;7667;2024-10-17 00:00:00,000
7673;2024-09-12 00:00:00,000;"L004";"A10029";15;393;393;2024-09-17 00:00:00,000;2024-09-23 00:00:00,000;7683;2024-10-24 00:00:00,000
7674;2024-09-12 00:00:00,000;"L004";"S10031";30;51;51;2024-09-16 00:00:00,000;2024-09-23 00:00:00,000;7684;2024-10-24 00:00:00,000
7722;2024-09-18 00:00:00,000;"L004";"A10020";50;166;166;2024-09-19 00:00:00,000;2024-09-25 00:00:00,000;7719;2024-10-24 00:00:00,000
7748;2024-09-19 00:00:00,000;"L004";"A10029";10;355;355;2024-09-23 00:00:00,000;2024-09-25 00:00:00,000;7723;2024-10-24 00:00:00,000
7749;2024-09-19 00:00:00,000;"L004";"S10031";95;51;51;2024-09-23 00:00:00,000;2024-09-30 00:00:00,000;7769;2024-10-31 00:00:00,000
7793;2024-09-23 00:00:00,000;"L004";"S10044";30;104;104;2024-09-30 00:00:00,000;2024-10-03 00:00:00,000;7830;2024-10-31 00:00:00,000
7831;2024-09-25 00:00:00,000;"L004";"A10020";75;172;172;2024-09-26 00:00:00,000;2024-10-02 00:00:00,000;7821;2024-10-31 00:00:00,000
7841;2024-09-25 00:00:00,000;"L004";"S10047";15;248;248;2024-09-30 00:00:00,000;2024-10-04 00:00:00,000;7852;2024-10-31 00:00:00,000
7843;2024-09-26 00:00:00,000;"L004";"A10002";30;4;4;2024-09-30 00:00:00,000;2024-10-02 00:00:00,000;7822;2024-10-31 00:00:00,000
7849;2024-09-26 00:00:00,000;"L004";"A10020";30;198;198;2024-10-01 00:00:00,000;2024-10-04 00:00:00,000;7853;2024-10-31 00:00:00,000
7851;2024-09-26 00:00:00,000;"L004";"A10029";25;361;361;2024-09-30 00:00:00,000;2024-10-02 00:00:00,000;7825;2024-10-31 00:00:00,000
7855;2024-09-26 00:00:00,000;"L004";"S10047";25;299;299;2024-09-30 00:00:00,000;2024-10-02 00:00:00,000;7827;2024-10-31 00:00:00,000
7861;2024-09-27 00:00:00,000;"L004";"A10007";15;627;627;2024-10-02 00:00:00,000;2024-10-07 00:00:00,000;7869;2024-11-07 00:00:00,000
7898;2024-10-01 00:00:00,000;"L004";"A10029";45;397;397;2024-10-07 00:00:00,000;2024-10-08 00:00:00,000;7895;2024-11-07 00:00:00,000
7899;2024-10-01 00:00:00,000;"L004";"S10031";105;51;51;2024-10-02 00:00:00,000;2024-10-07 00:00:00,000;7878;2024-11-07 00:00:00,000
7932;2024-10-02 00:00:00,000;"L004";"S10044";15;114;114;2024-10-07 00:00:00,000;2024-10-14 00:00:00,000;7943;2024-11-14 00:00:00,000
7933;2024-10-02 00:00:00,000;"L004";"S10047";40;259;259;2024-10-04 00:00:00,000;2024-10-10 00:00:00,000;7921;2024-11-07 00:00:00,000
8016;2024-10-11 00:00:00,000;"L004";"S10031";35;51;51;2024-10-15 00:00:00,000;2024-10-21 00:00:00,000;8019;2024-11-21 00:00:00,000
8023;2024-10-14 00:00:00,000;"L004";"A10007";50;73;73;2024-10-17 00:00:00,000;2024-10-22 00:00:00,000;8046;2024-11-21 00:00:00,000
8051;2024-10-16 00:00:00,000;"L004";"A10002";35;45;45;2024-10-17 00:00:00,000;2024-10-22 00:00:00,000;8052;2024-11-21 00:00:00,000
8075;2024-10-16 00:00:00,000;"L004";"S10044";50;113;113;2024-10-21 00:00:00,000;2024-10-24 00:00:00,000;8083;2024-11-21 00:00:00,000
8080;2024-10-17 00:00:00,000;"L004";"A10002";10;45;45;2024-10-21 00:00:00,000;2024-10-25 00:00:00,000;8099;2024-11-21 00:00:00,000
8090;2024-10-17 00:00:00,000;"L004";"A10020";25;199;199;2024-10-18 00:00:00,000;2024-10-23 00:00:00,000;8073;2024-11-21 00:00:00,000
8100;2024-10-17 00:00:00,000;"L004";"S10044";55;101;101;2024-10-21 00:00:00,000;2024-10-24 00:00:00,000;8089;2024-11-21 00:00:00,000
8137;2024-10-21 00:00:00,000;"L004";"A10020";25;189;189;2024-10-23 00:00:00,000;2024-10-25 00:00:00,000;8113;2024-11-21 00:00:00,000
8143;2024-10-21 00:00:00,000;"L004";"S10044";20;12;12;2024-10-22 00:00:00,000;2024-10-28 00:00:00,000;8135;2024-11-28 00:00:00,000
8201;2024-10-25 00:00:00,000;"L004";"S10044";65;109;109;2024-10-28 00:00:00,000;2024-11-01 00:00:00,000;8190;2024-11-28 00:00:00,000
8242;2024-10-30 00:00:00,000;"L004";"S10044";55;11;11;2024-11-04 00:00:00,000;2024-11-07 00:00:00,000;8243;2024-12-05 00:00:00,000
8244;2024-10-30 00:00:00,000;"L004";"S10047";10;257;257;2024-11-04 00:00:00,000;2024-11-08 00:00:00,000;8253;2024-12-05 00:00:00,000
8281;2024-11-05 00:00:00,000;"L004";"A10007";40;669;669;2024-11-06 00:00:00,000;2024-11-12 00:00:00,000;8286;2024-12-12 00:00:00,000
8358;2024-11-11 00:00:00,000;"L004";"A10020";15;184;184;2024-11-12 00:00:00,000;2024-11-18 00:00:00,000;8353;2024-12-19 00:00:00,000
8369;2024-11-12 00:00:00,000;"L004";"A10002";40;4;4;2024-11-14 00:00:00,000;2024-11-18 00:00:00,000;8359;2024-12-19 00:00:00,000
8379;2024-11-12 00:00:00,000;"L004";"S10044";20;103;103;2024-11-13 00:00:00,000;2024-11-18 00:00:00,000;8362;2024-12-19 00:00:00,000
8391;2024-11-13 00:00:00,000;"L004";"A10020";55;189;189;2024-11-18 00:00:00,000;2024-11-18 00:00:00,000;8365;2024-12-19 00:00:00,000
8409;2024-11-14 00:00:00,000;"L004";"A10020";65;201;201;2024-11-18 00:00:00,000;2024-11-25 00:00:00,000;8419;1900-01-01 00:00:00,000
8426;2024-11-18 00:00:00,000;"L004";"A10010";80;15;15;2024-11-22 00:00:00,000;2024-11-27 00:00:00,000;8453;1900-01-01 00:00:00,000
8443;2024-11-19 00:00:00,000;"L004";"A10029";70;419;419;2024-11-21 00:00:00,000;2024-11-26 00:00:00,000;8441;1900-01-01 00:00:00,000
8446;2024-11-19 00:00:00,000;"L004";"S10047";30;273;273;2024-11-25 00:00:00,000;2024-11-29 00:00:00,000;8477;1900-01-01 00:00:00,000
8459;2024-11-20 00:00:00,000;"L004";"A10020";45;154;154;2024-11-25 00:00:00,000;2024-12-02 00:00:00,000;8496;1900-01-01 00:00:00,000
8490;2024-11-21 00:00:00,000;"L004";"S10044";85;99;99;2024-11-25 00:00:00,000;2024-11-26 00:00:00,000;8450;1900-01-01 00:00:00,000
8503;2024-11-22 00:00:00,000;"L004";"A10020";20;187;187;2024-11-25 00:00:00,000;2024-12-02 00:00:00,000;8507;1900-01-01 00:00:00,000
8536;2024-11-26 00:00:00,000;"L004";"A10010";20;183;183;2024-12-02 00:00:00,000;2024-12-06 00:00:00,000;8584;1900-01-01 00:00:00,000
8550;2024-11-26 00:00:00,000;"L004";"S10031";30;51;51;2024-12-02 00:00:00,000;2024-12-03 00:00:00,000;8545;1900-01-01 00:00:00,000
8556;2024-11-26 00:00:00,000;"L004";"S10047";20;28;28;2024-11-28 00:00:00,000;2024-12-03 00:00:00,000;8547;1900-01-01 00:00:00,000
8611;2024-12-02 00:00:00,000;"L004";"A10002";35;45;45;2024-12-04 00:00:00,000;2024-12-09 00:00:00,000;8612;1900-01-01 00:00:00,000
8651;2024-12-04 00:00:00,000;"L004";"A10010";85;164;164;2024-12-06 00:00:00,000;2024-12-10 00:00:00,000;8643;1900-01-01 00:00:00,000
8696;2024-12-06 00:00:00,000;"L004";"A10029";50;355;355;2024-12-09 00:00:00,000;2024-12-09 00:00:00,000;8636;1900-01-01 00:00:00,000
8701;2024-12-06 00:00:00,000;"L004";"S10047";15;226;226;2024-12-10 00:00:00,000;2024-12-16 00:00:00,000;8705;1900-01-01 00:00:00,000
8714;2024-12-09 00:00:00,000;"L004";"A10029";65;349;349;2024-12-16 00:00:00,000;2024-12-16 00:00:00,000;8709;1900-01-01 00:00:00,000
8765;2024-12-12 00:00:00,000;"L004";"S10031";25;44;44;2024-12-13 00:00:00,000;2024-12-17 00:00:00,000;8734;1900-01-01 00:00:00,000
8774;2024-12-13 00:00:00,000;"L004";"A10002";95;45;45;2024-12-16 00:00:00,000;2024-12-23 00:00:00,000;8794;1900-01-01 00:00:00,000
8789;2024-12-13 00:00:00,000;"L004";"S10031";95;49;49;2024-12-16 00:00:00,000;2024-12-23 00:00:00,000;8797;1900-01-01 00:00:00,000
8846;2024-12-18 00:00:00,000;"L004";"A10020";55;183;183;2024-12-20 00:00:00,000;2024-12-23 00:00:00,000;8813;1900-01-01 00:00:00,000
8852;2024-12-18 00:00:00,000;"L004";"S10044";30;104;104;2024-12-20 00:00:00,000;2024-12-27 00:00:00,000;8849;1900-01-01 00:00:00,000
8888;2024-12-20 00:00:00,000;"L004";"S10044";10;103;103;2024-12-24 00:00:00,000;2024-12-31 00:00:00,000;8908;1900-01-01 00:00:00,000
8916;2024-12-24 00:00:00,000;"L004";"A10020";105;186;186;2024-12-27 00:00:00,000;2024-12-31 00:00:00,000;8912;1900-01-01 00:00:00,000
8920;2024-12-24 00:00:00,000;"L004";"S10031";10;46;46;2024-12-27 00:00:00,000;2024-12-31 00:00:00,000;8914;1900-01-01 00:00:00,000
8942;2024-12-27 00:00:00,000;"L004";"A10020";75;169;0;2024-12-30 00:00:00,000;1900-01-01 00:00:00,000;0;1900-01-01 00:00:00,000
8965;2024-12-30 00:00:00,000;"L004";"A10020";110;197;0;1900-01-01 00:00:00,000;1900-01-01 00:00:00,000;0;1900-01-01 00:00:00,000
8982;2024-12-31 00:00:00,000;"L004";"S10031";35;48;0;1900-01-01 00:00:00,000;1900-01-01 00:00:00,000;0;1900-01-01 00:00:00,000
4125;2023-11-27 00:00:00,000;"L002";"S10036";15;199;199;2023-11-30 00:00:00,000;2023-12-04 00:00:00,000;4121;2024-01-04 00:00:00,000
4138;2023-11-28 00:00:00,000;"L002";"A10015";15;235;235;2023-12-04 00:00:00,000;2023-12-07 00:00:00,000;4169;2024-01-04 00:00:00,000
4271;2023-12-06 00:00:00,000;"L006";"S10033";70;75;75;2023-12-11 00:00:00,000;2023-12-12 00:00:00,000;4246;2024-01-11 00:00:00,000
4428;2023-12-20 00:00:00,000;"L002";"S10036";40;191;191;2023-12-22 00:00:00,000;2023-12-27 00:00:00,000;4410;2024-01-25 00:00:00,000
4442;2023-12-21 00:00:00,000;"L002";"A10015";10;238;238;2023-12-27 00:00:00,000;2023-12-27 00:00:00,000;4415;2024-01-25 00:00:00,000
4451;2023-12-21 00:00:00,000;"L006";"S10033";15;77;77;2023-12-27 00:00:00,000;2024-01-02 00:00:00,000;4457;2024-02-01 00:00:00,000
4464;2023-12-22 00:00:00,000;"L002";"S10036";80;192;192;2023-12-27 00:00:00,000;2024-01-02 00:00:00,000;4464;2024-02-01 00:00:00,000
4480;2023-12-27 00:00:00,000;"L002";"S10036";15;186;186;2023-12-29 00:00:00,000;2024-01-02 00:00:00,000;4469;2024-02-01 00:00:00,000
4494;2023-12-28 00:00:00,000;"L006";"S10033";15;76;76;2024-01-02 00:00:00,000;2024-01-05 00:00:00,000;4498;2024-02-01 00:00:00,000
4495;2023-12-28 00:00:00,000;"L002";"S10040";35;451;451;2024-01-02 00:00:00,000;2024-01-04 00:00:00,000;4492;2024-02-01 00:00:00,000
4527;2024-01-02 00:00:00,000;"L006";"S10033";100;74;74;2024-01-03 00:00:00,000;2024-01-05 00:00:00,000;4503;2024-02-01 00:00:00,000
4529;2024-01-02 00:00:00,000;"L002";"S10036";10;192;192;2024-01-04 00:00:00,000;2024-01-09 00:00:00,000;4528;2024-02-08 00:00:00,000
4537;2024-01-03 00:00:00,000;"L002";"A10015";70;258;258;2024-01-08 00:00:00,000;2024-01-10 00:00:00,000;4545;2024-02-08 00:00:00,000
4541;2024-01-03 00:00:00,000;"L002";"S10036";25;181;181;2024-01-05 00:00:00,000;2024-01-09 00:00:00,000;4531;2024-02-08 00:00:00,000
4553;2024-01-04 00:00:00,000;"L002";"A10015";35;233;233;2024-01-08 00:00:00,000;2024-01-09 00:00:00,000;4534;2024-02-08 00:00:00,000
4586;2024-01-08 00:00:00,000;"L006";"S10033";15;81;81;2024-01-11 00:00:00,000;2024-01-17 00:00:00,000;4613;2024-02-15 00:00:00,000
4608;2024-01-09 00:00:00,000;"L006";"S10033";20;74;74;2024-01-12 00:00:00,000;2024-01-16 00:00:00,000;4601;2024-02-15 00:00:00,000
4609;2024-01-09 00:00:00,000;"L002";"S10040";85;519;519;2024-01-11 00:00:00,000;2024-01-18 00:00:00,000;4631;2024-02-15 00:00:00,000
4625;2024-01-10 00:00:00,000;"L002";"A10015";30;239;239;2024-01-15 00:00:00,000;2024-01-19 00:00:00,000;4651;2024-02-15 00:00:00,000
4717;2024-01-17 00:00:00,000;"L002";"A10015";90;241;241;2024-01-22 00:00:00,000;2024-01-24 00:00:00,000;4717;2024-02-22 00:00:00,000
4720;2024-01-17 00:00:00,000;"L002";"S10040";15;455;455;2024-01-19 00:00:00,000;2024-01-25 00:00:00,000;4727;2024-02-22 00:00:00,000
4766;2024-01-22 00:00:00,000;"L006";"S10033";30;7;7;2024-01-25 00:00:00,000;2024-02-01 00:00:00,000;4798;2024-02-29 00:00:00,000
4849;2024-01-29 00:00:00,000;"L002";"A10015";15;286;286;2024-02-01 00:00:00,000;2024-02-05 00:00:00,000;4844;2024-03-07 00:00:00,000
4881;2024-01-31 00:00:00,000;"L002";"A10015";15;219;219;2024-02-02 00:00:00,000;2024-02-07 00:00:00,000;4878;2024-03-07 00:00:00,000
4911;2024-02-02 00:00:00,000;"L006";"S10033";25;76;76;2024-02-05 00:00:00,000;2024-02-12 00:00:00,000;4913;2024-03-14 00:00:00,000
5003;2024-02-12 00:00:00,000;"L002";"A10015";10;218;218;2024-02-16 00:00:00,000;2024-02-23 00:00:00,000;5058;2024-03-21 00:00:00,000
5029;2024-02-13 00:00:00,000;"L002";"A10015";65;244;244;2024-02-16 00:00:00,000;2024-02-19 00:00:00,000;5013;2024-03-21 00:00:00,000
5036;2024-02-13 00:00:00,000;"L006";"S10033";10;81;81;2024-02-19 00:00:00,000;2024-02-26 00:00:00,000;5069;2024-03-28 00:00:00,000
5087;2024-02-19 00:00:00,000;"L002";"A10015";35;253;253;2024-02-23 00:00:00,000;2024-02-29 00:00:00,000;5141;2024-03-28 00:00:00,000
5122;2024-02-20 00:00:00,000;"L006";"S10033";65;82;82;2024-02-22 00:00:00,000;2024-02-28 00:00:00,000;5127;2024-03-28 00:00:00,000
5140;2024-02-21 00:00:00,000;"L002";"A10015";30;255;255;2024-02-26 00:00:00,000;2024-02-29 00:00:00,000;5152;2024-03-28 00:00:00,000
5153;2024-02-21 00:00:00,000;"L006";"S10033";25;69;69;2024-02-26 00:00:00,000;2024-02-28 00:00:00,000;5135;2024-03-28 00:00:00,000
5225;2024-02-28 00:00:00,000;"L006";"S10033";70;79;79;2024-03-04 00:00:00,000;2024-03-11 00:00:00,000;5260;2024-04-11 00:00:00,000
5228;2024-02-28 00:00:00,000;"L002";"S10040";60;476;476;2024-02-29 00:00:00,000;2024-03-06 00:00:00,000;5219;2024-04-04 00:00:00,000
5241;2024-02-29 00:00:00,000;"L002";"A10015";70;273;273;2024-03-04 00:00:00,000;2024-03-08 00:00:00,000;5247;2024-04-04 00:00:00,000
5261;2024-03-01 00:00:00,000;"L002";"A10015";20;238;238;2024-03-04 00:00:00,000;2024-03-06 00:00:00,000;5226;2024-04-04 00:00:00,000
5267;2024-03-01 00:00:00,000;"L006";"S10033";30;79;79;2024-03-04 00:00:00,000;2024-03-08 00:00:00,000;5255;2024-04-04 00:00:00,000
5279;2024-03-04 00:00:00,000;"L002";"A10015";45;241;241;2024-03-08 00:00:00,000;2024-03-12 00:00:00,000;5290;2024-04-11 00:00:00,000
5286;2024-03-04 00:00:00,000;"L002";"S10036";10;2;2;2024-03-05 00:00:00,000;2024-03-11 00:00:00,000;5279;2024-04-11 00:00:00,000
5374;2024-03-12 00:00:00,000;"L006";"S10033";40;84;84;2024-03-18 00:00:00,000;2024-03-25 00:00:00,000;5430;2024-04-25 00:00:00,000
5376;2024-03-12 00:00:00,000;"L002";"S10036";15;219;219;2024-03-18 00:00:00,000;2024-03-21 00:00:00,000;5401;2024-04-18 00:00:00,000
5413;2024-03-14 00:00:00,000;"L002";"A10013";45;284;284;2024-03-18 00:00:00,000;2024-03-21 00:00:00,000;5408;2024-04-18 00:00:00,000
5452;2024-03-18 00:00:00,000;"L002";"A10015";90;27;27;2024-03-22 00:00:00,000;2024-03-26 00:00:00,000;5464;2024-04-25 00:00:00,000
5483;2024-03-20 00:00:00,000;"L002";"A10015";50;257;257;2024-03-25 00:00:00,000;2024-03-29 00:00:00,000;5511;2024-04-25 00:00:00,000
5494;2024-03-20 00:00:00,000;"L002";"S10036";100;222;222;2024-03-22 00:00:00,000;2024-03-27 00:00:00,000;5488;2024-04-25 00:00:00,000
5522;2024-03-22 00:00:00,000;"L002";"A10013";10;264;264;2024-03-25 00:00:00,000;2024-03-27 00:00:00,000;5496;2024-04-25 00:00:00,000
5585;2024-03-27 00:00:00,000;"L006";"S10033";50;79;79;2024-03-29 00:00:00,000;2024-04-03 00:00:00,000;5588;2024-05-02 00:00:00,000
5615;2024-03-28 00:00:00,000;"L002";"S10040";10;491;491;2024-04-02 00:00:00,000;2024-04-03 00:00:00,000;5592;2024-05-02 00:00:00,000
5635;2024-03-29 00:00:00,000;"L002";"A10015";50;257;257;2024-04-02 00:00:00,000;2024-04-04 00:00:00,000;5610;2024-05-02 00:00:00,000
5721;2024-04-09 00:00:00,000;"L002";"A10015";15;266;266;2024-04-12 00:00:00,000;2024-04-19 00:00:00,000;5771;2024-05-16 00:00:00,000
5730;2024-04-09 00:00:00,000;"L006";"S10033";90;73;73;2024-04-11 00:00:00,000;2024-04-16 00:00:00,000;5734;2024-05-16 00:00:00,000
5825;2024-04-16 00:00:00,000;"L002";"S10036";15;187;187;2024-04-22 00:00:00,000;2024-04-26 00:00:00,000;5847;2024-05-23 00:00:00,000
5832;2024-04-17 00:00:00,000;"L002";"A10015";30;22;22;2024-04-22 00:00:00,000;2024-04-26 00:00:00,000;5848;2024-05-23 00:00:00,000
5866;2024-04-19 00:00:00,000;"L006";"S10033";65;76;76;2024-04-22 00:00:00,000;2024-04-26 00:00:00,000;5855;2024-05-23 00:00:00,000
5892;2024-04-22 00:00:00,000;"L002";"S10036";20;207;207;2024-04-29 00:00:00,000;2024-04-30 00:00:00,000;5898;2024-05-30 00:00:00,000
5991;2024-04-29 00:00:00,000;"L002";"S10036";30;211;211;2024-05-06 00:00:00,000;2024-05-10 00:00:00,000;6026;2024-06-06 00:00:00,000
6038;2024-05-02 00:00:00,000;"L002";"A10015";50;239;239;2024-05-06 00:00:00,000;2024-05-13 00:00:00,000;6056;2024-06-13 00:00:00,000
6048;2024-05-02 00:00:00,000;"L006";"S10033";65;77;77;2024-05-06 00:00:00,000;2024-05-10 00:00:00,000;6041;2024-06-06 00:00:00,000
6112;2024-05-10 00:00:00,000;"L002";"A10015";15;232;232;2024-05-13 00:00:00,000;2024-05-14 00:00:00,000;6080;2024-06-13 00:00:00,000
6137;2024-05-13 00:00:00,000;"L006";"S10033";90;82;82;2024-05-17 00:00:00,000;2024-05-21 00:00:00,000;6136;2024-06-20 00:00:00,000
6139;2024-05-13 00:00:00,000;"L002";"S10036";65;193;193;2024-05-21 00:00:00,000;2024-05-22 00:00:00,000;6162;2024-06-20 00:00:00,000
6160;2024-05-14 00:00:00,000;"L002";"S10036";25;184;184;2024-05-21 00:00:00,000;2024-05-27 00:00:00,000;6195;2024-06-27 00:00:00,000
6192;2024-05-16 00:00:00,000;"L006";"S10033";40;8;8;2024-05-21 00:00:00,000;2024-05-27 00:00:00,000;6200;2024-06-27 00:00:00,000
6231;2024-05-22 00:00:00,000;"L002";"A10015";45;258;258;2024-05-27 00:00:00,000;2024-06-03 00:00:00,000;6272;2024-07-04 00:00:00,000
6244;2024-05-23 00:00:00,000;"L002";"A10015";40;269;269;2024-05-24 00:00:00,000;2024-05-29 00:00:00,000;6234;2024-06-27 00:00:00,000
6253;2024-05-23 00:00:00,000;"L006";"S10033";20;67;67;2024-05-27 00:00:00,000;2024-05-28 00:00:00,000;6222;2024-06-27 00:00:00,000
6270;2024-05-24 00:00:00,000;"L002";"A10015";30;253;253;2024-05-27 00:00:00,000;2024-06-03 00:00:00,000;6282;2024-07-04 00:00:00,000
6351;2024-05-30 00:00:00,000;"L002";"A10015";80;214;214;2024-06-03 00:00:00,000;2024-06-07 00:00:00,000;6355;2024-07-04 00:00:00,000
6372;2024-05-31 00:00:00,000;"L002";"S10036";25;199;199;2024-06-03 00:00:00,000;2024-06-04 00:00:00,000;6323;2024-07-04 00:00:00,000
6478;2024-06-12 00:00:00,000;"L002";"S10036";30;192;192;2024-06-13 00:00:00,000;2024-06-18 00:00:00,000;6458;2024-07-18 00:00:00,000
6518;2024-06-14 00:00:00,000;"L006";"S10033";30;74;74;2024-06-17 00:00:00,000;2024-06-18 00:00:00,000;6462;2024-07-18 00:00:00,000
6519;2024-06-14 00:00:00,000;"L002";"S10036";25;21;21;2024-06-17 00:00:00,000;2024-06-20 00:00:00,000;6496;2024-07-18 00:00:00,000
6522;2024-06-14 00:00:00,000;"L002";"S10040";80;5;5;2024-06-17 00:00:00,000;2024-06-20 00:00:00,000;6498;2024-07-18 00:00:00,000
6541;2024-06-17 00:00:00,000;"L006";"S10033";95;76;76;2024-06-19 00:00:00,000;2024-06-21 00:00:00,000;6509;2024-07-18 00:00:00,000
6572;2024-06-19 00:00:00,000;"L002";"A10013";55;296;296;2024-06-21 00:00:00,000;2024-06-25 00:00:00,000;6564;2024-07-25 00:00:00,000
6583;2024-06-19 00:00:00,000;"L006";"S10033";100;88;88;2024-06-21 00:00:00,000;2024-06-27 00:00:00,000;6589;2024-07-25 00:00:00,000
6603;2024-06-20 00:00:00,000;"L006";"S10033";50;79;79;2024-06-24 00:00:00,000;2024-06-28 00:00:00,000;6611;2024-07-25 00:00:00,000
6629;2024-06-21 00:00:00,000;"L006";"S10033";25;86;86;2024-06-24 00:00:00,000;2024-07-01 00:00:00,000;6634;2024-08-01 00:00:00,000
6630;2024-06-21 00:00:00,000;"L002";"S10036";35;191;191;2024-06-24 00:00:00,000;2024-06-27 00:00:00,000;6601;2024-07-25 00:00:00,000
6643;2024-06-24 00:00:00,000;"L002";"A10015";10;245;245;2024-06-26 00:00:00,000;2024-07-02 00:00:00,000;6655;2024-08-01 00:00:00,000
6740;2024-07-01 00:00:00,000;"L002";"A10013";20;228;228;2024-07-03 00:00:00,000;2024-07-08 00:00:00,000;6736;2024-08-08 00:00:00,000
6742;2024-07-01 00:00:00,000;"L002";"A10015";180;219;219;2024-07-03 00:00:00,000;2024-07-08 00:00:00,000;6737;2024-08-08 00:00:00,000
6755;2024-07-01 00:00:00,000;"L006";"S10033";65;81;81;2024-07-04 00:00:00,000;2024-07-09 00:00:00,000;6760;2024-08-08 00:00:00,000
6761;2024-07-01 00:00:00,000;"L002";"S10040";20;51;51;2024-07-05 00:00:00,000;2024-07-10 00:00:00,000;6765;2024-08-08 00:00:00,000
6781;2024-07-03 00:00:00,000;"L002";"A10015";15;254;254;2024-07-05 00:00:00,000;2024-07-10 00:00:00,000;6770;2024-08-08 00:00:00,000
6808;2024-07-05 00:00:00,000;"L002";"A10015";50;224;224;2024-07-08 00:00:00,000;2024-07-11 00:00:00,000;6792;2024-08-08 00:00:00,000
6903;2024-07-12 00:00:00,000;"L002";"A10013";10;264;264;2024-07-15 00:00:00,000;2024-07-22 00:00:00,000;6914;2024-08-22 00:00:00,000
6943;2024-07-15 00:00:00,000;"L006";"S10033";20;73;73;2024-07-18 00:00:00,000;2024-07-23 00:00:00,000;6952;2024-08-22 00:00:00,000
6963;2024-07-16 00:00:00,000;"L002";"A10013";20;264;264;2024-07-22 00:00:00,000;2024-07-29 00:00:00,000;7026;2024-08-29 00:00:00,000
6964;2024-07-16 00:00:00,000;"L002";"A10015";25;244;244;2024-07-18 00:00:00,000;2024-07-25 00:00:00,000;6992;2024-08-22 00:00:00,000
7012;2024-07-18 00:00:00,000;"L006";"S10033";65;76;76;2024-07-23 00:00:00,000;2024-07-29 00:00:00,000;7030;2024-08-29 00:00:00,000
7077;2024-07-24 00:00:00,000;"L002";"A10013";95;25;25;2024-07-25 00:00:00,000;2024-07-29 00:00:00,000;7054;2024-08-29 00:00:00,000
7102;2024-07-25 00:00:00,000;"L002";"A10015";25;244;244;2024-07-30 00:00:00,000;2024-08-05 00:00:00,000;7121;2024-09-05 00:00:00,000
7112;2024-07-25 00:00:00,000;"L002";"S10036";5;203;203;2024-07-29 00:00:00,000;2024-08-01 00:00:00,000;7100;2024-08-29 00:00:00,000
7125;2024-07-26 00:00:00,000;"L002";"A10015";20;24;24;2024-07-29 00:00:00,000;2024-08-05 00:00:00,000;7130;2024-09-05 00:00:00,000
7145;2024-07-29 00:00:00,000;"L006";"S10033";10;8;8;2024-07-31 00:00:00,000;2024-08-05 00:00:00,000;7139;2024-09-05 00:00:00,000
7176;2024-07-31 00:00:00,000;"L006";"S10033";25;8;8;2024-08-01 00:00:00,000;2024-08-07 00:00:00,000;7173;2024-09-05 00:00:00,000
7199;2024-08-01 00:00:00,000;"L006";"S10033";60;76;76;2024-08-02 00:00:00,000;2024-08-07 00:00:00,000;7178;2024-09-05 00:00:00,000
7256;2024-08-07 00:00:00,000;"L002";"A10015";80;244;244;2024-08-12 00:00:00,000;2024-08-16 00:00:00,000;7272;2024-09-12 00:00:00,000
7294;2024-08-09 00:00:00,000;"L002";"A10015";15;26;26;2024-08-12 00:00:00,000;2024-08-16 00:00:00,000;7282;2024-09-12 00:00:00,000
7313;2024-08-12 00:00:00,000;"L002";"A10013";30;253;253;2024-08-13 00:00:00,000;2024-08-19 00:00:00,000;7311;2024-09-19 00:00:00,000
7421;2024-08-21 00:00:00,000;"L002";"S10040";15;474;474;2024-08-26 00:00:00,000;2024-08-29 00:00:00,000;7432;2024-09-26 00:00:00,000
7464;2024-08-26 00:00:00,000;"L002";"A10013";70;252;252;2024-08-28 00:00:00,000;2024-09-04 00:00:00,000;7488;2024-10-03 00:00:00,000
7474;2024-08-27 00:00:00,000;"L002";"A10013";45;251;251;2024-09-02 00:00:00,000;2024-09-09 00:00:00,000;7532;2024-10-10 00:00:00,000
7504;2024-08-28 00:00:00,000;"L006";"S10033";105;79;79;2024-09-02 00:00:00,000;2024-09-04 00:00:00,000;7500;2024-10-03 00:00:00,000
7529;2024-08-29 00:00:00,000;"L006";"S10033";170;79;79;2024-09-02 00:00:00,000;2024-09-05 00:00:00,000;7509;2024-10-03 00:00:00,000
7557;2024-09-03 00:00:00,000;"L006";"S10033";100;79;79;2024-09-04 00:00:00,000;2024-09-06 00:00:00,000;7530;2024-10-03 00:00:00,000
7572;2024-09-04 00:00:00,000;"L002";"A10015";80;282;282;2024-09-09 00:00:00,000;2024-09-11 00:00:00,000;7570;2024-10-10 00:00:00,000
7581;2024-09-04 00:00:00,000;"L002";"S10036";85;214;214;2024-09-09 00:00:00,000;2024-09-11 00:00:00,000;7572;2024-10-10 00:00:00,000
7605;2024-09-05 00:00:00,000;"L002";"S10036";65;191;191;2024-09-09 00:00:00,000;2024-09-16 00:00:00,000;7617;2024-10-17 00:00:00,000
7617;2024-09-06 00:00:00,000;"L002";"A10015";40;245;245;2024-09-09 00:00:00,000;2024-09-13 00:00:00,000;7601;2024-10-10 00:00:00,000
7620;2024-09-06 00:00:00,000;"L006";"S10033";15;8;8;2024-09-10 00:00:00,000;2024-09-16 00:00:00,000;7623;2024-10-17 00:00:00,000
7645;2024-09-10 00:00:00,000;"L006";"S10033";35;69;69;2024-09-11 00:00:00,000;2024-09-16 00:00:00,000;7634;2024-10-17 00:00:00,000
7656;2024-09-11 00:00:00,000;"L002";"A10015";35;277;277;2024-09-16 00:00:00,000;2024-09-23 00:00:00,000;7678;2024-10-24 00:00:00,000
7683;2024-09-13 00:00:00,000;"L002";"A10015";30;254;254;2024-09-18 00:00:00,000;2024-09-24 00:00:00,000;7703;2024-10-24 00:00:00,000
7706;2024-09-17 00:00:00,000;"L002";"S10040";70;48;48;2024-09-18 00:00:00,000;2024-09-20 00:00:00,000;7675;2024-10-17 00:00:00,000
7729;2024-09-18 00:00:00,000;"L006";"S10033";65;77;77;2024-09-19 00:00:00,000;2024-09-25 00:00:00,000;7720;2024-10-24 00:00:00,000
7750;2024-09-19 00:00:00,000;"L006";"S10033";75;88;88;2024-09-23 00:00:00,000;2024-09-30 00:00:00,000;7770;2024-10-31 00:00:00,000
7787;2024-09-23 00:00:00,000;"L006";"S10033";75;88;88;2024-09-24 00:00:00,000;2024-09-30 00:00:00,000;7785;2024-10-31 00:00:00,000
7828;2024-09-25 00:00:00,000;"L002";"A10015";85;256;256;2024-09-30 00:00:00,000;2024-10-07 00:00:00,000;7862;2024-11-07 00:00:00,000
7837;2024-09-25 00:00:00,000;"L002";"S10036";35;192;192;2024-09-27 00:00:00,000;2024-09-30 00:00:00,000;7799;2024-10-31 00:00:00,000
7887;2024-10-01 00:00:00,000;"L002";"A10015";70;23;23;2024-10-07 00:00:00,000;2024-10-14 00:00:00,000;7936;2024-11-14 00:00:00,000
7900;2024-10-01 00:00:00,000;"L006";"S10033";85;83;83;2024-10-02 00:00:00,000;2024-10-08 00:00:00,000;7896;2024-11-07 00:00:00,000
7915;2024-10-02 00:00:00,000;"L002";"A10015";85;256;256;2024-10-04 00:00:00,000;2024-10-07 00:00:00,000;7884;2024-11-07 00:00:00,000
7926;2024-10-02 00:00:00,000;"L006";"S10033";45;74;74;2024-10-07 00:00:00,000;2024-10-14 00:00:00,000;7942;2024-11-14 00:00:00,000
7930;2024-10-02 00:00:00,000;"L002";"S10040";50;475;475;2024-10-07 00:00:00,000;2024-10-08 00:00:00,000;7898;2024-11-07 00:00:00,000
7974;2024-10-08 00:00:00,000;"L006";"S10033";25;74;74;2024-10-09 00:00:00,000;2024-10-15 00:00:00,000;7974;2024-11-14 00:00:00,000
8017;2024-10-11 00:00:00,000;"L006";"S10033";15;73;73;2024-10-14 00:00:00,000;2024-10-17 00:00:00,000;8001;2024-11-14 00:00:00,000
8059;2024-10-16 00:00:00,000;"L002";"A10015";65;23;23;2024-10-21 00:00:00,000;2024-10-25 00:00:00,000;8098;2024-11-21 00:00:00,000
8070;2024-10-16 00:00:00,000;"L006";"S10033";85;74;74;2024-10-17 00:00:00,000;2024-10-22 00:00:00,000;8056;2024-11-21 00:00:00,000
8111;2024-10-18 00:00:00,000;"L002";"A10013";70;299;299;2024-10-21 00:00:00,000;2024-10-23 00:00:00,000;8074;2024-11-21 00:00:00,000
8121;2024-10-18 00:00:00,000;"L006";"S10033";115;82;82;2024-10-21 00:00:00,000;2024-10-25 00:00:00,000;8109;2024-11-21 00:00:00,000
8151;2024-10-22 00:00:00,000;"L002";"A10015";15;218;218;2024-10-28 00:00:00,000;2024-10-29 00:00:00,000;8149;2024-11-28 00:00:00,000
8228;2024-10-30 00:00:00,000;"L002";"A10013";75;297;297;2024-11-01 00:00:00,000;2024-11-08 00:00:00,000;8252;2024-12-05 00:00:00,000
8238;2024-10-30 00:00:00,000;"L006";"S10033";70;8;8;2024-10-31 00:00:00,000;2024-11-07 00:00:00,000;8242;2024-12-05 00:00:00,000
8284;2024-11-05 00:00:00,000;"L002";"A10013";70;268;268;2024-11-11 00:00:00,000;2024-11-18 00:00:00,000;8333;2024-12-19 00:00:00,000
8285;2024-11-05 00:00:00,000;"L002";"A10015";60;244;244;2024-11-07 00:00:00,000;2024-11-12 00:00:00,000;8287;2024-12-12 00:00:00,000
8312;2024-11-06 00:00:00,000;"L006";"S10033";95;71;71;2024-11-11 00:00:00,000;2024-11-14 00:00:00,000;8314;2024-12-12 00:00:00,000
8360;2024-11-11 00:00:00,000;"L002";"S10036";20;209;209;2024-11-18 00:00:00,000;2024-11-20 00:00:00,000;8385;2024-12-19 00:00:00,000
8389;2024-11-13 00:00:00,000;"L002";"A10013";15;281;281;2024-11-18 00:00:00,000;2024-11-20 00:00:00,000;8392;2024-12-19 00:00:00,000
8417;2024-11-15 00:00:00,000;"L002";"A10015";15;253;253;2024-11-18 00:00:00,000;2024-11-25 00:00:00,000;8420;1900-01-01 00:00:00,000
8485;2024-11-21 00:00:00,000;"L006";"S10033";15;75;75;2024-11-26 00:00:00,000;2024-12-02 00:00:00,000;8502;1900-01-01 00:00:00,000
8527;2024-11-25 00:00:00,000;"L006";"S10033";70;8;8;2024-11-29 00:00:00,000;2024-12-06 00:00:00,000;8583;1900-01-01 00:00:00,000
8539;2024-11-26 00:00:00,000;"L002";"A10015";15;234;234;2024-11-28 00:00:00,000;2024-12-03 00:00:00,000;8542;1900-01-01 00:00:00,000
8636;2024-12-03 00:00:00,000;"L006";"S10033";65;75;75;2024-12-06 00:00:00,000;2024-12-09 00:00:00,000;8624;1900-01-01 00:00:00,000
8640;2024-12-03 00:00:00,000;"L002";"S10040";25;497;497;2024-12-09 00:00:00,000;2024-12-12 00:00:00,000;8667;1900-01-01 00:00:00,000
8730;2024-12-10 00:00:00,000;"L006";"S10033";50;77;77;2024-12-16 00:00:00,000;2024-12-20 00:00:00,000;8760;1900-01-01 00:00:00,000
8759;2024-12-12 00:00:00,000;"L002";"A10013";95;294;294;2024-12-16 00:00:00,000;2024-12-20 00:00:00,000;8768;1900-01-01 00:00:00,000
8791;2024-12-13 00:00:00,000;"L002";"S10036";75;187;187;2024-12-17 00:00:00,000;2024-12-20 00:00:00,000;8780;1900-01-01 00:00:00,000
8810;2024-12-16 00:00:00,000;"L002";"S10036";60;187;187;2024-12-17 00:00:00,000;2024-12-20 00:00:00,000;8782;1900-01-01 00:00:00,000
8832;2024-12-17 00:00:00,000;"L006";"S10033";25;81;81;2024-12-18 00:00:00,000;2024-12-24 00:00:00,000;8827;1900-01-01 00:00:00,000
8833;2024-12-17 00:00:00,000;"L002";"S10036";15;21;21;2024-12-19 00:00:00,000;2024-12-23 00:00:00,000;8808;1900-01-01 00:00:00,000
8844;2024-12-18 00:00:00,000;"L002";"A10015";40;221;221;2024-12-20 00:00:00,000;2024-12-24 00:00:00,000;8830;1900-01-01 00:00:00,000
8876;2024-12-20 00:00:00,000;"L002";"A10015";65;264;264;2024-12-23 00:00:00,000;2024-12-30 00:00:00,000;8886;1900-01-01 00:00:00,000
8886;2024-12-20 00:00:00,000;"L002";"S10036";125;192;192;2024-12-23 00:00:00,000;2024-12-27 00:00:00,000;8868;1900-01-01 00:00:00,000
8899;2024-12-23 00:00:00,000;"L006";"S10033";30;77;77;2024-12-27 00:00:00,000;2024-12-30 00:00:00,000;8896;1900-01-01 00:00:00,000
8901;2024-12-23 00:00:00,000;"L002";"S10036";65;19;19;2024-12-27 00:00:00,000;2024-12-30 00:00:00,000;8897;1900-01-01 00:00:00,000
8911;2024-12-24 00:00:00,000;"L002";"A10015";55;24;0;2024-12-30 00:00:00,000;1900-01-01 00:00:00,000;0;1900-01-01 00:00:00,000
8938;2024-12-27 00:00:00,000;"L002";"A10015";100;26;0;2024-12-30 00:00:00,000;1900-01-01 00:00:00,000;0;1900-01-01 00:00:00,000
8946;2024-12-27 00:00:00,000;"L006";"S10033";25;8;0;2024-12-30 00:00:00,000;1900-01-01 00:00:00,000;0;1900-01-01 00:00:00,000
8961;2024-12-30 00:00:00,000;"L002";"A10015";55;245;0;1900-01-01 00:00:00,000;1900-01-01 00:00:00,000;0;1900-01-01 00:00:00,000
8984;2024-12-31 00:00:00,000;"L002";"S10036";50;214;0;1900-01-01 00:00:00,000;1900-01-01 00:00:00,000;0;1900-01-01 00:00:00,000
4089;2023-11-23 00:00:00,000;"L002";"A10023";50;432;432;2023-11-28 00:00:00,000;2023-12-04 00:00:00,000;4105;2024-01-04 00:00:00,000
4120;2023-11-27 00:00:00,000;"L002";"A10023";60;41;41;2023-11-28 00:00:00,000;2023-12-04 00:00:00,000;4117;2024-01-04 00:00:00,000
4165;2023-11-29 00:00:00,000;"L002";"A10023";30;412;412;2023-11-30 00:00:00,000;2023-12-07 00:00:00,000;4176;2024-01-04 00:00:00,000
4209;2023-12-01 00:00:00,000;"L002";"A10023";20;428;428;2023-12-04 00:00:00,000;2023-12-05 00:00:00,000;4150;2024-01-04 00:00:00,000
4230;2023-12-04 00:00:00,000;"L002";"A10023";95;437;437;2023-12-08 00:00:00,000;2023-12-13 00:00:00,000;4249;2024-01-11 00:00:00,000
4283;2023-12-07 00:00:00,000;"L002";"A10023";60;439;439;2023-12-08 00:00:00,000;2023-12-15 00:00:00,000;4279;2024-01-11 00:00:00,000
4305;2023-12-11 00:00:00,000;"L002";"A10023";60;426;426;2023-12-15 00:00:00,000;2023-12-20 00:00:00,000;4329;2024-01-18 00:00:00,000
4386;2023-12-18 00:00:00,000;"L002";"A10023";65;436;436;2023-12-21 00:00:00,000;2023-12-27 00:00:00,000;4386;2024-01-25 00:00:00,000
4407;2023-12-19 00:00:00,000;"L002";"A10023";30;416;416;2023-12-27 00:00:00,000;2023-12-28 00:00:00,000;4427;2024-01-25 00:00:00,000
4448;2023-12-21 00:00:00,000;"L002";"A10023";75;427;427;2023-12-27 00:00:00,000;2024-01-02 00:00:00,000;4456;2024-02-01 00:00:00,000
4509;2023-12-29 00:00:00,000;"L002";"A10023";15;428;428;2024-01-02 00:00:00,000;2024-01-05 00:00:00,000;4500;2024-02-01 00:00:00,000
4525;2024-01-02 00:00:00,000;"L002";"A10023";95;37;37;2024-01-04 00:00:00,000;2024-01-08 00:00:00,000;4516;2024-02-08 00:00:00,000
4603;2024-01-09 00:00:00,000;"L002";"A10023";155;397;397;2024-01-10 00:00:00,000;2024-01-17 00:00:00,000;4616;2024-02-15 00:00:00,000
4631;2024-01-10 00:00:00,000;"L002";"A10023";30;461;461;2024-01-15 00:00:00,000;2024-01-19 00:00:00,000;4654;2024-02-15 00:00:00,000
4657;2024-01-11 00:00:00,000;"L002";"A10023";50;431;431;2024-01-15 00:00:00,000;2024-01-17 00:00:00,000;4628;2024-02-15 00:00:00,000
4691;2024-01-15 00:00:00,000;"L002";"A10023";20;434;434;2024-01-18 00:00:00,000;2024-01-22 00:00:00,000;4689;2024-02-22 00:00:00,000
4743;2024-01-19 00:00:00,000;"L002";"A10023";95;416;416;2024-01-22 00:00:00,000;2024-01-29 00:00:00,000;4749;2024-02-29 00:00:00,000
4760;2024-01-22 00:00:00,000;"L002";"A10023";105;371;371;2024-01-24 00:00:00,000;2024-01-29 00:00:00,000;4757;2024-02-29 00:00:00,000
4806;2024-01-24 00:00:00,000;"L002";"A10023";50;412;412;2024-01-26 00:00:00,000;2024-01-30 00:00:00,000;4784;2024-02-29 00:00:00,000
4817;2024-01-25 00:00:00,000;"L002";"A10023";70;43;43;2024-01-30 00:00:00,000;2024-02-06 00:00:00,000;4860;2024-03-07 00:00:00,000
4883;2024-01-31 00:00:00,000;"L002";"A10023";65;43;43;2024-02-02 00:00:00,000;2024-02-08 00:00:00,000;4889;2024-03-07 00:00:00,000
4923;2024-02-05 00:00:00,000;"L002";"A10023";25;45;45;2024-02-08 00:00:00,000;2024-02-12 00:00:00,000;4919;2024-03-14 00:00:00,000
4958;2024-02-07 00:00:00,000;"L002";"A10023";70;416;416;2024-02-09 00:00:00,000;2024-02-15 00:00:00,000;4967;2024-03-14 00:00:00,000
4979;2024-02-08 00:00:00,000;"L002";"A10023";70;395;395;2024-02-12 00:00:00,000;2024-02-16 00:00:00,000;4977;2024-03-14 00:00:00,000
5009;2024-02-12 00:00:00,000;"L002";"A10023";115;449;449;2024-02-15 00:00:00,000;2024-02-21 00:00:00,000;5038;2024-03-21 00:00:00,000
5073;2024-02-16 00:00:00,000;"L002";"A10023";20;447;447;2024-02-19 00:00:00,000;2024-02-23 00:00:00,000;5068;2024-03-21 00:00:00,000
5116;2024-02-20 00:00:00,000;"L002";"A10023";10;454;454;2024-02-21 00:00:00,000;2024-02-26 00:00:00,000;5093;2024-03-28 00:00:00,000
5145;2024-02-21 00:00:00,000;"L002";"A10023";105;439;439;2024-02-26 00:00:00,000;2024-03-04 00:00:00,000;5172;2024-04-04 00:00:00,000
5169;2024-02-22 00:00:00,000;"L002";"A10023";15;465;465;2024-02-26 00:00:00,000;2024-02-28 00:00:00,000;5138;2024-03-28 00:00:00,000
5179;2024-02-23 00:00:00,000;"L002";"A10023";15;387;387;2024-02-26 00:00:00,000;2024-02-29 00:00:00,000;5160;2024-03-28 00:00:00,000
5202;2024-02-27 00:00:00,000;"L002";"A10023";40;4;4;2024-03-04 00:00:00,000;2024-03-06 00:00:00,000;5212;2024-04-04 00:00:00,000
5220;2024-02-28 00:00:00,000;"L002";"A10023";15;441;441;2024-02-29 00:00:00,000;2024-03-06 00:00:00,000;5218;2024-04-04 00:00:00,000
5307;2024-03-06 00:00:00,000;"L002";"A10023";50;431;431;2024-03-08 00:00:00,000;2024-03-12 00:00:00,000;5297;2024-04-11 00:00:00,000
5321;2024-03-07 00:00:00,000;"L002";"A10023";110;431;431;2024-03-11 00:00:00,000;2024-03-14 00:00:00,000;5317;2024-04-11 00:00:00,000
5417;2024-03-14 00:00:00,000;"L002";"A10023";120;417;417;2024-03-15 00:00:00,000;2024-03-20 00:00:00,000;5390;2024-04-18 00:00:00,000
5455;2024-03-18 00:00:00,000;"L002";"A10023";95;436;436;2024-03-21 00:00:00,000;2024-03-26 00:00:00,000;5465;2024-04-25 00:00:00,000
5489;2024-03-20 00:00:00,000;"L002";"A10023";165;39;39;2024-03-21 00:00:00,000;2024-03-25 00:00:00,000;5460;2024-04-25 00:00:00,000
5510;2024-03-21 00:00:00,000;"L002";"A10023";90;434;434;2024-03-25 00:00:00,000;2024-03-26 00:00:00,000;5475;2024-04-25 00:00:00,000
5544;2024-03-25 00:00:00,000;"L002";"A10023";35;416;416;2024-03-26 00:00:00,000;2024-04-02 00:00:00,000;5545;2024-05-02 00:00:00,000
5580;2024-03-27 00:00:00,000;"L002";"A10023";15;399;399;2024-03-29 00:00:00,000;2024-04-05 00:00:00,000;5615;2024-05-02 00:00:00,000
5608;2024-03-28 00:00:00,000;"L002";"A10023";50;414;414;2024-03-29 00:00:00,000;2024-04-02 00:00:00,000;5576;2024-05-02 00:00:00,000
5642;2024-03-29 00:00:00,000;"L002";"A10023";90;408;408;2024-04-02 00:00:00,000;2024-04-05 00:00:00,000;5621;2024-05-02 00:00:00,000
5685;2024-04-04 00:00:00,000;"L002";"A10023";25;482;482;2024-04-08 00:00:00,000;2024-04-08 00:00:00,000;5662;2024-05-16 00:00:00,000
5727;2024-04-09 00:00:00,000;"L002";"A10023";90;37;37;2024-04-10 00:00:00,000;2024-04-15 00:00:00,000;5711;2024-05-16 00:00:00,000
5776;2024-04-11 00:00:00,000;"L002";"A10023";60;382;382;2024-04-12 00:00:00,000;2024-04-16 00:00:00,000;5741;2024-05-16 00:00:00,000
5796;2024-04-12 00:00:00,000;"L002";"A10023";15;416;416;2024-04-15 00:00:00,000;2024-04-17 00:00:00,000;5759;2024-05-16 00:00:00,000
5848;2024-04-18 00:00:00,000;"L002";"A10023";25;48;48;2024-04-22 00:00:00,000;2024-04-29 00:00:00,000;5862;2024-05-30 00:00:00,000
5863;2024-04-19 00:00:00,000;"L002";"A10023";25;377;377;2024-04-23 00:00:00,000;2024-04-29 00:00:00,000;5868;2024-05-30 00:00:00,000
5885;2024-04-22 00:00:00,000;"L002";"A10023";90;439;439;2024-04-24 00:00:00,000;2024-04-30 00:00:00,000;5896;2024-05-30 00:00:00,000
5952;2024-04-25 00:00:00,000;"L002";"A10023";70;366;366;2024-04-29 00:00:00,000;2024-05-03 00:00:00,000;5957;2024-05-30 00:00:00,000
5986;2024-04-29 00:00:00,000;"L002";"A10023";25;441;441;2024-05-03 00:00:00,000;2024-05-10 00:00:00,000;6024;2024-06-06 00:00:00,000
6004;2024-04-30 00:00:00,000;"L002";"A10023";20;432;432;2024-05-02 00:00:00,000;2024-05-07 00:00:00,000;5998;2024-06-06 00:00:00,000
6023;2024-05-01 00:00:00,000;"L002";"A10023";100;485;485;2024-05-06 00:00:00,000;2024-05-13 00:00:00,000;6052;2024-06-13 00:00:00,000
6158;2024-05-14 00:00:00,000;"L002";"A10023";15;44;44;2024-05-17 00:00:00,000;2024-05-21 00:00:00,000;6149;2024-06-20 00:00:00,000
6174;2024-05-15 00:00:00,000;"L002";"A10023";95;478;478;2024-05-21 00:00:00,000;2024-05-24 00:00:00,000;6188;2024-06-20 00:00:00,000
6218;2024-05-21 00:00:00,000;"L002";"A10023";30;413;413;2024-05-22 00:00:00,000;2024-05-27 00:00:00,000;6212;2024-06-27 00:00:00,000
6382;2024-06-03 00:00:00,000;"L002";"A10023";30;472;472;2024-06-06 00:00:00,000;2024-06-12 00:00:00,000;6395;2024-07-11 00:00:00,000
6406;2024-06-05 00:00:00,000;"L002";"A10023";110;442;442;2024-06-07 00:00:00,000;2024-06-10 00:00:00,000;6384;2024-07-11 00:00:00,000
6453;2024-06-11 00:00:00,000;"L002";"A10023";30;407;407;2024-06-14 00:00:00,000;2024-06-19 00:00:00,000;6465;2024-07-18 00:00:00,000
6471;2024-06-12 00:00:00,000;"L002";"A10023";75;446;446;2024-06-14 00:00:00,000;2024-06-17 00:00:00,000;6445;2024-07-18 00:00:00,000
6577;2024-06-19 00:00:00,000;"L002";"A10023";50;414;414;2024-06-24 00:00:00,000;2024-06-28 00:00:00,000;6607;2024-07-25 00:00:00,000
6600;2024-06-20 00:00:00,000;"L002";"A10023";80;408;408;2024-06-24 00:00:00,000;2024-06-27 00:00:00,000;6593;2024-07-25 00:00:00,000
6624;2024-06-21 00:00:00,000;"L002";"A10023";35;446;446;2024-06-24 00:00:00,000;2024-06-26 00:00:00,000;6583;2024-07-25 00:00:00,000
6647;2024-06-24 00:00:00,000;"L002";"A10023";55;379;379;2024-06-26 00:00:00,000;2024-07-02 00:00:00,000;6656;2024-08-01 00:00:00,000
6707;2024-06-27 00:00:00,000;"L002";"A10023";25;441;441;2024-07-01 00:00:00,000;2024-07-02 00:00:00,000;6668;2024-08-01 00:00:00,000
6837;2024-07-09 00:00:00,000;"L002";"A10023";90;441;441;2024-07-10 00:00:00,000;2024-07-16 00:00:00,000;6844;2024-08-15 00:00:00,000
6880;2024-07-11 00:00:00,000;"L002";"A10023";20;406;406;2024-07-15 00:00:00,000;2024-07-18 00:00:00,000;6869;2024-08-15 00:00:00,000
6909;2024-07-12 00:00:00,000;"L002";"A10023";105;395;395;2024-07-17 00:00:00,000;2024-07-23 00:00:00,000;6947;2024-08-22 00:00:00,000
6988;2024-07-17 00:00:00,000;"L002";"A10023";10;434;434;2024-07-18 00:00:00,000;2024-07-23 00:00:00,000;6964;2024-08-22 00:00:00,000
7008;2024-07-18 00:00:00,000;"L002";"A10023";55;378;378;2024-07-22 00:00:00,000;2024-07-29 00:00:00,000;7029;2024-08-29 00:00:00,000
7029;2024-07-19 00:00:00,000;"L002";"A10023";85;416;416;2024-07-22 00:00:00,000;2024-07-25 00:00:00,000;7004;2024-08-22 00:00:00,000
7065;2024-07-23 00:00:00,000;"L002";"A10023";25;443;443;2024-07-26 00:00:00,000;2024-07-30 00:00:00,000;7064;2024-08-29 00:00:00,000
7143;2024-07-29 00:00:00,000;"L002";"A10023";15;378;378;2024-07-31 00:00:00,000;2024-08-05 00:00:00,000;7138;2024-09-05 00:00:00,000
7159;2024-07-30 00:00:00,000;"L002";"A10023";30;436;436;2024-08-05 00:00:00,000;2024-08-09 00:00:00,000;7198;2024-09-05 00:00:00,000
7173;2024-07-31 00:00:00,000;"L002";"A10023";30;444;444;2024-08-02 00:00:00,000;2024-08-08 00:00:00,000;7186;2024-09-05 00:00:00,000
7223;2024-08-05 00:00:00,000;"L002";"A10023";100;41;41;2024-08-09 00:00:00,000;2024-08-14 00:00:00,000;7239;2024-09-12 00:00:00,000
7345;2024-08-14 00:00:00,000;"L002";"A10023";115;415;415;2024-08-16 00:00:00,000;2024-08-20 00:00:00,000;7335;2024-09-19 00:00:00,000
7368;2024-08-15 00:00:00,000;"L002";"A10023";140;441;441;2024-08-19 00:00:00,000;2024-08-22 00:00:00,000;7351;2024-09-19 00:00:00,000
7418;2024-08-21 00:00:00,000;"L002";"A10023";60;453;453;2024-08-22 00:00:00,000;2024-08-27 00:00:00,000;7410;2024-09-26 00:00:00,000
7451;2024-08-23 00:00:00,000;"L002";"A10023";20;44;44;2024-08-28 00:00:00,000;2024-09-02 00:00:00,000;7457;2024-10-03 00:00:00,000
7478;2024-08-27 00:00:00,000;"L002";"A10023";70;439;439;2024-09-02 00:00:00,000;2024-09-06 00:00:00,000;7515;2024-10-03 00:00:00,000
7500;2024-08-28 00:00:00,000;"L002";"A10023";75;366;366;2024-09-02 00:00:00,000;2024-09-06 00:00:00,000;7520;2024-10-03 00:00:00,000
7577;2024-09-04 00:00:00,000;"L002";"A10023";75;391;391;2024-09-09 00:00:00,000;2024-09-16 00:00:00,000;7606;2024-10-17 00:00:00,000
7643;2024-09-10 00:00:00,000;"L002";"A10023";15;383;383;2024-09-13 00:00:00,000;2024-09-16 00:00:00,000;7633;2024-10-17 00:00:00,000
7658;2024-09-11 00:00:00,000;"L002";"A10023";15;408;408;2024-09-16 00:00:00,000;2024-09-20 00:00:00,000;7666;2024-10-17 00:00:00,000
7781;2024-09-23 00:00:00,000;"L002";"A10023";60;475;475;2024-09-27 00:00:00,000;2024-10-02 00:00:00,000;7813;2024-10-31 00:00:00,000
7808;2024-09-24 00:00:00,000;"L002";"A10023";15;43;43;2024-09-30 00:00:00,000;2024-10-03 00:00:00,000;7832;2024-10-31 00:00:00,000
7833;2024-09-25 00:00:00,000;"L002";"A10023";20;405;405;2024-09-30 00:00:00,000;2024-10-01 00:00:00,000;7808;2024-10-31 00:00:00,000
7893;2024-10-01 00:00:00,000;"L002";"A10023";90;433;433;2024-10-04 00:00:00,000;2024-10-07 00:00:00,000;7876;2024-11-07 00:00:00,000
7921;2024-10-02 00:00:00,000;"L002";"A10023";40;481;481;2024-10-04 00:00:00,000;2024-10-11 00:00:00,000;7932;2024-11-07 00:00:00,000
7998;2024-10-10 00:00:00,000;"L002";"A10023";15;434;434;2024-10-14 00:00:00,000;2024-10-21 00:00:00,000;8011;2024-11-21 00:00:00,000
8043;2024-10-15 00:00:00,000;"L002";"A10023";30;405;405;2024-10-16 00:00:00,000;2024-10-21 00:00:00,000;8030;2024-11-21 00:00:00,000
8065;2024-10-16 00:00:00,000;"L002";"A10023";190;406;406;2024-10-17 00:00:00,000;2024-10-22 00:00:00,000;8054;2024-11-21 00:00:00,000
8092;2024-10-17 00:00:00,000;"L002";"A10023";110;387;387;2024-10-18 00:00:00,000;2024-10-21 00:00:00,000;8041;2024-11-21 00:00:00,000
8115;2024-10-18 00:00:00,000;"L002";"A10023";15;47;47;2024-10-21 00:00:00,000;2024-10-28 00:00:00,000;8125;2024-11-28 00:00:00,000
8195;2024-10-25 00:00:00,000;"L002";"A10023";30;448;448;2024-10-28 00:00:00,000;2024-11-04 00:00:00,000;8202;2024-12-05 00:00:00,000
8233;2024-10-30 00:00:00,000;"L002";"A10023";35;416;416;2024-11-04 00:00:00,000;2024-11-07 00:00:00,000;8238;2024-12-05 00:00:00,000
8340;2024-11-08 00:00:00,000;"L002";"A10023";20;403;403;2024-11-13 00:00:00,000;2024-11-19 00:00:00,000;8370;2024-12-19 00:00:00,000
8461;2024-11-20 00:00:00,000;"L002";"A10023";60;439;439;2024-11-22 00:00:00,000;2024-11-26 00:00:00,000;8446;1900-01-01 00:00:00,000
8480;2024-11-21 00:00:00,000;"L002";"A10023";45;379;379;2024-11-25 00:00:00,000;2024-11-29 00:00:00,000;8481;1900-01-01 00:00:00,000
8545;2024-11-26 00:00:00,000;"L002";"A10023";190;439;439;2024-11-29 00:00:00,000;2024-12-02 00:00:00,000;8524;1900-01-01 00:00:00,000
8571;2024-11-27 00:00:00,000;"L002";"A10023";65;413;413;2024-11-28 00:00:00,000;2024-12-02 00:00:00,000;8530;1900-01-01 00:00:00,000
8656;2024-12-04 00:00:00,000;"L002";"A10023";80;443;443;2024-12-06 00:00:00,000;2024-12-10 00:00:00,000;8645;1900-01-01 00:00:00,000
8674;2024-12-05 00:00:00,000;"L002";"A10023";25;371;371;2024-12-06 00:00:00,000;2024-12-11 00:00:00,000;8657;1900-01-01 00:00:00,000
8693;2024-12-06 00:00:00,000;"L002";"A10023";50;484;484;2024-12-09 00:00:00,000;2024-12-12 00:00:00,000;8676;1900-01-01 00:00:00,000
8711;2024-12-09 00:00:00,000;"L002";"A10023";10;415;415;2024-12-12 00:00:00,000;2024-12-18 00:00:00,000;8736;1900-01-01 00:00:00,000
8727;2024-12-10 00:00:00,000;"L002";"A10023";15;406;406;2024-12-13 00:00:00,000;2024-12-19 00:00:00,000;8744;1900-01-01 00:00:00,000
8784;2024-12-13 00:00:00,000;"L002";"A10023";30;411;411;2024-12-16 00:00:00,000;2024-12-19 00:00:00,000;8754;1900-01-01 00:00:00,000
8826;2024-12-17 00:00:00,000;"L002";"A10023";100;43;43;2024-12-18 00:00:00,000;2024-12-23 00:00:00,000;8803;1900-01-01 00:00:00,000
8882;2024-12-20 00:00:00,000;"L002";"A10023";45;477;477;2024-12-23 00:00:00,000;2024-12-27 00:00:00,000;8866;1900-01-01 00:00:00,000
8918;2024-12-24 00:00:00,000;"L002";"A10023";95;459;459;2024-12-27 00:00:00,000;2024-12-31 00:00:00,000;8913;1900-01-01 00:00:00,000
8967;2024-12-30 00:00:00,000;"L002";"A10023";45;412;0;2024-12-31 00:00:00,000;1900-01-01 00:00:00,000;0;1900-01-01 00:00:00,000
4103;2023-11-24 00:00:00,000;"L006";"A10016";55;385;385;2023-11-27 00:00:00,000;2023-12-04 00:00:00,000;4110;2024-01-04 00:00:00,000
4118;2023-11-27 00:00:00,000;"L006";"A10016";95;393;393;2023-11-29 00:00:00,000;2023-12-06 00:00:00,000;4154;2024-01-04 00:00:00,000
4139;2023-11-28 00:00:00,000;"L006";"A10016";310;423;423;2023-12-01 00:00:00,000;2023-12-07 00:00:00,000;4170;2024-01-04 00:00:00,000
4162;2023-11-29 00:00:00,000;"L006";"A10016";105;39;39;2023-12-01 00:00:00,000;2023-12-05 00:00:00,000;4142;2024-01-04 00:00:00,000
4181;2023-11-30 00:00:00,000;"L006";"A10016";200;402;402;2023-12-04 00:00:00,000;2023-12-11 00:00:00,000;4205;2024-01-11 00:00:00,000
4203;2023-12-01 00:00:00,000;"L006";"A10016";40;407;407;2023-12-04 00:00:00,000;2023-12-06 00:00:00,000;4167;2024-01-04 00:00:00,000
4225;2023-12-04 00:00:00,000;"L006";"A10016";135;374;374;2023-12-06 00:00:00,000;2023-12-11 00:00:00,000;4223;2024-01-11 00:00:00,000
4244;2023-12-05 00:00:00,000;"L006";"A10016";105;393;393;2023-12-11 00:00:00,000;2023-12-13 00:00:00,000;4252;2024-01-11 00:00:00,000
4265;2023-12-06 00:00:00,000;"L006";"A10016";95;393;393;2023-12-11 00:00:00,000;2023-12-12 00:00:00,000;4244;2024-01-11 00:00:00,000
4290;2023-12-08 00:00:00,000;"L006";"A10016";20;418;418;2023-12-11 00:00:00,000;2023-12-18 00:00:00,000;4290;2024-01-18 00:00:00,000
4300;2023-12-11 00:00:00,000;"L006";"A10016";140;383;383;2023-12-15 00:00:00,000;2023-12-18 00:00:00,000;4297;2024-01-18 00:00:00,000
4351;2023-12-14 00:00:00,000;"L006";"A10016";65;389;389;2023-12-18 00:00:00,000;2023-12-22 00:00:00,000;4357;2024-01-18 00:00:00,000
4368;2023-12-15 00:00:00,000;"L006";"A10016";75;401;401;2023-12-18 00:00:00,000;2023-12-22 00:00:00,000;4361;2024-01-18 00:00:00,000
4382;2023-12-18 00:00:00,000;"L006";"A10016";155;39;39;2023-12-20 00:00:00,000;2023-12-27 00:00:00,000;4382;2024-01-25 00:00:00,000
4402;2023-12-19 00:00:00,000;"L006";"A10016";140;416;416;2023-12-22 00:00:00,000;2023-12-28 00:00:00,000;4425;2024-01-25 00:00:00,000
4421;2023-12-20 00:00:00,000;"L006";"A10016";135;403;403;2023-12-22 00:00:00,000;2023-12-27 00:00:00,000;4406;2024-01-25 00:00:00,000
4443;2023-12-21 00:00:00,000;"L006";"A10016";285;393;393;2023-12-27 00:00:00,000;2024-01-02 00:00:00,000;4454;2024-02-01 00:00:00,000
4472;2023-12-27 00:00:00,000;"L006";"A10016";70;39;39;2023-12-29 00:00:00,000;2024-01-03 00:00:00,000;4477;2024-02-01 00:00:00,000
4490;2023-12-28 00:00:00,000;"L006";"A10016";35;386;386;2023-12-29 00:00:00,000;2024-01-04 00:00:00,000;4490;2024-02-01 00:00:00,000
4505;2023-12-29 00:00:00,000;"L006";"A10016";80;403;403;2024-01-02 00:00:00,000;2024-01-08 00:00:00,000;4511;2024-02-08 00:00:00,000
4538;2024-01-03 00:00:00,000;"L006";"A10016";50;361;361;2024-01-08 00:00:00,000;2024-01-11 00:00:00,000;4555;2024-02-08 00:00:00,000
4572;2024-01-05 00:00:00,000;"L006";"A10016";195;44;44;2024-01-08 00:00:00,000;2024-01-12 00:00:00,000;4570;2024-02-08 00:00:00,000
4599;2024-01-09 00:00:00,000;"L006";"A10016";205;419;419;2024-01-10 00:00:00,000;2024-01-15 00:00:00,000;4589;2024-02-15 00:00:00,000
4626;2024-01-10 00:00:00,000;"L006";"A10016";385;417;417;2024-01-12 00:00:00,000;2024-01-19 00:00:00,000;4652;2024-02-15 00:00:00,000
4652;2024-01-11 00:00:00,000;"L006";"A10016";15;388;388;2024-01-15 00:00:00,000;2024-01-16 00:00:00,000;4610;2024-02-15 00:00:00,000
4672;2024-01-12 00:00:00,000;"L006";"A10016";55;417;417;2024-01-15 00:00:00,000;2024-01-18 00:00:00,000;4643;2024-02-15 00:00:00,000
4687;2024-01-15 00:00:00,000;"L006";"A10016";190;408;408;2024-01-16 00:00:00,000;2024-01-22 00:00:00,000;4687;2024-02-22 00:00:00,000
4710;2024-01-16 00:00:00,000;"L006";"A10016";20;402;402;2024-01-18 00:00:00,000;2024-01-24 00:00:00,000;4714;2024-02-22 00:00:00,000
4740;2024-01-19 00:00:00,000;"L006";"A10016";230;337;337;2024-01-22 00:00:00,000;2024-01-26 00:00:00,000;4734;2024-02-22 00:00:00,000
4756;2024-01-22 00:00:00,000;"L006";"A10016";30;409;409;2024-01-24 00:00:00,000;2024-01-26 00:00:00,000;4736;2024-02-22 00:00:00,000
4779;2024-01-23 00:00:00,000;"L006";"A10016";220;368;368;2024-01-25 00:00:00,000;2024-01-30 00:00:00,000;4779;2024-02-29 00:00:00,000
4802;2024-01-24 00:00:00,000;"L006";"A10016";45;409;409;2024-01-29 00:00:00,000;2024-02-01 00:00:00,000;4803;2024-02-29 00:00:00,000
4815;2024-01-25 00:00:00,000;"L006";"A10016";100;406;406;2024-01-26 00:00:00,000;2024-02-01 00:00:00,000;4806;2024-02-29 00:00:00,000
4830;2024-01-26 00:00:00,000;"L006";"A10016";60;388;388;2024-01-30 00:00:00,000;2024-02-05 00:00:00,000;4834;2024-03-07 00:00:00,000
4850;2024-01-29 00:00:00,000;"L006";"A10016";160;389;389;2024-02-02 00:00:00,000;2024-02-07 00:00:00,000;4874;2024-03-07 00:00:00,000
4871;2024-01-30 00:00:00,000;"L006";"A10016";55;343;343;2024-02-01 00:00:00,000;2024-02-05 00:00:00,000;4855;2024-03-07 00:00:00,000
4882;2024-01-31 00:00:00,000;"L006";"A10016";50;343;343;2024-02-05 00:00:00,000;2024-02-06 00:00:00,000;4869;2024-03-07 00:00:00,000
4895;2024-02-01 00:00:00,000;"L006";"A10016";45;386;386;2024-02-02 00:00:00,000;2024-02-07 00:00:00,000;4883;2024-03-07 00:00:00,000
4908;2024-02-02 00:00:00,000;"L006";"A10016";30;44;44;2024-02-05 00:00:00,000;2024-02-07 00:00:00,000;4884;2024-03-07 00:00:00,000
4919;2024-02-05 00:00:00,000;"L006";"A10016";85;376;376;2024-02-06 00:00:00,000;2024-02-08 00:00:00,000;4894;2024-03-07 00:00:00,000
4941;2024-02-06 00:00:00,000;"L006";"A10016";30;426;426;2024-02-09 00:00:00,000;2024-02-12 00:00:00,000;4929;2024-03-14 00:00:00,000
4955;2024-02-07 00:00:00,000;"L006";"A10016";180;408;408;2024-02-09 00:00:00,000;2024-02-13 00:00:00,000;4941;2024-03-14 00:00:00,000
4975;2024-02-08 00:00:00,000;"L006";"A10016";60;389;389;2024-02-09 00:00:00,000;2024-02-12 00:00:00,000;4934;2024-03-14 00:00:00,000
4988;2024-02-09 00:00:00,000;"L006";"A10016";40;412;412;2024-02-12 00:00:00,000;2024-02-19 00:00:00,000;4993;2024-03-21 00:00:00,000
5004;2024-02-12 00:00:00,000;"L006";"A10016";85;362;362;2024-02-14 00:00:00,000;2024-02-19 00:00:00,000;5002;2024-03-21 00:00:00,000
5030;2024-02-13 00:00:00,000;"L006";"A10016";85;408;408;2024-02-16 00:00:00,000;2024-02-23 00:00:00,000;5060;2024-03-21 00:00:00,000
5049;2024-02-14 00:00:00,000;"L006";"A10016";105;384;384;2024-02-19 00:00:00,000;2024-02-26 00:00:00,000;5070;2024-03-28 00:00:00,000
5066;2024-02-15 00:00:00,000;"L006";"A10016";100;428;428;2024-02-19 00:00:00,000;2024-02-26 00:00:00,000;5073;2024-03-28 00:00:00,000
5072;2024-02-16 00:00:00,000;"L006";"A10016";95;415;415;2024-02-20 00:00:00,000;2024-02-26 00:00:00,000;5076;2024-03-28 00:00:00,000
5088;2024-02-19 00:00:00,000;"L006";"A10016";85;425;425;2024-02-23 00:00:00,000;2024-02-27 00:00:00,000;5108;2024-03-28 00:00:00,000
5110;2024-02-20 00:00:00,000;"L006";"A10016";505;374;374;2024-02-26 00:00:00,000;2024-02-26 00:00:00,000;5088;2024-03-28 00:00:00,000
5167;2024-02-22 00:00:00,000;"L006";"A10016";90;368;368;2024-02-26 00:00:00,000;2024-02-28 00:00:00,000;5137;2024-03-28 00:00:00,000
5187;2024-02-26 00:00:00,000;"L006";"A10016";75;427;427;2024-03-01 00:00:00,000;2024-03-05 00:00:00,000;5198;2024-04-04 00:00:00,000
5215;2024-02-28 00:00:00,000;"L006";"A10016";410;364;364;2024-02-29 00:00:00,000;2024-03-04 00:00:00,000;5193;2024-04-04 00:00:00,000
5242;2024-02-29 00:00:00,000;"L006";"A10016";265;446;446;2024-03-04 00:00:00,000;2024-03-07 00:00:00,000;5236;2024-04-04 00:00:00,000
5262;2024-03-01 00:00:00,000;"L006";"A10016";95;454;454;2024-03-05 00:00:00,000;2024-03-12 00:00:00,000;5289;2024-04-11 00:00:00,000
5280;2024-03-04 00:00:00,000;"L006";"A10016";70;411;411;2024-03-08 00:00:00,000;2024-03-15 00:00:00,000;5319;2024-04-11 00:00:00,000
5297;2024-03-05 00:00:00,000;"L006";"A10016";20;405;405;2024-03-07 00:00:00,000;2024-03-12 00:00:00,000;5294;2024-04-11 00:00:00,000
5305;2024-03-06 00:00:00,000;"L006";"A10016";25;378;378;2024-03-08 00:00:00,000;2024-03-15 00:00:00,000;5320;2024-04-11 00:00:00,000
5319;2024-03-07 00:00:00,000;"L006";"A10016";115;374;374;2024-03-11 00:00:00,000;2024-03-12 00:00:00,000;5300;2024-04-11 00:00:00,000
5334;2024-03-08 00:00:00,000;"L006";"A10016";30;41;41;2024-03-11 00:00:00,000;2024-03-18 00:00:00,000;5336;2024-04-18 00:00:00,000
5369;2024-03-12 00:00:00,000;"L006";"A10016";150;444;444;2024-03-13 00:00:00,000;2024-03-20 00:00:00,000;5380;2024-04-18 00:00:00,000
5389;2024-03-13 00:00:00,000;"L006";"A10016";170;428;428;2024-03-18 00:00:00,000;2024-03-21 00:00:00,000;5403;2024-04-18 00:00:00,000
5414;2024-03-14 00:00:00,000;"L006";"A10016";200;361;361;2024-03-18 00:00:00,000;2024-03-19 00:00:00,000;5371;2024-04-18 00:00:00,000
5434;2024-03-15 00:00:00,000;"L006";"A10016";170;408;408;2024-03-18 00:00:00,000;2024-03-21 00:00:00,000;5411;2024-04-18 00:00:00,000
5453;2024-03-18 00:00:00,000;"L006";"A10016";65;382;382;2024-03-22 00:00:00,000;2024-03-27 00:00:00,000;5478;2024-04-25 00:00:00,000
5484;2024-03-20 00:00:00,000;"L006";"A10016";375;413;413;2024-03-21 00:00:00,000;2024-03-25 00:00:00,000;5458;2024-04-25 00:00:00,000
5506;2024-03-21 00:00:00,000;"L006";"A10016";35;362;362;2024-03-25 00:00:00,000;2024-04-02 00:00:00,000;5525;2024-05-02 00:00:00,000
5523;2024-03-22 00:00:00,000;"L006";"A10016";70;34;34;2024-03-26 00:00:00,000;2024-04-02 00:00:00,000;5532;2024-05-02 00:00:00,000
5541;2024-03-25 00:00:00,000;"L006";"A10016";190;447;447;2024-03-26 00:00:00,000;2024-04-02 00:00:00,000;5542;2024-05-02 00:00:00,000
5577;2024-03-27 00:00:00,000;"L006";"A10016";260;373;373;2024-04-02 00:00:00,000;2024-04-08 00:00:00,000;5625;2024-05-16 00:00:00,000
5602;2024-03-28 00:00:00,000;"L006";"A10016";150;36;36;2024-04-02 00:00:00,000;2024-04-04 00:00:00,000;5606;2024-05-02 00:00:00,000
5636;2024-03-29 00:00:00,000;"L006";"A10016";160;41;41;2024-04-03 00:00:00,000;2024-04-09 00:00:00,000;5664;2024-05-16 00:00:00,000
5659;2024-04-02 00:00:00,000;"L006";"A10016";55;431;431;2024-04-03 00:00:00,000;2024-04-08 00:00:00,000;5654;2024-05-16 00:00:00,000
5670;2024-04-03 00:00:00,000;"L006";"A10016";75;444;444;2024-04-08 00:00:00,000;2024-04-10 00:00:00,000;5669;2024-05-16 00:00:00,000
5683;2024-04-04 00:00:00,000;"L006";"A10016";20;355;355;2024-04-08 00:00:00,000;2024-04-08 00:00:00,000;5661;2024-05-16 00:00:00,000
5695;2024-04-05 00:00:00,000;"L006";"A10016";75;384;384;2024-04-08 00:00:00,000;2024-04-15 00:00:00,000;5696;2024-05-16 00:00:00,000
5707;2024-04-08 00:00:00,000;"L006";"A10016";50;408;408;2024-04-15 00:00:00,000;2024-04-17 00:00:00,000;5744;2024-05-16 00:00:00,000
5722;2024-04-09 00:00:00,000;"L006";"A10016";135;379;379;2024-04-11 00:00:00,000;2024-04-15 00:00:00,000;5709;2024-05-16 00:00:00,000
5749;2024-04-10 00:00:00,000;"L006";"A10016";25;37;37;2024-04-15 00:00:00,000;2024-04-16 00:00:00,000;5737;2024-05-16 00:00:00,000
5771;2024-04-11 00:00:00,000;"L006";"A10016";470;387;387;2024-04-12 00:00:00,000;2024-04-16 00:00:00,000;5740;2024-05-16 00:00:00,000
5791;2024-04-12 00:00:00,000;"L006";"A10016";40;409;409;2024-04-17 00:00:00,000;2024-04-22 00:00:00,000;5797;2024-05-23 00:00:00,000
5808;2024-04-15 00:00:00,000;"L006";"A10016";345;368;368;2024-04-19 00:00:00,000;2024-04-24 00:00:00,000;5822;2024-05-23 00:00:00,000
5822;2024-04-16 00:00:00,000;"L006";"A10016";100;448;448;2024-04-18 00:00:00,000;2024-04-22 00:00:00,000;5809;2024-05-23 00:00:00,000
5833;2024-04-17 00:00:00,000;"L006";"A10016";15;424;424;2024-04-19 00:00:00,000;2024-04-24 00:00:00,000;5827;2024-05-23 00:00:00,000
5846;2024-04-18 00:00:00,000;"L006";"A10016";60;345;345;2024-04-22 00:00:00,000;2024-04-24 00:00:00,000;5831;2024-05-23 00:00:00,000
5859;2024-04-19 00:00:00,000;"L006";"A10016";70;453;453;2024-04-22 00:00:00,000;2024-04-26 00:00:00,000;5853;2024-05-23 00:00:00,000
5879;2024-04-22 00:00:00,000;"L006";"A10016";250;406;406;2024-04-24 00:00:00,000;2024-04-29 00:00:00,000;5875;2024-05-30 00:00:00,000
5920;2024-04-24 00:00:00,000;"L006";"A10016";100;369;369;2024-04-29 00:00:00,000;2024-04-29 00:00:00,000;5888;2024-05-30 00:00:00,000
5946;2024-04-25 00:00:00,000;"L006";"A10016";180;451;451;2024-04-29 00:00:00,000;2024-05-02 00:00:00,000;5940;2024-05-30 00:00:00,000
5981;2024-04-29 00:00:00,000;"L006";"A10016";155;405;405;2024-05-03 00:00:00,000;2024-05-07 00:00:00,000;5995;2024-06-06 00:00:00,000
6002;2024-04-30 00:00:00,000;"L006";"A10016";75;422;422;2024-05-01 00:00:00,000;2024-05-08 00:00:00,000;6009;2024-06-06 00:00:00,000
6018;2024-05-01 00:00:00,000;"L006";"A10016";55;418;418;2024-05-06 00:00:00,000;2024-05-13 00:00:00,000;6051;2024-06-13 00:00:00,000
6039;2024-05-02 00:00:00,000;"L006";"A10016";110;404;404;2024-05-03 00:00:00,000;2024-05-07 00:00:00,000;6003;2024-06-06 00:00:00,000
6072;2024-05-07 00:00:00,000;"L006";"A10016";55;412;412;2024-05-10 00:00:00,000;2024-05-14 00:00:00,000;6076;2024-06-13 00:00:00,000
6090;2024-05-08 00:00:00,000;"L006";"A10016";145;39;39;2024-05-10 00:00:00,000;2024-05-15 00:00:00,000;6087;2024-06-13 00:00:00,000
6113;2024-05-10 00:00:00,000;"L006";"A10016";260;351;351;2024-05-13 00:00:00,000;2024-05-17 00:00:00,000;6107;2024-06-13 00:00:00,000
6134;2024-05-13 00:00:00,000;"L006";"A10016";230;354;354;2024-05-14 00:00:00,000;2024-05-21 00:00:00,000;6134;2024-06-20 00:00:00,000
6154;2024-05-14 00:00:00,000;"L006";"A10016";320;411;411;2024-05-17 00:00:00,000;2024-05-21 00:00:00,000;6147;2024-06-20 00:00:00,000
6172;2024-05-15 00:00:00,000;"L006";"A10016";15;39;39;2024-05-21 00:00:00,000;2024-05-23 00:00:00,000;6175;2024-06-20 00:00:00,000
6189;2024-05-16 00:00:00,000;"L006";"A10016";10;386;386;2024-05-21 00:00:00,000;2024-05-23 00:00:00,000;6177;2024-06-20 00:00:00,000
6201;2024-05-17 00:00:00,000;"L006";"A10016";15;408;408;2024-05-21 00:00:00,000;2024-05-23 00:00:00,000;6180;2024-06-20 00:00:00,000
6214;2024-05-21 00:00:00,000;"L006";"A10016";170;426;426;2024-05-27 00:00:00,000;2024-05-31 00:00:00,000;6258;2024-06-27 00:00:00,000
6245;2024-05-23 00:00:00,000;"L006";"A10016";125;404;404;2024-05-27 00:00:00,000;2024-05-29 00:00:00,000;6235;2024-06-27 00:00:00,000
6271;2024-05-24 00:00:00,000;"L006";"A10016";230;421;421;2024-05-27 00:00:00,000;2024-06-03 00:00:00,000;6283;2024-07-04 00:00:00,000
6293;2024-05-27 00:00:00,000;"L006";"A10016";75;387;387;2024-06-03 00:00:00,000;2024-06-03 00:00:00,000;6292;2024-07-04 00:00:00,000
6316;2024-05-28 00:00:00,000;"L006";"A10016";130;376;376;2024-06-03 00:00:00,000;2024-06-05 00:00:00,000;6329;2024-07-04 00:00:00,000
6335;2024-05-29 00:00:00,000;"L006";"A10016";15;407;407;2024-05-31 00:00:00,000;2024-06-03 00:00:00,000;6306;2024-07-04 00:00:00,000
6352;2024-05-30 00:00:00,000;"L006";"A10016";160;417;417;2024-06-03 00:00:00,000;2024-06-07 00:00:00,000;6356;2024-07-04 00:00:00,000
6367;2024-05-31 00:00:00,000;"L006";"A10016";85;377;377;2024-06-03 00:00:00,000;2024-06-05 00:00:00,000;6340;2024-07-04 00:00:00,000
6402;2024-06-05 00:00:00,000;"L006";"A10016";50;389;389;2024-06-07 00:00:00,000;2024-06-12 00:00:00,000;6399;2024-07-11 00:00:00,000
6418;2024-06-06 00:00:00,000;"L006";"A10016";70;436;436;2024-06-10 00:00:00,000;2024-06-14 00:00:00,000;6418;2024-07-11 00:00:00,000
6428;2024-06-07 00:00:00,000;"L006";"A10016";40;389;389;2024-06-10 00:00:00,000;2024-06-10 00:00:00,000;6386;2024-07-11 00:00:00,000
6435;2024-06-10 00:00:00,000;"L006";"A10016";100;357;357;2024-06-12 00:00:00,000;2024-06-17 00:00:00,000;6433;2024-07-18 00:00:00,000
6449;2024-06-11 00:00:00,000;"L006";"A10016";30;426;426;2024-06-12 00:00:00,000;2024-06-18 00:00:00,000;6453;2024-07-18 00:00:00,000
6466;2024-06-12 00:00:00,000;"L006";"A10016";145;415;415;2024-06-17 00:00:00,000;2024-06-20 00:00:00,000;6484;2024-07-18 00:00:00,000
6508;2024-06-14 00:00:00,000;"L006";"A10016";370;404;404;2024-06-17 00:00:00,000;2024-06-20 00:00:00,000;6493;2024-07-18 00:00:00,000
6536;2024-06-17 00:00:00,000;"L006";"A10016";120;371;371;2024-06-21 00:00:00,000;2024-06-25 00:00:00,000;6555;2024-07-25 00:00:00,000
6555;2024-06-18 00:00:00,000;"L006";"A10016";60;382;382;2024-06-24 00:00:00,000;2024-06-27 00:00:00,000;6584;2024-07-25 00:00:00,000
6573;2024-06-19 00:00:00,000;"L006";"A10016";95;408;408;2024-06-24 00:00:00,000;2024-06-27 00:00:00,000;6588;2024-07-25 00:00:00,000
6597;2024-06-20 00:00:00,000;"L006";"A10016";20;387;387;2024-06-21 00:00:00,000;2024-06-26 00:00:00,000;6582;2024-07-25 00:00:00,000
6617;2024-06-21 00:00:00,000;"L006";"A10016";225;388;388;2024-06-25 00:00:00,000;2024-07-01 00:00:00,000;6630;2024-08-01 00:00:00,000
6644;2024-06-24 00:00:00,000;"L006";"A10016";155;369;369;2024-07-01 00:00:00,000;2024-07-05 00:00:00,000;6701;2024-08-01 00:00:00,000
6661;2024-06-25 00:00:00,000;"L006";"A10016";265;415;415;2024-06-26 00:00:00,000;2024-06-28 00:00:00,000;6619;2024-07-25 00:00:00,000
6682;2024-06-26 00:00:00,000;"L006";"A10016";185;409;409;2024-06-28 00:00:00,000;2024-07-02 00:00:00,000;6662;2024-08-01 00:00:00,000
6719;2024-06-28 00:00:00,000;"L006";"A10016";65;362;362;2024-07-01 00:00:00,000;2024-07-08 00:00:00,000;6729;2024-08-08 00:00:00,000
6743;2024-07-01 00:00:00,000;"L006";"A10016";690;386;386;2024-07-03 00:00:00,000;2024-07-08 00:00:00,000;6738;2024-08-08 00:00:00,000
6782;2024-07-03 00:00:00,000;"L006";"A10016";150;377;377;2024-07-08 00:00:00,000;2024-07-15 00:00:00,000;6805;2024-08-15 00:00:00,000
6795;2024-07-04 00:00:00,000;"L006";"A10016";55;423;423;2024-07-08 00:00:00,000;2024-07-10 00:00:00,000;6772;2024-08-08 00:00:00,000
6809;2024-07-05 00:00:00,000;"L006";"A10016";10;373;373;2024-07-09 00:00:00,000;2024-07-15 00:00:00,000;6810;2024-08-15 00:00:00,000
6835;2024-07-09 00:00:00,000;"L006";"A10016";140;43;43;2024-07-15 00:00:00,000;2024-07-22 00:00:00,000;6896;2024-08-22 00:00:00,000
6856;2024-07-10 00:00:00,000;"L006";"A10016";130;417;417;2024-07-15 00:00:00,000;2024-07-19 00:00:00,000;6876;2024-08-15 00:00:00,000
6876;2024-07-11 00:00:00,000;"L006";"A10016";200;432;432;2024-07-15 00:00:00,000;2024-07-19 00:00:00,000;6881;2024-08-15 00:00:00,000
6904;2024-07-12 00:00:00,000;"L006";"A10016";360;382;382;2024-07-15 00:00:00,000;2024-07-15 00:00:00,000;6835;2024-08-15 00:00:00,000
6933;2024-07-15 00:00:00,000;"L006";"A10016";60;384;384;2024-07-16 00:00:00,000;2024-07-22 00:00:00,000;6927;2024-08-22 00:00:00,000
6965;2024-07-16 00:00:00,000;"L006";"A10016";310;385;385;2024-07-17 00:00:00,000;2024-07-22 00:00:00,000;6936;2024-08-22 00:00:00,000
6986;2024-07-17 00:00:00,000;"L006";"A10016";40;364;364;2024-07-22 00:00:00,000;2024-07-23 00:00:00,000;6963;2024-08-22 00:00:00,000
7004;2024-07-18 00:00:00,000;"L006";"A10016";185;343;343;2024-07-22 00:00:00,000;2024-07-26 00:00:00,000;7018;2024-08-22 00:00:00,000
7044;2024-07-22 00:00:00,000;"L006";"A10016";85;406;406;2024-07-25 00:00:00,000;2024-08-01 00:00:00,000;7082;2024-08-29 00:00:00,000
7061;2024-07-23 00:00:00,000;"L006";"A10016";15;411;411;2024-07-29 00:00:00,000;2024-08-01 00:00:00,000;7086;2024-08-29 00:00:00,000
7078;2024-07-24 00:00:00,000;"L006";"A10016";70;416;416;2024-07-29 00:00:00,000;2024-08-01 00:00:00,000;7090;2024-08-29 00:00:00,000
7103;2024-07-25 00:00:00,000;"L006";"A10016";415;355;355;2024-07-30 00:00:00,000;2024-08-05 00:00:00,000;7122;2024-09-05 00:00:00,000
7126;2024-07-26 00:00:00,000;"L006";"A10016";10;443;443;2024-07-29 00:00:00,000;2024-08-02 00:00:00,000;7113;2024-08-29 00:00:00,000
7139;2024-07-29 00:00:00,000;"L006";"A10016";65;416;416;2024-08-02 00:00:00,000;2024-08-07 00:00:00,000;7167;2024-09-05 00:00:00,000
7156;2024-07-30 00:00:00,000;"L006";"A10016";85;374;374;2024-08-02 00:00:00,000;2024-08-05 00:00:00,000;7141;2024-09-05 00:00:00,000
7171;2024-07-31 00:00:00,000;"L006";"A10016";150;345;345;2024-08-01 00:00:00,000;2024-08-05 00:00:00,000;7144;2024-09-05 00:00:00,000
7190;2024-08-01 00:00:00,000;"L006";"A10016";105;445;445;2024-08-02 00:00:00,000;2024-08-06 00:00:00,000;7164;2024-09-05 00:00:00,000
7208;2024-08-02 00:00:00,000;"L006";"A10016";100;412;412;2024-08-05 00:00:00,000;2024-08-07 00:00:00,000;7180;2024-09-05 00:00:00,000
7235;2024-08-06 00:00:00,000;"L006";"A10016";40;425;425;2024-08-08 00:00:00,000;2024-08-12 00:00:00,000;7223;2024-09-12 00:00:00,000
7257;2024-08-07 00:00:00,000;"L006";"A10016";295;447;447;2024-08-09 00:00:00,000;2024-08-16 00:00:00,000;7273;2024-09-12 00:00:00,000
7281;2024-08-08 00:00:00,000;"L006";"A10016";75;384;384;2024-08-13 00:00:00,000;2024-08-19 00:00:00,000;7294;2024-09-19 00:00:00,000
7295;2024-08-09 00:00:00,000;"L006";"A10016";195;373;373;2024-08-12 00:00:00,000;2024-08-14 00:00:00,000;7257;2024-09-12 00:00:00,000
7314;2024-08-12 00:00:00,000;"L006";"A10016";55;372;372;2024-08-14 00:00:00,000;2024-08-19 00:00:00,000;7312;2024-09-19 00:00:00,000
7327;2024-08-13 00:00:00,000;"L006";"A10016";80;403;403;2024-08-14 00:00:00,000;2024-08-19 00:00:00,000;7319;2024-09-19 00:00:00,000
7342;2024-08-14 00:00:00,000;"L006";"A10016";260;383;383;2024-08-19 00:00:00,000;2024-08-26 00:00:00,000;7369;2024-09-26 00:00:00,000
7380;2024-08-16 00:00:00,000;"L006";"A10016";10;421;421;2024-08-19 00:00:00,000;2024-08-26 00:00:00,000;7382;2024-09-26 00:00:00,000
7390;2024-08-19 00:00:00,000;"L006";"A10016";70;359;359;2024-08-20 00:00:00,000;2024-08-26 00:00:00,000;7391;2024-09-26 00:00:00,000
7402;2024-08-20 00:00:00,000;"L006";"A10016";10;361;361;2024-08-23 00:00:00,000;2024-08-26 00:00:00,000;7398;2024-09-26 00:00:00,000
7465;2024-08-26 00:00:00,000;"L006";"A10016";55;403;403;2024-08-27 00:00:00,000;2024-09-02 00:00:00,000;7463;2024-10-03 00:00:00,000
7475;2024-08-27 00:00:00,000;"L006";"A10016";20;406;406;2024-08-28 00:00:00,000;2024-09-02 00:00:00,000;7466;2024-10-03 00:00:00,000
7495;2024-08-28 00:00:00,000;"L006";"A10016";215;368;368;2024-09-02 00:00:00,000;2024-09-05 00:00:00,000;7508;2024-10-03 00:00:00,000
7520;2024-08-29 00:00:00,000;"L006";"A10016";150;419;419;2024-08-30 00:00:00,000;2024-09-04 00:00:00,000;7503;2024-10-03 00:00:00,000
7551;2024-09-03 00:00:00,000;"L006";"A10016";190;404;404;2024-09-05 00:00:00,000;2024-09-10 00:00:00,000;7555;2024-10-10 00:00:00,000
7573;2024-09-04 00:00:00,000;"L006";"A10016";135;415;415;2024-09-09 00:00:00,000;2024-09-12 00:00:00,000;7579;2024-10-10 00:00:00,000
7596;2024-09-05 00:00:00,000;"L006";"A10016";50;344;344;2024-09-06 00:00:00,000;2024-09-12 00:00:00,000;7584;2024-10-10 00:00:00,000
7618;2024-09-06 00:00:00,000;"L006";"A10016";10;427;427;2024-09-09 00:00:00,000;2024-09-13 00:00:00,000;7602;2024-10-10 00:00:00,000
7629;2024-09-09 00:00:00,000;"L006";"A10016";110;387;387;2024-09-13 00:00:00,000;2024-09-18 00:00:00,000;7646;2024-10-17 00:00:00,000
7639;2024-09-10 00:00:00,000;"L006";"A10016";125;383;383;2024-09-12 00:00:00,000;2024-09-18 00:00:00,000;7647;2024-10-17 00:00:00,000
7684;2024-09-13 00:00:00,000;"L006";"A10016";40;339;339;2024-09-16 00:00:00,000;2024-09-17 00:00:00,000;7645;2024-10-17 00:00:00,000
7702;2024-09-17 00:00:00,000;"L006";"A10016";65;409;409;2024-09-20 00:00:00,000;2024-09-27 00:00:00,000;7744;2024-10-24 00:00:00,000
7718;2024-09-18 00:00:00,000;"L006";"A10016";40;385;385;2024-09-20 00:00:00,000;2024-09-26 00:00:00,000;7733;2024-10-24 00:00:00,000
7742;2024-09-19 00:00:00,000;"L006";"A10016";40;403;403;2024-09-23 00:00:00,000;2024-09-23 00:00:00,000;7699;2024-10-24 00:00:00,000
7761;2024-09-20 00:00:00,000;"L006";"A10016";20;346;346;2024-09-23 00:00:00,000;2024-09-23 00:00:00,000;7701;2024-10-24 00:00:00,000
7776;2024-09-23 00:00:00,000;"L006";"A10016";175;352;352;2024-09-25 00:00:00,000;2024-09-30 00:00:00,000;7779;2024-10-31 00:00:00,000
7804;2024-09-24 00:00:00,000;"L006";"A10016";85;442;442;2024-09-27 00:00:00,000;2024-10-02 00:00:00,000;7815;2024-10-31 00:00:00,000
7829;2024-09-25 00:00:00,000;"L006";"A10016";175;346;346;2024-09-30 00:00:00,000;2024-10-04 00:00:00,000;7849;2024-10-31 00:00:00,000
7847;2024-09-26 00:00:00,000;"L006";"A10016";155;384;384;2024-09-30 00:00:00,000;2024-10-03 00:00:00,000;7839;2024-10-31 00:00:00,000
7864;2024-09-27 00:00:00,000;"L006";"A10016";105;41;41;2024-10-01 00:00:00,000;2024-10-07 00:00:00,000;7870;2024-11-07 00:00:00,000
7873;2024-09-30 00:00:00,000;"L006";"A10016";70;438;438;2024-10-02 00:00:00,000;2024-10-04 00:00:00,000;7859;2024-10-31 00:00:00,000
7888;2024-10-01 00:00:00,000;"L006";"A10016";250;384;384;2024-10-07 00:00:00,000;2024-10-10 00:00:00,000;7913;2024-11-07 00:00:00,000
7916;2024-10-02 00:00:00,000;"L006";"A10016";365;409;409;2024-10-04 00:00:00,000;2024-10-09 00:00:00,000;7903;2024-11-07 00:00:00,000
7941;2024-10-03 00:00:00,000;"L006";"A10016";40;388;388;2024-10-07 00:00:00,000;2024-10-14 00:00:00,000;7945;2024-11-14 00:00:00,000
7959;2024-10-07 00:00:00,000;"L006";"A10016";20;356;356;2024-10-09 00:00:00,000;2024-10-15 00:00:00,000;7971;2024-11-14 00:00:00,000
7972;2024-10-08 00:00:00,000;"L006";"A10016";45;417;417;2024-10-14 00:00:00,000;2024-10-17 00:00:00,000;7992;2024-11-14 00:00:00,000
7981;2024-10-09 00:00:00,000;"L006";"A10016";85;352;352;2024-10-14 00:00:00,000;2024-10-14 00:00:00,000;7966;2024-11-14 00:00:00,000
7995;2024-10-10 00:00:00,000;"L006";"A10016";110;403;403;2024-10-14 00:00:00,000;2024-10-21 00:00:00,000;8009;2024-11-21 00:00:00,000
8013;2024-10-11 00:00:00,000;"L006";"A10016";30;356;356;2024-10-16 00:00:00,000;2024-10-22 00:00:00,000;8044;2024-11-21 00:00:00,000
8028;2024-10-14 00:00:00,000;"L006";"A10016";220;409;409;2024-10-16 00:00:00,000;2024-10-21 00:00:00,000;8025;2024-11-21 00:00:00,000
8060;2024-10-16 00:00:00,000;"L006";"A10016";245;452;452;2024-10-18 00:00:00,000;2024-10-24 00:00:00,000;8081;2024-11-21 00:00:00,000
8087;2024-10-17 00:00:00,000;"L006";"A10016";245;411;411;2024-10-21 00:00:00,000;2024-10-24 00:00:00,000;8086;2024-11-21 00:00:00,000
8112;2024-10-18 00:00:00,000;"L006";"A10016";235;407;407;2024-10-22 00:00:00,000;2024-10-28 00:00:00,000;8123;2024-11-28 00:00:00,000
8135;2024-10-21 00:00:00,000;"L006";"A10016";90;406;406;2024-10-23 00:00:00,000;2024-10-28 00:00:00,000;8131;2024-11-28 00:00:00,000
8152;2024-10-22 00:00:00,000;"L006";"A10016";85;367;367;2024-10-28 00:00:00,000;2024-11-04 00:00:00,000;8193;2024-12-05 00:00:00,000
8165;2024-10-23 00:00:00,000;"L006";"A10016";40;405;405;2024-10-25 00:00:00,000;2024-10-29 00:00:00,000;8150;2024-11-28 00:00:00,000
8180;2024-10-24 00:00:00,000;"L006";"A10016";90;383;383;2024-10-25 00:00:00,000;2024-10-29 00:00:00,000;8153;2024-11-28 00:00:00,000
8229;2024-10-30 00:00:00,000;"L006";"A10016";40;444;444;2024-11-04 00:00:00,000;2024-11-06 00:00:00,000;8226;2024-12-05 00:00:00,000
8250;2024-10-31 00:00:00,000;"L006";"A10016";130;338;338;2024-11-04 00:00:00,000;2024-11-05 00:00:00,000;8221;2024-12-05 00:00:00,000
8286;2024-11-05 00:00:00,000;"L006";"A10016";130;405;405;2024-11-11 00:00:00,000;2024-11-11 00:00:00,000;8277;2024-12-12 00:00:00,000
8323;2024-11-07 00:00:00,000;"L006";"A10016";20;337;337;2024-11-11 00:00:00,000;2024-11-18 00:00:00,000;8342;2024-12-19 00:00:00,000
8336;2024-11-08 00:00:00,000;"L006";"A10016";140;389;389;2024-11-11 00:00:00,000;2024-11-14 00:00:00,000;8320;2024-12-12 00:00:00,000
8354;2024-11-11 00:00:00,000;"L006";"A10016";200;366;366;2024-11-13 00:00:00,000;2024-11-18 00:00:00,000;8350;2024-12-19 00:00:00,000
8375;2024-11-12 00:00:00,000;"L006";"A10016";45;423;423;2024-11-15 00:00:00,000;2024-11-20 00:00:00,000;8389;2024-12-19 00:00:00,000
8390;2024-11-13 00:00:00,000;"L006";"A10016";165;385;385;2024-11-15 00:00:00,000;2024-11-20 00:00:00,000;8393;2024-12-19 00:00:00,000
8407;2024-11-14 00:00:00,000;"L006";"A10016";205;35;35;2024-11-18 00:00:00,000;2024-11-21 00:00:00,000;8405;2024-12-19 00:00:00,000
8418;2024-11-15 00:00:00,000;"L006";"A10016";65;409;409;2024-11-18 00:00:00,000;2024-11-22 00:00:00,000;8414;2024-12-19 00:00:00,000
8428;2024-11-18 00:00:00,000;"L006";"A10016";170;381;381;2024-11-20 00:00:00,000;2024-11-25 00:00:00,000;8424;1900-01-01 00:00:00,000
8439;2024-11-19 00:00:00,000;"L006";"A10016";15;435;435;2024-11-20 00:00:00,000;2024-11-25 00:00:00,000;8429;1900-01-01 00:00:00,000
8455;2024-11-20 00:00:00,000;"L006";"A10016";315;41;41;2024-11-25 00:00:00,000;2024-11-26 00:00:00,000;8445;1900-01-01 00:00:00,000
8476;2024-11-21 00:00:00,000;"L006";"A10016";195;404;404;2024-11-25 00:00:00,000;2024-11-29 00:00:00,000;8480;1900-01-01 00:00:00,000
8500;2024-11-22 00:00:00,000;"L006";"A10016";55;345;345;2024-11-25 00:00:00,000;2024-11-29 00:00:00,000;8489;1900-01-01 00:00:00,000
8521;2024-11-25 00:00:00,000;"L006";"A10016";75;407;407;2024-11-27 00:00:00,000;2024-12-03 00:00:00,000;8536;1900-01-01 00:00:00,000
8540;2024-11-26 00:00:00,000;"L006";"A10016";155;389;389;2024-11-28 00:00:00,000;2024-12-05 00:00:00,000;8566;1900-01-01 00:00:00,000
8566;2024-11-27 00:00:00,000;"L006";"A10016";180;409;409;2024-12-02 00:00:00,000;2024-12-09 00:00:00,000;8599;1900-01-01 00:00:00,000
8587;2024-11-28 00:00:00,000;"L006";"A10016";145;341;341;2024-11-29 00:00:00,000;2024-12-05 00:00:00,000;8576;1900-01-01 00:00:00,000
8615;2024-12-02 00:00:00,000;"L006";"A10016";70;424;424;2024-12-03 00:00:00,000;2024-12-09 00:00:00,000;8615;1900-01-01 00:00:00,000
8628;2024-12-03 00:00:00,000;"L006";"A10016";130;385;385;2024-12-04 00:00:00,000;2024-12-10 00:00:00,000;8639;1900-01-01 00:00:00,000
8653;2024-12-04 00:00:00,000;"L006";"A10016";105;384;384;2024-12-05 00:00:00,000;2024-12-09 00:00:00,000;8628;1900-01-01 00:00:00,000
8670;2024-12-05 00:00:00,000;"L006";"A10016";35;369;369;2024-12-09 00:00:00,000;2024-12-13 00:00:00,000;8684;1900-01-01 00:00:00,000
8689;2024-12-06 00:00:00,000;"L006";"A10016";45;384;384;2024-12-09 00:00:00,000;2024-12-16 00:00:00,000;8698;1900-01-01 00:00:00,000
8707;2024-12-09 00:00:00,000;"L006";"A10016";55;434;434;2024-12-13 00:00:00,000;2024-12-19 00:00:00,000;8741;1900-01-01 00:00:00,000
8725;2024-12-10 00:00:00,000;"L006";"A10016";55;406;406;2024-12-11 00:00:00,000;2024-12-17 00:00:00,000;8726;1900-01-01 00:00:00,000
8738;2024-12-11 00:00:00,000;"L006";"A10016";60;387;387;2024-12-12 00:00:00,000;2024-12-16 00:00:00,000;8717;1900-01-01 00:00:00,000
8760;2024-12-12 00:00:00,000;"L006";"A10016";55;415;415;2024-12-16 00:00:00,000;2024-12-20 00:00:00,000;8769;1900-01-01 00:00:00,000
8780;2024-12-13 00:00:00,000;"L006";"A10016";80;372;372;2024-12-16 00:00:00,000;2024-12-17 00:00:00,000;8735;1900-01-01 00:00:00,000
8805;2024-12-16 00:00:00,000;"L006";"A10016";25;361;361;2024-12-17 00:00:00,000;2024-12-24 00:00:00,000;8819;1900-01-01 00:00:00,000
8822;2024-12-17 00:00:00,000;"L006";"A10016";190;411;411;2024-12-23 00:00:00,000;2024-12-27 00:00:00,000;8840;1900-01-01 00:00:00,000
8877;2024-12-20 00:00:00,000;"L006";"A10016";155;406;406;2024-12-23 00:00:00,000;2024-12-27 00:00:00,000;8863;1900-01-01 00:00:00,000
8895;2024-12-23 00:00:00,000;"L006";"A10016";95;372;0;2024-12-30 00:00:00,000;1900-01-01 00:00:00,000;0;1900-01-01 00:00:00,000
8912;2024-12-24 00:00:00,000;"L006";"A10016";360;437;437;2024-12-27 00:00:00,000;2024-12-30 00:00:00,000;8901;1900-01-01 00:00:00,000
8939;2024-12-27 00:00:00,000;"L006";"A10016";110;337;0;2024-12-31 00:00:00,000;1900-01-01 00:00:00,000;0;1900-01-01 00:00:00,000
8962;2024-12-30 00:00:00,000;"L006";"A10016";135;415;0;1900-01-01 00:00:00,000;1900-01-01 00:00:00,000;0;1900-01-01 00:00:00,000
8979;2024-12-31 00:00:00,000;"L006";"A10016";80;38;0;1900-01-01 00:00:00,000;1900-01-01 00:00:00,000;0;1900-01-01 00:00:00,000
